ID	start	end	strand	phrog_id	phrog_category	phynteny_category	phynteny_score	phynteny_confidence	phage
EU418428.2_0	84	180	-	No_PHROG	unknown function	head and packaging	1.0891	0.1614	EU418428.2
EU418428.2_1	273	381	+	No_PHROG	unknown function	DNA, RNA and nucleotide metabolism	1.4309	0.1779	EU418428.2
EU418428.2_2	485	785	+	654	unknown function	DNA, RNA and nucleotide metabolism	3.5472	0.2116	EU418428.2
EU418428.2_3	800	986	+	3204	unknown function	moron, auxiliary metabolic gene and host takeover	8.0581	0.3600	EU418428.2
EU418428.2_4	1092	1383	+	654	unknown function	integration and excision	2.3029	0.2015	EU418428.2
EU418428.2_5	1382	1670	+	654	unknown function	integration and excision	1.2433	0.2083	EU418428.2
EU418428.2_6	1669	1963	+	654	unknown function	DNA, RNA and nucleotide metabolism	1.9740	0.2134	EU418428.2
EU418428.2_7	1966	2224	+	1099	DNA, RNA and nucleotide metabolism	NA	NA	NA	EU418428.2
EU418428.2_8	2301	2541	+	1099	DNA, RNA and nucleotide metabolism	NA	NA	NA	EU418428.2
EU418428.2_9	2551	2899	+	3522	unknown function	integration and excision	1.0230	0.1834	EU418428.2
EU418428.2_10	3107	3446	-	3077	unknown function	DNA, RNA and nucleotide metabolism	1.4618	0.2238	EU418428.2
EU418428.2_11	3424	3574	+	No_PHROG	unknown function	DNA, RNA and nucleotide metabolism	1.2102	0.2427	EU418428.2
EU418428.2_12	3597	3711	-	No_PHROG	unknown function	DNA, RNA and nucleotide metabolism	1.4639	0.2006	EU418428.2
EU418428.2_13	3757	4066	+	2601	unknown function	DNA, RNA and nucleotide metabolism	2.8145	0.2004	EU418428.2
EU418428.2_14	4084	4282	-	No_PHROG	unknown function	DNA, RNA and nucleotide metabolism	1.8761	0.2333	EU418428.2
EU418428.2_15	4271	4556	+	3164	unknown function	DNA, RNA and nucleotide metabolism	2.5426	0.1950	EU418428.2
EU418428.2_16	4630	4822	+	3388	other	NA	NA	NA	EU418428.2
EU418428.2_17	4808	4904	+	No_PHROG	unknown function	DNA, RNA and nucleotide metabolism	1.0298	0.1727	EU418428.2
EU418428.2_18	4930	5071	+	No_PHROG	unknown function	DNA, RNA and nucleotide metabolism	2.6395	0.1608	EU418428.2
EU418428.2_19	5138	5627	-	59	DNA, RNA and nucleotide metabolism	NA	NA	NA	EU418428.2
EU418428.2_20	5785	5953	+	3325	other	NA	NA	NA	EU418428.2
EU418428.2_21	6022	6154	+	3837	unknown function	DNA, RNA and nucleotide metabolism	2.6402	0.1762	EU418428.2
EU418428.2_22	6321	6645	+	3276	unknown function	DNA, RNA and nucleotide metabolism	1.3749	0.2237	EU418428.2
EU418428.2_23	6744	6981	+	3480	unknown function	integration and excision	1.0742	0.1756	EU418428.2
EU418428.2_24	7060	7531	+	2543	unknown function	DNA, RNA and nucleotide metabolism	1.0222	0.2196	EU418428.2
EU418428.2_25	7589	7763	+	3789	unknown function	DNA, RNA and nucleotide metabolism	1.6028	0.1919	EU418428.2
EU418428.2_26	7762	8032	+	3549	unknown function	DNA, RNA and nucleotide metabolism	1.8088	0.1986	EU418428.2
EU418428.2_27	8116	8338	+	30315	unknown function	DNA, RNA and nucleotide metabolism	1.1404	0.1938	EU418428.2
EU418428.2_28	8411	8513	+	22992	unknown function	moron, auxiliary metabolic gene and host takeover	5.7332	0.2472	EU418428.2
EU418428.2_29	8528	8651	-	No_PHROG	unknown function	moron, auxiliary metabolic gene and host takeover	6.7466	0.2683	EU418428.2
EU418428.2_30	8634	8871	-	2884	unknown function	moron, auxiliary metabolic gene and host takeover	8.7186	0.4407	EU418428.2
EU418428.2_31	8870	9044	-	4355	unknown function	moron, auxiliary metabolic gene and host takeover	9.5621	0.7030	EU418428.2
EU418428.2_32	9050	9305	-	16296	unknown function	DNA, RNA and nucleotide metabolism	2.5469	0.2129	EU418428.2
EU418428.2_33	9307	9499	-	4249	unknown function	moron, auxiliary metabolic gene and host takeover	9.7017	0.7717	EU418428.2
EU418428.2_34	9495	9981	-	3619	unknown function	moron, auxiliary metabolic gene and host takeover	9.4421	0.6436	EU418428.2
EU418428.2_35	9973	10405	-	2349	unknown function	DNA, RNA and nucleotide metabolism	2.2207	0.1774	EU418428.2
EU418428.2_36	10418	10961	-	4045	unknown function	DNA, RNA and nucleotide metabolism	6.0988	0.2344	EU418428.2
EU418428.2_37	10972	11461	-	1017	unknown function	DNA, RNA and nucleotide metabolism	9.6604	0.7511	EU418428.2
EU418428.2_38	11473	11872	-	3857	unknown function	DNA, RNA and nucleotide metabolism	4.7750	0.2173	EU418428.2
EU418428.2_39	11868	12576	-	246	other	NA	NA	NA	EU418428.2
EU418428.2_40	12675	13230	-	2981	unknown function	DNA, RNA and nucleotide metabolism	1.6698	0.1828	EU418428.2
EU418428.2_41	13245	13563	-	4178	tail	NA	NA	NA	EU418428.2
EU418428.2_42	13631	13745	+	No_PHROG	unknown function	DNA, RNA and nucleotide metabolism	1.1877	0.1589	EU418428.2
EU418428.2_43	13753	13930	+	No_PHROG	unknown function	DNA, RNA and nucleotide metabolism	1.6451	0.1636	EU418428.2
EU418428.2_44	13926	14055	-	No_PHROG	unknown function	DNA, RNA and nucleotide metabolism	1.6213	0.1522	EU418428.2
EU418428.2_45	14132	14333	-	27748	unknown function	DNA, RNA and nucleotide metabolism	1.3077	0.1892	EU418428.2
EU418428.2_46	14332	14434	-	No_PHROG	unknown function	DNA, RNA and nucleotide metabolism	2.5015	0.1519	EU418428.2
EU418428.2_47	14548	15097	-	2948	unknown function	moron, auxiliary metabolic gene and host takeover	8.0454	0.3385	EU418428.2
EU418428.2_48	15100	15319	-	3686	unknown function	moron, auxiliary metabolic gene and host takeover	6.9456	0.2466	EU418428.2
EU418428.2_49	15319	15514	-	3950	unknown function	DNA, RNA and nucleotide metabolism	1.6934	0.2139	EU418428.2
EU418428.2_50	15503	16241	-	3464	DNA, RNA and nucleotide metabolism	NA	NA	NA	EU418428.2
EU418428.2_51	16303	16408	-	5230	unknown function	moron, auxiliary metabolic gene and host takeover	8.3634	0.3800	EU418428.2
EU418428.2_52	16419	16659	-	3697	unknown function	DNA, RNA and nucleotide metabolism	1.0121	0.2225	EU418428.2
EU418428.2_53	16660	17050	-	28554	other	NA	NA	NA	EU418428.2
EU418428.2_54	17148	17322	-	3504	other	NA	NA	NA	EU418428.2
EU418428.2_55	17362	17845	-	3319	unknown function	DNA, RNA and nucleotide metabolism	1.4790	0.2032	EU418428.2
EU418428.2_56	17894	18437	-	3635	unknown function	DNA, RNA and nucleotide metabolism	1.3360	0.1853	EU418428.2
EU418428.2_57	18436	18970	-	3702	unknown function	DNA, RNA and nucleotide metabolism	1.0361	0.2141	EU418428.2
EU418428.2_58	18972	19137	-	152	transcription regulation	NA	NA	NA	EU418428.2
EU418428.2_59	19139	19418	-	3751	moron, auxiliary metabolic gene and host takeover	NA	NA	NA	EU418428.2
EU418428.2_60	19417	20263	-	1909	head and packaging	NA	NA	NA	EU418428.2
EU418428.2_61	20274	21393	-	249	moron, auxiliary metabolic gene and host takeover	NA	NA	NA	EU418428.2
EU418428.2_62	21416	21518	-	No_PHROG	unknown function	DNA, RNA and nucleotide metabolism	2.0984	0.1604	EU418428.2
EU418428.2_63	21545	21872	-	2861	unknown function	DNA, RNA and nucleotide metabolism	1.2994	0.1872	EU418428.2
EU418428.2_64	21864	22281	-	2708	other	NA	NA	NA	EU418428.2
EU418428.2_65	22413	22716	-	715	other	NA	NA	NA	EU418428.2
EU418428.2_66	22715	22904	-	3048	unknown function	DNA, RNA and nucleotide metabolism	1.2415	0.2123	EU418428.2
EU418428.2_67	22947	23109	-	2966	unknown function	DNA, RNA and nucleotide metabolism	1.0532	0.2056	EU418428.2
EU418428.2_68	23108	25157	-	3200	unknown function	DNA, RNA and nucleotide metabolism	2.3430	0.1886	EU418428.2
EU418428.2_69	25234	25498	-	2811	head and packaging	NA	NA	NA	EU418428.2
EU418428.2_70	25514	25688	-	1274	lysis	NA	NA	NA	EU418428.2
EU418428.2_71	25694	26273	-	2642	unknown function	lysis	2.6487	0.3736	EU418428.2
EU418428.2_72	26265	26892	-	1817	DNA, RNA and nucleotide metabolism	NA	NA	NA	EU418428.2
EU418428.2_73	26884	27781	-	548	DNA, RNA and nucleotide metabolism	NA	NA	NA	EU418428.2
EU418428.2_74	27780	28005	-	3093	unknown function	lysis	3.5377	0.2355	EU418428.2
EU418428.2_75	28073	28814	-	170	other	NA	NA	NA	EU418428.2
EU418428.2_76	28865	29480	-	2995	unknown function	DNA, RNA and nucleotide metabolism	2.2660	0.2232	EU418428.2
EU418428.2_77	29495	29921	-	531	DNA, RNA and nucleotide metabolism	NA	NA	NA	EU418428.2
EU418428.2_78	29910	30102	-	2706	unknown function	moron, auxiliary metabolic gene and host takeover	8.2778	0.3698	EU418428.2
EU418428.2_79	30124	30766	-	2896	unknown function	DNA, RNA and nucleotide metabolism	2.7267	0.2013	EU418428.2
EU418428.2_80	30755	30986	-	3	transcription regulation	NA	NA	NA	EU418428.2
EU418428.2_81	30988	31216	-	2770	unknown function	lysis	1.1812	0.2257	EU418428.2
EU418428.2_82	31325	32018	-	3310	other	NA	NA	NA	EU418428.2
EU418428.2_83	32207	32843	-	374	DNA, RNA and nucleotide metabolism	NA	NA	NA	EU418428.2
EU418428.2_84	32909	33701	-	200	other	NA	NA	NA	EU418428.2
EU418428.2_85	33700	34009	-	3667	unknown function	lysis	1.2573	0.2415	EU418428.2
EU418428.2_86	34121	34751	-	833	lysis	NA	NA	NA	EU418428.2
EU418428.2_87	34986	35076	-	No_PHROG	unknown function	DNA, RNA and nucleotide metabolism	1.3805	0.1680	EU418428.2
EU418428.2_88	35021	35522	-	59	DNA, RNA and nucleotide metabolism	NA	NA	NA	EU418428.2
EU418428.2_89	35614	35716	+	No_PHROG	unknown function	lysis	3.4782	0.1799	EU418428.2
EU418428.2_90	35681	36485	-	635	lysis	NA	NA	NA	EU418428.2
EU418428.2_91	36484	36988	-	962	lysis	NA	NA	NA	EU418428.2
EU418428.2_92	37072	37258	-	987	unknown function	DNA, RNA and nucleotide metabolism	3.0000	0.1916	EU418428.2
EU418428.2_93	37320	37449	+	No_PHROG	unknown function	moron, auxiliary metabolic gene and host takeover	7.3861	0.2767	EU418428.2
EU418428.2_94	37659	37764	+	No_PHROG	unknown function	moron, auxiliary metabolic gene and host takeover	8.9031	0.4800	EU418428.2
EU418428.2_95	37933	38056	-	No_PHROG	unknown function	moron, auxiliary metabolic gene and host takeover	8.8477	0.4672	EU418428.2
EU418428.2_96	38446	38554	+	No_PHROG	unknown function	moron, auxiliary metabolic gene and host takeover	9.3641	0.6139	EU418428.2
EU418428.2_97	38554	38725	+	No_PHROG	unknown function	moron, auxiliary metabolic gene and host takeover	9.4698	0.6650	EU418428.2
EU418428.2_98	38804	39023	-	1257	moron, auxiliary metabolic gene and host takeover	NA	NA	NA	EU418428.2
EU418428.2_99	39136	39277	-	No_PHROG	unknown function	moron, auxiliary metabolic gene and host takeover	9.9020	0.9192	EU418428.2
EU418428.2_100	39500	39710	-	17190	head and packaging	NA	NA	NA	EU418428.2
EU418428.2_101	39722	40055	-	937	other	NA	NA	NA	EU418428.2
EU418428.2_102	40067	40394	-	1481	unknown function	head and packaging	1.9630	0.3474	EU418428.2
EU418428.2_103	40426	40693	-	4526	unknown function	moron, auxiliary metabolic gene and host takeover	9.8578	0.8913	EU418428.2
EU418428.2_104	40787	40880	-	No_PHROG	unknown function	head and packaging	1.5955	0.3664	EU418428.2
EU418428.2_105	40953	41220	+	3395	moron, auxiliary metabolic gene and host takeover	NA	NA	NA	EU418428.2
EU418428.2_106	41197	41476	+	1321	unknown function	head and packaging	5.6314	0.2807	EU418428.2
EU418428.2_107	41556	41883	+	1063	head and packaging	NA	NA	NA	EU418428.2
EU418428.2_108	41897	43715	+	675	head and packaging	NA	NA	NA	EU418428.2
EU418428.2_109	43707	44529	+	1917	head and packaging	NA	NA	NA	EU418428.2
EU418428.2_110	44599	44689	+	3863	unknown function	head and packaging	5.4214	0.2331	EU418428.2
EU418428.2_111	44685	45165	+	1116	moron, auxiliary metabolic gene and host takeover	NA	NA	NA	EU418428.2
EU418428.2_112	45257	46400	+	3094	unknown function	head and packaging	2.7588	0.2209	EU418428.2
EU418428.2_113	46485	46827	+	3937	unknown function	moron, auxiliary metabolic gene and host takeover	7.3224	0.3014	EU418428.2
EU418428.2_114	46904	47216	+	1108	head and packaging	NA	NA	NA	EU418428.2
EU418428.2_115	47219	48911	+	12	head and packaging	NA	NA	NA	EU418428.2
EU418428.2_116	49137	49878	+	1028	head and packaging	NA	NA	NA	EU418428.2
EU418428.2_117	49896	50853	+	1133	unknown function	head and packaging	9.1379	0.5391	EU418428.2
EU418428.2_118	50968	52360	+	752	head and packaging	NA	NA	NA	EU418428.2
EU418428.2_119	52451	52748	+	1205	unknown function	head and packaging	8.0208	0.3368	EU418428.2
EU418428.2_120	52760	53669	+	772	tail	NA	NA	NA	EU418428.2
EU418428.2_121	53682	54561	+	1004	head and packaging	NA	NA	NA	EU418428.2
EU418428.2_122	54560	55181	+	1127	connector	NA	NA	NA	EU418428.2
EU418428.2_123	55199	56036	+	1000	tail	NA	NA	NA	EU418428.2
EU418428.2_124	56037	56253	+	1151	unknown function	head and packaging	8.0867	0.3985	EU418428.2
EU418428.2_125	56279	58043	+	279	tail	NA	NA	NA	EU418428.2
EU418428.2_126	58115	58544	+	985	head and packaging	NA	NA	NA	EU418428.2
EU418428.2_127	58640	58781	+	2701	unknown function	head and packaging	7.0551	0.3146	EU418428.2
EU418428.2_128	58823	59282	+	1905	unknown function	head and packaging	4.4676	0.3099	EU418428.2
EU418428.2_129	59294	59489	+	4320	moron, auxiliary metabolic gene and host takeover	NA	NA	NA	EU418428.2
EU418428.2_130	59570	59882	+	2754	head and packaging	NA	NA	NA	EU418428.2
EU418428.2_131	60013	60472	+	1038	tail	NA	NA	NA	EU418428.2
EU418428.2_132	60515	61052	+	1316	DNA, RNA and nucleotide metabolism	NA	NA	NA	EU418428.2
EU418428.2_133	61104	65163	+	1047	tail	NA	NA	NA	EU418428.2
EU418428.2_134	65241	67668	+	1015	tail	NA	NA	NA	EU418428.2
EU418428.2_135	67681	68569	+	2677	tail	NA	NA	NA	EU418428.2
EU418428.2_136	68568	71115	+	2204	other	NA	NA	NA	EU418428.2
EU418428.2_137	71221	72013	+	1011	head and packaging	NA	NA	NA	EU418428.2
EU418428.2_138	72012	72537	+	1073	unknown function	head and packaging	5.6422	0.2592	EU418428.2
EU418428.2_139	72536	73241	+	975	tail	NA	NA	NA	EU418428.2
EU418428.2_140	73255	74302	+	6	tail	NA	NA	NA	EU418428.2
EU418428.2_141	74322	77382	+	2386	head and packaging	NA	NA	NA	EU418428.2
EU418428.2_142	77492	78014	+	1394	head and packaging	NA	NA	NA	EU418428.2
EU418428.2_143	78034	81493	+	25864	tail	NA	NA	NA	EU418428.2
EU418428.2_144	81541	81700	+	1074	unknown function	head and packaging	2.5906	0.2513	EU418428.2
EU418428.2_145	81700	83623	+	2665	head and packaging	NA	NA	NA	EU418428.2
EU418428.2_146	83645	84020	+	2671	tail	NA	NA	NA	EU418428.2
EU418428.2_147	84026	85403	+	2691	tail	NA	NA	NA	EU418428.2
EU418428.2_148	85494	87243	+	16	DNA, RNA and nucleotide metabolism	NA	NA	NA	EU418428.2
EU418428.2_149	87254	88868	+	1098	DNA, RNA and nucleotide metabolism	NA	NA	NA	EU418428.2
EU418428.2_150	88860	90303	+	19	DNA, RNA and nucleotide metabolism	NA	NA	NA	EU418428.2
EU418428.2_151	90381	91419	+	100	DNA, RNA and nucleotide metabolism	NA	NA	NA	EU418428.2
EU418428.2_152	91418	91796	+	2773	unknown function	moron, auxiliary metabolic gene and host takeover	8.8555	0.4678	EU418428.2
EU418428.2_153	91795	93715	+	77	DNA, RNA and nucleotide metabolism	NA	NA	NA	EU418428.2
EU418428.2_154	93714	94311	+	1070	moron, auxiliary metabolic gene and host takeover	NA	NA	NA	EU418428.2
EU418428.2_155	94325	95393	+	47	DNA, RNA and nucleotide metabolism	NA	NA	NA	EU418428.2
EU418428.2_156	95459	95798	+	1291	unknown function	moron, auxiliary metabolic gene and host takeover	8.3898	0.3833	EU418428.2
EU418428.2_157	95797	96250	+	1095	head and packaging	NA	NA	NA	EU418428.2
EU418428.2_158	96236	96845	+	244	DNA, RNA and nucleotide metabolism	NA	NA	NA	EU418428.2
EU418428.2_159	96861	97254	+	883	moron, auxiliary metabolic gene and host takeover	NA	NA	NA	EU418428.2
EU418428.2_160	97268	99383	+	84	DNA, RNA and nucleotide metabolism	NA	NA	NA	EU418428.2
EU418428.2_161	99396	100446	+	86	DNA, RNA and nucleotide metabolism	NA	NA	NA	EU418428.2
EU418428.2_162	100463	100793	+	2797	unknown function	moron, auxiliary metabolic gene and host takeover	7.2001	0.2903	EU418428.2
EU418428.2_163	100776	101097	+	22	DNA, RNA and nucleotide metabolism	NA	NA	NA	EU418428.2
EU418428.2_164	101125	101233	-	No_PHROG	unknown function	moron, auxiliary metabolic gene and host takeover	9.7130	0.7853	EU418428.2
EU418428.2_165	101303	101900	+	15477	other	NA	NA	NA	EU418428.2
EU418428.2_166	101909	102215	+	379	DNA, RNA and nucleotide metabolism	NA	NA	NA	EU418428.2
EU418428.2_167	102290	103163	+	4008	DNA, RNA and nucleotide metabolism	NA	NA	NA	EU418428.2
EU418428.2_168	103328	103841	+	2340	DNA, RNA and nucleotide metabolism	NA	NA	NA	EU418428.2
EU418428.2_169	103976	105320	+	17	DNA, RNA and nucleotide metabolism	NA	NA	NA	EU418428.2
EU418428.2_170	105385	105481	+	No_PHROG	unknown function	DNA, RNA and nucleotide metabolism	1.8764	0.2306	EU418428.2
EU418428.2_171	105587	106295	+	59	DNA, RNA and nucleotide metabolism	NA	NA	NA	EU418428.2
EU418428.2_172	106355	106460	-	No_PHROG	unknown function	DNA, RNA and nucleotide metabolism	2.0214	0.2066	EU418428.2
EU418428.2_173	106528	107389	+	2573	DNA, RNA and nucleotide metabolism	NA	NA	NA	EU418428.2
EU418428.2_174	107457	107700	+	3621	unknown function	head and packaging	1.3073	0.1800	EU418428.2
EU418428.2_175	107716	108199	+	1069	DNA, RNA and nucleotide metabolism	NA	NA	NA	EU418428.2
EU418428.2_176	108285	109557	+	2672	DNA, RNA and nucleotide metabolism	NA	NA	NA	EU418428.2
EU418428.2_177	109616	110873	+	97	other	NA	NA	NA	EU418428.2
EU418428.2_178	110876	111230	+	1089	unknown function	DNA, RNA and nucleotide metabolism	1.1724	0.2195	EU418428.2
EU418428.2_179	111216	111879	+	1025	transcription regulation	NA	NA	NA	EU418428.2
EU418428.2_180	111884	111983	+	No_PHROG	unknown function	moron, auxiliary metabolic gene and host takeover	4.1017	0.2149	EU418428.2
EU418428.2_181	112006	112639	+	1240	other	NA	NA	NA	EU418428.2
EU418428.2_182	112652	113174	+	341	tail	NA	NA	NA	EU418428.2
EU418428.2_183	113188	113416	+	1696	tail	NA	NA	NA	EU418428.2
EU418428.2_184	113511	113772	+	2673	unknown function	head and packaging	2.8693	0.1905	EU418428.2
EU418428.2_185	113775	114531	+	1850	other	NA	NA	NA	EU418428.2
EU418428.2_186	114523	115774	+	284	DNA, RNA and nucleotide metabolism	NA	NA	NA	EU418428.2
EU418428.2_187	115787	116156	+	2892	unknown function	moron, auxiliary metabolic gene and host takeover	7.5639	0.3312	EU418428.2
EU418428.2_188	116142	116454	+	3644	unknown function	head and packaging	1.4746	0.2061	EU418428.2
EU418428.2_189	116517	117054	+	1080	unknown function	head and packaging	3.0046	0.2043	EU418428.2
EU418428.2_190	117046	117814	+	984	DNA, RNA and nucleotide metabolism	NA	NA	NA	EU418428.2
EU418428.2_191	117791	118238	+	2356	unknown function	head and packaging	3.5212	0.1853	EU418428.2
EU418428.2_192	118237	119101	+	1113	head and packaging	NA	NA	NA	EU418428.2
EU418428.2_193	119472	120204	+	1007	unknown function	head and packaging	6.3343	0.2773	EU418428.2
EU418428.2_194	120221	120680	+	1104	head and packaging	NA	NA	NA	EU418428.2
EU418428.2_195	120744	121188	+	1303	DNA, RNA and nucleotide metabolism	NA	NA	NA	EU418428.2
EU418428.2_196	121204	121909	+	2726	unknown function	head and packaging	1.5729	0.1657	EU418428.2
EU418428.2_197	121970	122369	+	2863	moron, auxiliary metabolic gene and host takeover	NA	NA	NA	EU418428.2
EU418428.2_198	122515	122758	+	3157	unknown function	head and packaging	1.4964	0.1753	EU418428.2
EU418428.2_199	122762	122927	+	6754	unknown function	moron, auxiliary metabolic gene and host takeover	5.6820	0.2003	EU418428.2
EU418428.2_200	122913	123093	+	7869	unknown function	head and packaging	1.1952	0.1855	EU418428.2
EU418428.2_201	123128	123305	+	3664	DNA, RNA and nucleotide metabolism	NA	NA	NA	EU418428.2
EU418428.2_202	123294	123828	+	3854	moron, auxiliary metabolic gene and host takeover	NA	NA	NA	EU418428.2
EU418428.2_203	123842	123986	+	4009	unknown function	moron, auxiliary metabolic gene and host takeover	9.1029	0.5293	EU418428.2
EU418428.2_204	123997	124174	+	3524	unknown function	moron, auxiliary metabolic gene and host takeover	6.4333	0.2609	EU418428.2
EU418428.2_205	124166	124463	+	3128	unknown function	moron, auxiliary metabolic gene and host takeover	6.2538	0.2244	EU418428.2
EU418428.2_206	124501	124693	+	3640	moron, auxiliary metabolic gene and host takeover	NA	NA	NA	EU418428.2
EU418428.2_207	124705	125074	+	3669	unknown function	moron, auxiliary metabolic gene and host takeover	7.8737	0.3462	EU418428.2
EU418428.2_208	125086	125434	+	2988	unknown function	moron, auxiliary metabolic gene and host takeover	5.8894	0.2329	EU418428.2
EU418428.2_209	125439	125712	+	3804	unknown function	moron, auxiliary metabolic gene and host takeover	9.5039	0.6729	EU418428.2
EU418428.2_210	125781	126087	+	3143	unknown function	DNA, RNA and nucleotide metabolism	1.1707	0.2142	EU418428.2
EU418428.2_211	126101	126452	+	3752	DNA, RNA and nucleotide metabolism	NA	NA	NA	EU418428.2
EU418428.2_212	126451	127054	+	4208	DNA, RNA and nucleotide metabolism	NA	NA	NA	EU418428.2
EU418428.2_213	127067	127247	+	3701	unknown function	moron, auxiliary metabolic gene and host takeover	7.6418	0.2982	EU418428.2
EU418428.2_214	127375	127474	+	No_PHROG	unknown function	moron, auxiliary metabolic gene and host takeover	8.9462	0.4877	EU418428.2
EU418428.2_215	127473	127875	+	1486	moron, auxiliary metabolic gene and host takeover	NA	NA	NA	EU418428.2
EU418428.2_216	127876	128170	+	5835	unknown function	moron, auxiliary metabolic gene and host takeover	8.7555	0.4825	EU418428.2
EU418428.2_217	128186	128474	+	1486	moron, auxiliary metabolic gene and host takeover	NA	NA	NA	EU418428.2
EU418428.2_218	128484	128601	+	4580	transcription regulation	NA	NA	NA	EU418428.2
EU418428.2_219	128590	128854	+	4584	other	NA	NA	NA	EU418428.2
EU418428.2_220	128930	129110	+	4743	unknown function	moron, auxiliary metabolic gene and host takeover	9.7634	0.8171	EU418428.2
EU418428.2_221	129122	129386	+	4418	unknown function	moron, auxiliary metabolic gene and host takeover	4.9635	0.2294	EU418428.2
EU418428.2_222	129388	129706	+	4081	unknown function	moron, auxiliary metabolic gene and host takeover	4.8900	0.2147	EU418428.2
EU418428.2_223	129706	130387	+	4650	unknown function	DNA, RNA and nucleotide metabolism	1.9730	0.2166	EU418428.2
EU418428.2_224	130475	130634	+	4430	moron, auxiliary metabolic gene and host takeover	NA	NA	NA	EU418428.2
EU418428.2_225	130668	130869	+	3453	unknown function	moron, auxiliary metabolic gene and host takeover	4.9911	0.2137	EU418428.2
EU418428.2_226	130869	131160	+	4096	unknown function	moron, auxiliary metabolic gene and host takeover	8.4913	0.3988	EU418428.2
EU418428.2_227	131251	131560	+	1099	DNA, RNA and nucleotide metabolism	NA	NA	NA	EU418428.2
EU418428.2_228	131556	132465	+	619	other	NA	NA	NA	EU418428.2
EU418428.2_229	132482	133952	+	448	other	NA	NA	NA	EU418428.2
EU418428.2_230	134030	134276	+	4028	unknown function	moron, auxiliary metabolic gene and host takeover	2.4439	0.3070	EU418428.2
EU418428.2_231	134295	134688	+	3847	unknown function	DNA, RNA and nucleotide metabolism	1.6187	0.2030	EU418428.2
EU418428.2_232	134689	134911	+	4340	unknown function	moron, auxiliary metabolic gene and host takeover	4.2867	0.3073	EU418428.2
EU418428.2_233	134975	135287	+	6716	other	NA	NA	NA	EU418428.2
EU418428.2_234	135289	135799	+	4855	lysis	NA	NA	NA	EU418428.2
EU418428.2_235	135800	136130	+	4637	unknown function	DNA, RNA and nucleotide metabolism	1.4955	0.1575	EU418428.2
EU418428.2_236	136135	136330	+	4983	unknown function	DNA, RNA and nucleotide metabolism	1.1507	0.1775	EU418428.2
EU418428.2_237	136353	136668	+	5741	unknown function	moron, auxiliary metabolic gene and host takeover	2.3452	0.1834	EU418428.2
EU418428.2_238	136682	136850	+	5729	unknown function	moron, auxiliary metabolic gene and host takeover	3.0244	0.1861	EU418428.2
EU418428.2_239	136886	136988	+	7862	unknown function	moron, auxiliary metabolic gene and host takeover	8.7777	0.4519	EU418428.2
EU418428.2_240	136962	137070	-	No_PHROG	unknown function	moron, auxiliary metabolic gene and host takeover	4.9741	0.1914	EU418428.2
EU418428.2_241	137171	137267	-	No_PHROG	unknown function	transcription regulation	6.2432	0.2102	EU418428.2
EU418428.2_242	137360	137468	+	No_PHROG	unknown function	moron, auxiliary metabolic gene and host takeover	5.0101	0.1917	EU418428.2
EU418428.2_243	137572	137872	+	654	unknown function	DNA, RNA and nucleotide metabolism	1.0481	0.1773	EU418428.2
EU418428.2_244	137887	138073	+	3204	unknown function	moron, auxiliary metabolic gene and host takeover	7.3545	0.3415	EU418428.2
EU418428.2_245	138179	138470	+	654	unknown function	DNA, RNA and nucleotide metabolism	1.0410	0.1800	EU418428.2
EU418428.2_246	138469	138757	+	654	unknown function	DNA, RNA and nucleotide metabolism	1.3463	0.2143	EU418428.2
EU418428.2_247	138756	139050	+	654	unknown function	DNA, RNA and nucleotide metabolism	1.4997	0.2001	EU418428.2
EU418428.2_248	139053	139311	+	1099	DNA, RNA and nucleotide metabolism	NA	NA	NA	EU418428.2
EU418428.2_249	139388	139628	+	1099	DNA, RNA and nucleotide metabolism	NA	NA	NA	EU418428.2
EU418428.2_250	139638	139986	+	3522	unknown function	integration and excision	1.3162	0.1885	EU418428.2
EU418428.2_251	140194	140533	-	3077	unknown function	DNA, RNA and nucleotide metabolism	1.2243	0.2213	EU418428.2
EU418428.2_252	140511	140661	+	No_PHROG	unknown function	moron, auxiliary metabolic gene and host takeover	6.4670	0.3175	EU418428.2
EU418428.2_253	140684	140798	-	No_PHROG	unknown function	moron, auxiliary metabolic gene and host takeover	5.9693	0.2892	EU418428.2
EU418428.2_254	140844	141153	+	2601	unknown function	DNA, RNA and nucleotide metabolism	1.9959	0.2111	EU418428.2
EU418428.2_255	141171	141369	-	No_PHROG	unknown function	moron, auxiliary metabolic gene and host takeover	6.6109	0.3168	EU418428.2
EU418428.2_256	141358	141643	+	3164	unknown function	DNA, RNA and nucleotide metabolism	1.8100	0.2033	EU418428.2
EU418428.2_257	141717	141909	+	3388	other	NA	NA	NA	EU418428.2
EU418428.2_258	141895	141991	+	No_PHROG	unknown function	moron, auxiliary metabolic gene and host takeover	4.7558	0.2608	EU418428.2
EU418428.2_259	142017	142158	+	No_PHROG	unknown function	DNA, RNA and nucleotide metabolism	1.5755	0.1790	EU418428.2
EU418428.2_260	142225	142714	-	59	DNA, RNA and nucleotide metabolism	NA	NA	NA	EU418428.2
EU418428.2_261	142872	143040	+	3325	other	NA	NA	NA	EU418428.2
EU418428.2_262	143109	143241	+	3837	unknown function	DNA, RNA and nucleotide metabolism	1.7844	0.1997	EU418428.2
EU418428.2_263	143408	143732	+	3276	unknown function	DNA, RNA and nucleotide metabolism	1.1989	0.2632	EU418428.2
EU418428.2_264	143831	144068	+	3480	unknown function	integration and excision	1.2400	0.1989	EU418428.2
EU418428.2_265	144147	144618	+	2543	unknown function	DNA, RNA and nucleotide metabolism	1.2961	0.2113	EU418428.2
EU418428.2_266	144676	144850	+	3789	unknown function	DNA, RNA and nucleotide metabolism	1.6373	0.1895	EU418428.2
EU418428.2_267	144849	145119	+	3549	unknown function	DNA, RNA and nucleotide metabolism	1.7980	0.1855	EU418428.2
EU418428.2_268	145203	145425	+	30315	unknown function	DNA, RNA and nucleotide metabolism	1.1682	0.1754	EU418428.2
EU418428.2_269	145416	145509	-	No_PHROG	unknown function	head and packaging	1.0909	0.1644	EU418428.2
KY779849.1_0	1	106	+	No_PHROG	unknown function	lysis	3.2143	0.2235	KY779849.1
KY779849.1_1	615	912	+	654	unknown function	moron, auxiliary metabolic gene and host takeover	3.5365	0.2725	KY779849.1
KY779849.1_2	923	1094	+	14278	moron, auxiliary metabolic gene and host takeover	NA	NA	NA	KY779849.1
KY779849.1_3	1107	1293	+	3204	unknown function	moron, auxiliary metabolic gene and host takeover	9.5002	0.6689	KY779849.1
KY779849.1_4	1400	1547	+	No_PHROG	unknown function	moron, auxiliary metabolic gene and host takeover	6.2551	0.2663	KY779849.1
KY779849.1_5	1561	1876	+	17712	unknown function	integration and excision	1.2136	0.1981	KY779849.1
KY779849.1_6	1888	2179	+	654	unknown function	integration and excision	2.9481	0.1989	KY779849.1
KY779849.1_7	2178	2466	+	654	unknown function	integration and excision	2.3263	0.2029	KY779849.1
KY779849.1_8	2465	2759	+	654	unknown function	DNA, RNA and nucleotide metabolism	1.8650	0.2008	KY779849.1
KY779849.1_9	2762	3011	+	1099	DNA, RNA and nucleotide metabolism	NA	NA	NA	KY779849.1
KY779849.1_10	3023	3263	+	1099	DNA, RNA and nucleotide metabolism	NA	NA	NA	KY779849.1
KY779849.1_11	3374	3614	+	1099	DNA, RNA and nucleotide metabolism	NA	NA	NA	KY779849.1
KY779849.1_12	3625	3970	+	3522	unknown function	integration and excision	1.7115	0.1843	KY779849.1
KY779849.1_13	4170	4509	-	3077	unknown function	DNA, RNA and nucleotide metabolism	1.3465	0.1817	KY779849.1
KY779849.1_14	4815	4950	-	No_PHROG	unknown function	DNA, RNA and nucleotide metabolism	1.2537	0.1886	KY779849.1
KY779849.1_15	5032	5143	-	No_PHROG	unknown function	moron, auxiliary metabolic gene and host takeover	7.2811	0.3513	KY779849.1
KY779849.1_16	5149	5281	-	No_PHROG	unknown function	DNA, RNA and nucleotide metabolism	2.0935	0.2135	KY779849.1
KY779849.1_17	5332	5620	+	3164	unknown function	DNA, RNA and nucleotide metabolism	1.9222	0.1917	KY779849.1
KY779849.1_18	5669	5861	+	3388	other	NA	NA	NA	KY779849.1
KY779849.1_19	6162	6267	+	No_PHROG	unknown function	moron, auxiliary metabolic gene and host takeover	6.3395	0.3042	KY779849.1
KY779849.1_20	6377	6536	+	3325	other	NA	NA	NA	KY779849.1
KY779849.1_21	6567	6681	-	No_PHROG	unknown function	moron, auxiliary metabolic gene and host takeover	4.6955	0.2226	KY779849.1
KY779849.1_22	6702	7026	+	3276	unknown function	DNA, RNA and nucleotide metabolism	1.1860	0.2310	KY779849.1
KY779849.1_23	7125	7506	+	19817	tail	NA	NA	NA	KY779849.1
KY779849.1_24	7601	7727	+	No_PHROG	unknown function	DNA, RNA and nucleotide metabolism	1.0490	0.2534	KY779849.1
KY779849.1_25	7693	7831	+	No_PHROG	unknown function	moron, auxiliary metabolic gene and host takeover	5.2142	0.2557	KY779849.1
KY779849.1_26	7919	8054	+	No_PHROG	unknown function	moron, auxiliary metabolic gene and host takeover	9.0793	0.5219	KY779849.1
KY779849.1_27	8061	8217	+	8721	unknown function	DNA, RNA and nucleotide metabolism	1.4313	0.2479	KY779849.1
KY779849.1_28	8236	8326	+	No_PHROG	unknown function	DNA, RNA and nucleotide metabolism	1.2553	0.2664	KY779849.1
KY779849.1_29	8339	8435	+	10435	unknown function	DNA, RNA and nucleotide metabolism	2.4400	0.1943	KY779849.1
KY779849.1_30	8505	8670	+	6946	unknown function	moron, auxiliary metabolic gene and host takeover	1.4382	0.2046	KY779849.1
KY779849.1_31	8760	8997	+	3480	unknown function	integration and excision	1.1945	0.1816	KY779849.1
KY779849.1_32	9076	9547	+	2543	unknown function	DNA, RNA and nucleotide metabolism	1.3100	0.2062	KY779849.1
KY779849.1_33	9617	9881	+	11460	unknown function	DNA, RNA and nucleotide metabolism	1.5575	0.2314	KY779849.1
KY779849.1_34	9884	10058	+	3789	unknown function	DNA, RNA and nucleotide metabolism	2.3343	0.1842	KY779849.1
KY779849.1_35	10057	10327	+	3549	unknown function	DNA, RNA and nucleotide metabolism	2.5168	0.1741	KY779849.1
KY779849.1_36	10411	10591	+	4863	DNA, RNA and nucleotide metabolism	NA	NA	NA	KY779849.1
KY779849.1_37	10683	10773	+	22992	unknown function	DNA, RNA and nucleotide metabolism	1.8469	0.2126	KY779849.1
KY779849.1_38	10897	11188	-	8073	unknown function	integration and excision	1.3129	0.1920	KY779849.1
KY779849.1_39	11276	11525	-	2884	unknown function	DNA, RNA and nucleotide metabolism	1.6064	0.2810	KY779849.1
KY779849.1_40	11538	11784	-	11889	unknown function	DNA, RNA and nucleotide metabolism	2.7964	0.2133	KY779849.1
KY779849.1_41	11796	12207	-	5770	unknown function	integration and excision	1.0415	0.1774	KY779849.1
KY779849.1_42	12206	12761	-	98	unknown function	moron, auxiliary metabolic gene and host takeover	8.7795	0.4532	KY779849.1
KY779849.1_43	12753	13008	-	4355	unknown function	moron, auxiliary metabolic gene and host takeover	7.9270	0.3258	KY779849.1
KY779849.1_44	13007	13199	-	4249	unknown function	moron, auxiliary metabolic gene and host takeover	9.7798	0.8245	KY779849.1
KY779849.1_45	13195	13681	-	3619	unknown function	moron, auxiliary metabolic gene and host takeover	9.4974	0.6666	KY779849.1
KY779849.1_46	13673	13928	-	15772	unknown function	DNA, RNA and nucleotide metabolism	1.8476	0.1855	KY779849.1
KY779849.1_47	13927	14389	-	19882	unknown function	integration and excision	2.7951	0.1763	KY779849.1
KY779849.1_48	14388	14823	-	2349	unknown function	integration and excision	4.2243	0.1857	KY779849.1
KY779849.1_49	14836	15379	-	4045	unknown function	DNA, RNA and nucleotide metabolism	4.8817	0.2180	KY779849.1
KY779849.1_50	15390	15879	-	16227	head and packaging	NA	NA	NA	KY779849.1
KY779849.1_51	15891	16296	-	3857	unknown function	DNA, RNA and nucleotide metabolism	3.3395	0.2174	KY779849.1
KY779849.1_52	16298	17000	-	246	other	NA	NA	NA	KY779849.1
KY779849.1_53	17089	18940	-	13015	head and packaging	NA	NA	NA	KY779849.1
KY779849.1_54	19010	19133	+	No_PHROG	unknown function	lysis	1.8463	0.1731	KY779849.1
KY779849.1_55	19134	19230	+	No_PHROG	unknown function	DNA, RNA and nucleotide metabolism	1.0889	0.1640	KY779849.1
KY779849.1_56	19223	19391	+	No_PHROG	unknown function	head and packaging	1.0506	0.1427	KY779849.1
KY779849.1_57	19622	19724	-	No_PHROG	unknown function	DNA, RNA and nucleotide metabolism	1.8936	0.1456	KY779849.1
KY779849.1_58	19838	20030	-	2948	unknown function	DNA, RNA and nucleotide metabolism	1.3518	0.1666	KY779849.1
KY779849.1_59	20049	20388	-	60404	unknown function	moron, auxiliary metabolic gene and host takeover	7.9649	0.3374	KY779849.1
KY779849.1_60	20391	20610	-	3686	unknown function	moron, auxiliary metabolic gene and host takeover	6.8769	0.2482	KY779849.1
KY779849.1_61	20610	20805	-	3950	unknown function	DNA, RNA and nucleotide metabolism	1.4082	0.2006	KY779849.1
KY779849.1_62	20794	21532	-	3464	DNA, RNA and nucleotide metabolism	NA	NA	NA	KY779849.1
KY779849.1_63	21594	21699	-	5230	unknown function	moron, auxiliary metabolic gene and host takeover	7.5257	0.2880	KY779849.1
KY779849.1_64	21710	21950	-	3697	unknown function	DNA, RNA and nucleotide metabolism	1.6777	0.2099	KY779849.1
KY779849.1_65	21951	22338	-	2164	unknown function	moron, auxiliary metabolic gene and host takeover	6.4591	0.2728	KY779849.1
KY779849.1_66	22433	22607	-	3504	other	NA	NA	NA	KY779849.1
KY779849.1_67	22631	23132	-	3319	unknown function	integration and excision	1.0345	0.1698	KY779849.1
KY779849.1_68	23181	23724	-	3635	unknown function	DNA, RNA and nucleotide metabolism	1.2820	0.1846	KY779849.1
KY779849.1_69	23723	24254	-	3702	unknown function	DNA, RNA and nucleotide metabolism	1.2823	0.1884	KY779849.1
KY779849.1_70	24256	24421	-	152	transcription regulation	NA	NA	NA	KY779849.1
KY779849.1_71	24423	24702	-	3751	moron, auxiliary metabolic gene and host takeover	NA	NA	NA	KY779849.1
KY779849.1_72	24701	25547	-	1909	head and packaging	NA	NA	NA	KY779849.1
KY779849.1_73	25559	26678	-	249	moron, auxiliary metabolic gene and host takeover	NA	NA	NA	KY779849.1
KY779849.1_74	26698	26794	+	No_PHROG	unknown function	DNA, RNA and nucleotide metabolism	2.0107	0.1878	KY779849.1
KY779849.1_75	26830	27172	-	2861	unknown function	DNA, RNA and nucleotide metabolism	1.6152	0.1917	KY779849.1
KY779849.1_76	27149	27566	-	2708	other	NA	NA	NA	KY779849.1
KY779849.1_77	27697	28000	-	715	other	NA	NA	NA	KY779849.1
KY779849.1_78	27999	28188	-	3048	unknown function	DNA, RNA and nucleotide metabolism	1.9016	0.2230	KY779849.1
KY779849.1_79	28231	28393	-	2966	unknown function	DNA, RNA and nucleotide metabolism	1.4922	0.2144	KY779849.1
KY779849.1_80	28393	30445	-	3200	unknown function	integration and excision	1.0295	0.2087	KY779849.1
KY779849.1_81	30524	30788	-	2811	head and packaging	NA	NA	NA	KY779849.1
KY779849.1_82	30804	30978	-	1274	lysis	NA	NA	NA	KY779849.1
KY779849.1_83	30984	31563	-	2642	unknown function	lysis	2.9327	0.3481	KY779849.1
KY779849.1_84	31555	32182	-	1817	DNA, RNA and nucleotide metabolism	NA	NA	NA	KY779849.1
KY779849.1_85	32174	33068	-	548	DNA, RNA and nucleotide metabolism	NA	NA	NA	KY779849.1
KY779849.1_86	33071	33296	-	3093	unknown function	lysis	2.8057	0.2400	KY779849.1
KY779849.1_87	33363	34104	-	170	other	NA	NA	NA	KY779849.1
KY779849.1_88	34155	34770	-	2995	unknown function	DNA, RNA and nucleotide metabolism	3.6643	0.2484	KY779849.1
KY779849.1_89	34785	35211	-	531	DNA, RNA and nucleotide metabolism	NA	NA	NA	KY779849.1
KY779849.1_90	35200	35392	-	2706	unknown function	moron, auxiliary metabolic gene and host takeover	7.5199	0.3900	KY779849.1
KY779849.1_91	35414	36056	-	2896	unknown function	DNA, RNA and nucleotide metabolism	3.2529	0.2004	KY779849.1
KY779849.1_92	36045	36276	-	3	transcription regulation	NA	NA	NA	KY779849.1
KY779849.1_93	36278	36506	-	2770	unknown function	lysis	1.5303	0.2672	KY779849.1
KY779849.1_94	36614	37307	-	3310	other	NA	NA	NA	KY779849.1
KY779849.1_95	37503	38298	-	200	other	NA	NA	NA	KY779849.1
KY779849.1_96	38297	38606	-	3667	unknown function	lysis	2.3707	0.2636	KY779849.1
KY779849.1_97	38718	40206	-	635	lysis	NA	NA	NA	KY779849.1
KY779849.1_98	40205	40709	-	962	lysis	NA	NA	NA	KY779849.1
KY779849.1_99	40793	40979	-	987	unknown function	DNA, RNA and nucleotide metabolism	2.4899	0.2053	KY779849.1
KY779849.1_100	41041	41152	+	No_PHROG	unknown function	DNA, RNA and nucleotide metabolism	1.0266	0.2025	KY779849.1
KY779849.1_101	41376	41481	+	No_PHROG	unknown function	moron, auxiliary metabolic gene and host takeover	8.4321	0.3894	KY779849.1
KY779849.1_102	41649	41772	-	No_PHROG	unknown function	moron, auxiliary metabolic gene and host takeover	8.2982	0.3715	KY779849.1
KY779849.1_103	41886	41988	-	No_PHROG	unknown function	moron, auxiliary metabolic gene and host takeover	8.6833	0.4317	KY779849.1
KY779849.1_104	42163	42271	+	No_PHROG	unknown function	moron, auxiliary metabolic gene and host takeover	9.0610	0.5190	KY779849.1
KY779849.1_105	42255	42405	+	No_PHROG	unknown function	moron, auxiliary metabolic gene and host takeover	9.3207	0.5998	KY779849.1
KY779849.1_106	42521	42740	-	1257	moron, auxiliary metabolic gene and host takeover	NA	NA	NA	KY779849.1
KY779849.1_107	42916	43021	-	No_PHROG	unknown function	moron, auxiliary metabolic gene and host takeover	9.5610	0.7004	KY779849.1
KY779849.1_108	43004	43148	+	No_PHROG	unknown function	moron, auxiliary metabolic gene and host takeover	9.3494	0.6087	KY779849.1
KY779849.1_109	43220	43430	-	1215	unknown function	head and packaging	1.7084	0.2404	KY779849.1
KY779849.1_110	43442	43775	-	937	other	NA	NA	NA	KY779849.1
KY779849.1_111	43787	44114	-	1481	unknown function	head and packaging	1.1138	0.3057	KY779849.1
KY779849.1_112	44146	44413	-	4526	unknown function	moron, auxiliary metabolic gene and host takeover	9.9070	0.9385	KY779849.1
KY779849.1_113	44553	44940	+	3395	moron, auxiliary metabolic gene and host takeover	NA	NA	NA	KY779849.1
KY779849.1_114	44917	45196	+	1321	unknown function	head and packaging	2.9415	0.2707	KY779849.1
KY779849.1_115	45276	45603	+	1063	head and packaging	NA	NA	NA	KY779849.1
KY779849.1_116	45617	47435	+	675	head and packaging	NA	NA	NA	KY779849.1
KY779849.1_117	47427	48249	+	1917	head and packaging	NA	NA	NA	KY779849.1
KY779849.1_118	48319	48409	+	3863	unknown function	head and packaging	4.8748	0.2200	KY779849.1
KY779849.1_119	48405	48885	+	1116	moron, auxiliary metabolic gene and host takeover	NA	NA	NA	KY779849.1
KY779849.1_120	48977	50156	+	3094	unknown function	head and packaging	2.8324	0.2009	KY779849.1
KY779849.1_121	50239	50581	+	3937	unknown function	moron, auxiliary metabolic gene and host takeover	7.3271	0.2917	KY779849.1
KY779849.1_122	50658	50868	+	1108	head and packaging	NA	NA	NA	KY779849.1
KY779849.1_123	50851	50971	+	No_PHROG	unknown function	head and packaging	7.5966	0.2938	KY779849.1
KY779849.1_124	50974	52666	+	12	head and packaging	NA	NA	NA	KY779849.1
KY779849.1_125	52890	53307	+	87284	head and packaging	NA	NA	NA	KY779849.1
KY779849.1_126	53254	53632	+	1028	head and packaging	NA	NA	NA	KY779849.1
KY779849.1_127	53650	54610	+	1133	unknown function	head and packaging	8.7563	0.4495	KY779849.1
KY779849.1_128	54725	56117	+	752	head and packaging	NA	NA	NA	KY779849.1
KY779849.1_129	56207	56504	+	1205	unknown function	head and packaging	8.2205	0.3866	KY779849.1
KY779849.1_130	56516	57425	+	772	tail	NA	NA	NA	KY779849.1
KY779849.1_131	57438	58317	+	1004	head and packaging	NA	NA	NA	KY779849.1
KY779849.1_132	58316	58937	+	1127	connector	NA	NA	NA	KY779849.1
KY779849.1_133	58955	59792	+	1000	tail	NA	NA	NA	KY779849.1
KY779849.1_134	59793	60009	+	1151	unknown function	head and packaging	8.6292	0.4429	KY779849.1
KY779849.1_135	60035	61799	+	279	tail	NA	NA	NA	KY779849.1
KY779849.1_136	61871	62300	+	985	head and packaging	NA	NA	NA	KY779849.1
KY779849.1_137	62387	62546	+	8192	unknown function	head and packaging	7.7226	0.3244	KY779849.1
KY779849.1_138	62565	62676	+	2701	unknown function	head and packaging	6.3094	0.2938	KY779849.1
KY779849.1_139	62717	63170	+	1905	unknown function	head and packaging	3.7797	0.2641	KY779849.1
KY779849.1_140	63354	63453	-	No_PHROG	unknown function	head and packaging	1.5387	0.2959	KY779849.1
KY779849.1_141	63446	63758	+	2754	head and packaging	NA	NA	NA	KY779849.1
KY779849.1_142	63889	64348	+	1038	tail	NA	NA	NA	KY779849.1
KY779849.1_143	64391	64928	+	1316	DNA, RNA and nucleotide metabolism	NA	NA	NA	KY779849.1
KY779849.1_144	64979	69038	+	1047	tail	NA	NA	NA	KY779849.1
KY779849.1_145	69117	71544	+	1015	tail	NA	NA	NA	KY779849.1
KY779849.1_146	71557	72445	+	2677	tail	NA	NA	NA	KY779849.1
KY779849.1_147	72444	74991	+	2204	other	NA	NA	NA	KY779849.1
KY779849.1_148	75097	75889	+	1011	head and packaging	NA	NA	NA	KY779849.1
KY779849.1_149	75888	76413	+	1073	unknown function	connector	1.0716	0.2505	KY779849.1
KY779849.1_150	76412	77117	+	975	tail	NA	NA	NA	KY779849.1
KY779849.1_151	77131	78178	+	6	tail	NA	NA	NA	KY779849.1
KY779849.1_152	78198	81258	+	2386	head and packaging	NA	NA	NA	KY779849.1
KY779849.1_153	81368	81890	+	1394	head and packaging	NA	NA	NA	KY779849.1
KY779849.1_154	81910	85369	+	25864	tail	NA	NA	NA	KY779849.1
KY779849.1_155	85417	85576	+	1074	unknown function	head and packaging	2.1368	0.2565	KY779849.1
KY779849.1_156	85576	87496	+	2665	head and packaging	NA	NA	NA	KY779849.1
KY779849.1_157	87517	87889	+	2671	tail	NA	NA	NA	KY779849.1
KY779849.1_158	87895	89272	+	2691	tail	NA	NA	NA	KY779849.1
KY779849.1_159	89363	91112	+	16	DNA, RNA and nucleotide metabolism	NA	NA	NA	KY779849.1
KY779849.1_160	91123	92737	+	1098	DNA, RNA and nucleotide metabolism	NA	NA	NA	KY779849.1
KY779849.1_161	92729	94172	+	19	DNA, RNA and nucleotide metabolism	NA	NA	NA	KY779849.1
KY779849.1_162	94250	95276	+	100	DNA, RNA and nucleotide metabolism	NA	NA	NA	KY779849.1
KY779849.1_163	95275	95653	+	2773	unknown function	moron, auxiliary metabolic gene and host takeover	8.6506	0.4272	KY779849.1
KY779849.1_164	95652	97572	+	77	DNA, RNA and nucleotide metabolism	NA	NA	NA	KY779849.1
KY779849.1_165	97571	98168	+	1070	moron, auxiliary metabolic gene and host takeover	NA	NA	NA	KY779849.1
KY779849.1_166	98182	99250	+	47	DNA, RNA and nucleotide metabolism	NA	NA	NA	KY779849.1
KY779849.1_167	99314	99653	+	1291	unknown function	moron, auxiliary metabolic gene and host takeover	8.1770	0.3544	KY779849.1
KY779849.1_168	99652	100105	+	1095	head and packaging	NA	NA	NA	KY779849.1
KY779849.1_169	100091	100700	+	244	DNA, RNA and nucleotide metabolism	NA	NA	NA	KY779849.1
KY779849.1_170	100717	101110	+	883	moron, auxiliary metabolic gene and host takeover	NA	NA	NA	KY779849.1
KY779849.1_171	101124	103239	+	84	DNA, RNA and nucleotide metabolism	NA	NA	NA	KY779849.1
KY779849.1_172	103252	104302	+	86	DNA, RNA and nucleotide metabolism	NA	NA	NA	KY779849.1
KY779849.1_173	104319	104649	+	2797	unknown function	DNA, RNA and nucleotide metabolism	1.0602	0.2422	KY779849.1
KY779849.1_174	104632	104953	+	22	DNA, RNA and nucleotide metabolism	NA	NA	NA	KY779849.1
KY779849.1_175	105064	105172	+	No_PHROG	unknown function	moron, auxiliary metabolic gene and host takeover	9.1472	0.5433	KY779849.1
KY779849.1_176	105159	105756	+	15477	other	NA	NA	NA	KY779849.1
KY779849.1_177	105765	106071	+	379	DNA, RNA and nucleotide metabolism	NA	NA	NA	KY779849.1
KY779849.1_178	106146	109365	+	17	DNA, RNA and nucleotide metabolism	NA	NA	NA	KY779849.1
KY779849.1_179	109392	109677	+	3621	unknown function	DNA, RNA and nucleotide metabolism	2.1246	0.1957	KY779849.1
KY779849.1_180	109693	110176	+	1069	DNA, RNA and nucleotide metabolism	NA	NA	NA	KY779849.1
KY779849.1_181	110262	111534	+	2672	DNA, RNA and nucleotide metabolism	NA	NA	NA	KY779849.1
KY779849.1_182	111593	112850	+	97	other	NA	NA	NA	KY779849.1
KY779849.1_183	112853	113207	+	1089	unknown function	moron, auxiliary metabolic gene and host takeover	1.5782	0.2226	KY779849.1
KY779849.1_184	113193	113856	+	1025	transcription regulation	NA	NA	NA	KY779849.1
KY779849.1_185	113861	113960	+	No_PHROG	unknown function	moron, auxiliary metabolic gene and host takeover	4.0675	0.2239	KY779849.1
KY779849.1_186	113983	114616	+	1240	other	NA	NA	NA	KY779849.1
KY779849.1_187	114628	115150	+	341	tail	NA	NA	NA	KY779849.1
KY779849.1_188	115164	115392	+	1696	tail	NA	NA	NA	KY779849.1
KY779849.1_189	115486	115747	+	2673	unknown function	head and packaging	3.3106	0.1934	KY779849.1
KY779849.1_190	115750	116506	+	2721	unknown function	head and packaging	2.4647	0.2019	KY779849.1
KY779849.1_191	116498	117749	+	284	DNA, RNA and nucleotide metabolism	NA	NA	NA	KY779849.1
KY779849.1_192	117762	118131	+	2892	unknown function	moron, auxiliary metabolic gene and host takeover	8.2756	0.3679	KY779849.1
KY779849.1_193	118117	118429	+	3644	unknown function	head and packaging	1.1381	0.1922	KY779849.1
KY779849.1_194	118492	119029	+	1080	unknown function	head and packaging	2.1220	0.1867	KY779849.1
KY779849.1_195	119021	119789	+	984	DNA, RNA and nucleotide metabolism	NA	NA	NA	KY779849.1
KY779849.1_196	119766	119985	+	21462	unknown function	head and packaging	2.0892	0.1720	KY779849.1
KY779849.1_197	120006	120159	+	21462	unknown function	head and packaging	2.0880	0.1724	KY779849.1
KY779849.1_198	120211	121075	+	1113	head and packaging	NA	NA	NA	KY779849.1
KY779849.1_199	121446	122178	+	1007	unknown function	head and packaging	7.7040	0.3406	KY779849.1
KY779849.1_200	122195	122654	+	1104	head and packaging	NA	NA	NA	KY779849.1
KY779849.1_201	122718	123162	+	1303	DNA, RNA and nucleotide metabolism	NA	NA	NA	KY779849.1
KY779849.1_202	123178	123883	+	2726	unknown function	head and packaging	1.5512	0.1707	KY779849.1
KY779849.1_203	123944	124343	+	2863	moron, auxiliary metabolic gene and host takeover	NA	NA	NA	KY779849.1
KY779849.1_204	124488	124731	+	3157	unknown function	head and packaging	1.0242	0.1680	KY779849.1
KY779849.1_205	124735	125293	+	5958	head and packaging	NA	NA	NA	KY779849.1
KY779849.1_206	125328	125505	+	3664	DNA, RNA and nucleotide metabolism	NA	NA	NA	KY779849.1
KY779849.1_207	125494	125746	+	6867	unknown function	moron, auxiliary metabolic gene and host takeover	9.7096	0.7779	KY779849.1
KY779849.1_208	125738	125972	+	6850	unknown function	moron, auxiliary metabolic gene and host takeover	5.7400	0.2185	KY779849.1
KY779849.1_209	126051	126696	+	3854	moron, auxiliary metabolic gene and host takeover	NA	NA	NA	KY779849.1
KY779849.1_210	126711	126960	+	4009	unknown function	moron, auxiliary metabolic gene and host takeover	9.6928	0.7706	KY779849.1
KY779849.1_211	126971	127124	+	3524	unknown function	moron, auxiliary metabolic gene and host takeover	6.3544	0.2767	KY779849.1
KY779849.1_212	127141	127438	+	3128	unknown function	moron, auxiliary metabolic gene and host takeover	7.2379	0.2715	KY779849.1
KY779849.1_213	127485	127668	+	3640	moron, auxiliary metabolic gene and host takeover	NA	NA	NA	KY779849.1
KY779849.1_214	127680	128049	+	3669	unknown function	moron, auxiliary metabolic gene and host takeover	8.2425	0.3632	KY779849.1
KY779849.1_215	128061	128409	+	2988	unknown function	moron, auxiliary metabolic gene and host takeover	7.1809	0.2622	KY779849.1
KY779849.1_216	128408	128687	+	3804	unknown function	moron, auxiliary metabolic gene and host takeover	9.3811	0.6231	KY779849.1
KY779849.1_217	128756	129062	+	3143	unknown function	moron, auxiliary metabolic gene and host takeover	6.7099	0.2338	KY779849.1
KY779849.1_218	129076	129427	+	3752	DNA, RNA and nucleotide metabolism	NA	NA	NA	KY779849.1
KY779849.1_219	129426	130029	+	4208	DNA, RNA and nucleotide metabolism	NA	NA	NA	KY779849.1
KY779849.1_220	130042	130222	+	3701	unknown function	DNA, RNA and nucleotide metabolism	1.1006	0.2386	KY779849.1
KY779849.1_221	130184	130367	-	No_PHROG	unknown function	moron, auxiliary metabolic gene and host takeover	9.0111	0.5050	KY779849.1
KY779849.1_222	130446	130857	+	1486	moron, auxiliary metabolic gene and host takeover	NA	NA	NA	KY779849.1
KY779849.1_223	130858	131152	+	5835	unknown function	moron, auxiliary metabolic gene and host takeover	8.3840	0.4563	KY779849.1
KY779849.1_224	131168	131456	+	1486	moron, auxiliary metabolic gene and host takeover	NA	NA	NA	KY779849.1
KY779849.1_225	131466	131580	+	4580	transcription regulation	NA	NA	NA	KY779849.1
KY779849.1_226	131572	131842	+	4584	other	NA	NA	NA	KY779849.1
KY779849.1_227	131917	132223	+	654	unknown function	moron, auxiliary metabolic gene and host takeover	6.5953	0.2390	KY779849.1
KY779849.1_228	132222	132630	+	6562	unknown function	moron, auxiliary metabolic gene and host takeover	7.1567	0.2602	KY779849.1
KY779849.1_229	132640	132877	+	7553	transcription regulation	NA	NA	NA	KY779849.1
KY779849.1_230	132873	133401	+	547	other	NA	NA	NA	KY779849.1
KY779849.1_231	133381	133693	+	7962	unknown function	DNA, RNA and nucleotide metabolism	1.2668	0.2571	KY779849.1
KY779849.1_232	133738	133918	+	4743	unknown function	moron, auxiliary metabolic gene and host takeover	9.6659	0.7627	KY779849.1
KY779849.1_233	133932	134196	+	4418	unknown function	DNA, RNA and nucleotide metabolism	1.1570	0.2052	KY779849.1
KY779849.1_234	134198	134516	+	4081	unknown function	DNA, RNA and nucleotide metabolism	1.0890	0.1898	KY779849.1
KY779849.1_235	134516	135170	+	4650	unknown function	DNA, RNA and nucleotide metabolism	2.6669	0.2156	KY779849.1
KY779849.1_236	135247	135451	+	7235	DNA, RNA and nucleotide metabolism	NA	NA	NA	KY779849.1
KY779849.1_237	135466	135625	+	4430	moron, auxiliary metabolic gene and host takeover	NA	NA	NA	KY779849.1
KY779849.1_238	135640	135865	+	7618	unknown function	DNA, RNA and nucleotide metabolism	1.2740	0.1840	KY779849.1
KY779849.1_239	135877	136078	+	3453	unknown function	DNA, RNA and nucleotide metabolism	1.2355	0.1883	KY779849.1
KY779849.1_240	136078	136369	+	4096	unknown function	moron, auxiliary metabolic gene and host takeover	7.4032	0.3117	KY779849.1
KY779849.1_241	136461	136755	+	1099	DNA, RNA and nucleotide metabolism	NA	NA	NA	KY779849.1
KY779849.1_242	136751	137660	+	619	other	NA	NA	NA	KY779849.1
KY779849.1_243	137677	139147	+	448	other	NA	NA	NA	KY779849.1
KY779849.1_244	139225	139471	+	4028	unknown function	moron, auxiliary metabolic gene and host takeover	3.6949	0.2959	KY779849.1
KY779849.1_245	139490	139883	+	3847	unknown function	moron, auxiliary metabolic gene and host takeover	3.4601	0.1993	KY779849.1
KY779849.1_246	139884	140082	+	4340	unknown function	moron, auxiliary metabolic gene and host takeover	5.7271	0.2361	KY779849.1
KY779849.1_247	140147	140459	+	6716	other	NA	NA	NA	KY779849.1
KY779849.1_248	140464	140764	+	7070	unknown function	DNA, RNA and nucleotide metabolism	1.1300	0.1951	KY779849.1
KY779849.1_249	140763	141003	+	11635	unknown function	integration and excision	1.2760	0.1886	KY779849.1
KY779849.1_250	140992	141154	+	13028	unknown function	moron, auxiliary metabolic gene and host takeover	7.1995	0.2887	KY779849.1
KY779849.1_251	141150	141486	+	4637	unknown function	integration and excision	2.1507	0.1833	KY779849.1
KY779849.1_252	141485	141704	+	1411	unknown function	moron, auxiliary metabolic gene and host takeover	7.0655	0.2959	KY779849.1
KY779849.1_253	141741	142017	+	14594	unknown function	integration and excision	1.9856	0.1588	KY779849.1
KY779849.1_254	142078	142246	+	5729	unknown function	moron, auxiliary metabolic gene and host takeover	4.4338	0.2063	KY779849.1
KY779849.1_255	142282	142384	+	7862	unknown function	moron, auxiliary metabolic gene and host takeover	9.1123	0.5314	KY779849.1
MF398190.1_0	84	180	-	No_PHROG	unknown function	head and packaging	1.0774	0.1608	MF398190.1
MF398190.1_1	273	381	+	No_PHROG	unknown function	DNA, RNA and nucleotide metabolism	1.3315	0.1790	MF398190.1
MF398190.1_2	485	785	+	654	unknown function	DNA, RNA and nucleotide metabolism	3.4366	0.2103	MF398190.1
MF398190.1_3	800	986	+	3204	unknown function	moron, auxiliary metabolic gene and host takeover	8.0748	0.3680	MF398190.1
MF398190.1_4	1092	1383	+	654	unknown function	integration and excision	2.2503	0.2015	MF398190.1
MF398190.1_5	1382	1670	+	654	unknown function	DNA, RNA and nucleotide metabolism	2.2096	0.2063	MF398190.1
MF398190.1_6	1669	1963	+	654	unknown function	DNA, RNA and nucleotide metabolism	2.1928	0.2095	MF398190.1
MF398190.1_7	1966	2224	+	1099	DNA, RNA and nucleotide metabolism	NA	NA	NA	MF398190.1
MF398190.1_8	2301	2541	+	1099	DNA, RNA and nucleotide metabolism	NA	NA	NA	MF398190.1
MF398190.1_9	2551	2899	+	3522	unknown function	DNA, RNA and nucleotide metabolism	1.5866	0.1925	MF398190.1
MF398190.1_10	3107	3446	-	3077	unknown function	DNA, RNA and nucleotide metabolism	1.3345	0.2323	MF398190.1
MF398190.1_11	3424	3583	+	No_PHROG	unknown function	moron, auxiliary metabolic gene and host takeover	5.8122	0.3211	MF398190.1
MF398190.1_12	3596	3710	-	No_PHROG	unknown function	DNA, RNA and nucleotide metabolism	1.3281	0.2008	MF398190.1
MF398190.1_13	3756	4065	+	2601	unknown function	DNA, RNA and nucleotide metabolism	2.6651	0.1816	MF398190.1
MF398190.1_14	4083	4218	-	No_PHROG	unknown function	DNA, RNA and nucleotide metabolism	1.3838	0.1556	MF398190.1
MF398190.1_15	4270	4555	+	3164	unknown function	DNA, RNA and nucleotide metabolism	2.2114	0.1831	MF398190.1
MF398190.1_16	4629	4821	+	3388	other	NA	NA	NA	MF398190.1
MF398190.1_17	4807	4903	+	No_PHROG	unknown function	DNA, RNA and nucleotide metabolism	1.0184	0.1808	MF398190.1
MF398190.1_18	4929	5070	+	No_PHROG	unknown function	DNA, RNA and nucleotide metabolism	3.1290	0.1655	MF398190.1
MF398190.1_19	5137	5626	-	59	DNA, RNA and nucleotide metabolism	NA	NA	NA	MF398190.1
MF398190.1_20	5747	5891	-	No_PHROG	unknown function	DNA, RNA and nucleotide metabolism	1.4175	0.1873	MF398190.1
MF398190.1_21	5963	6059	-	No_PHROG	unknown function	moron, auxiliary metabolic gene and host takeover	5.6491	0.2824	MF398190.1
MF398190.1_22	6021	6153	+	3837	unknown function	DNA, RNA and nucleotide metabolism	2.1955	0.1804	MF398190.1
MF398190.1_23	6320	6644	+	3276	unknown function	DNA, RNA and nucleotide metabolism	1.1588	0.2273	MF398190.1
MF398190.1_24	6743	6980	+	3480	unknown function	integration and excision	1.2658	0.1769	MF398190.1
MF398190.1_25	7059	7530	+	2543	unknown function	moron, auxiliary metabolic gene and host takeover	7.3823	0.2769	MF398190.1
MF398190.1_26	7559	7685	+	7733	unknown function	DNA, RNA and nucleotide metabolism	1.8897	0.1978	MF398190.1
MF398190.1_27	7769	7949	+	4863	DNA, RNA and nucleotide metabolism	NA	NA	NA	MF398190.1
MF398190.1_28	8032	8134	+	22992	unknown function	moron, auxiliary metabolic gene and host takeover	5.5135	0.2194	MF398190.1
MF398190.1_29	8203	8299	-	No_PHROG	unknown function	moron, auxiliary metabolic gene and host takeover	5.9942	0.2486	MF398190.1
MF398190.1_30	8282	8519	-	2884	unknown function	moron, auxiliary metabolic gene and host takeover	7.4417	0.3189	MF398190.1
MF398190.1_31	8520	9006	-	7534	unknown function	DNA, RNA and nucleotide metabolism	1.2799	0.2511	MF398190.1
MF398190.1_32	9018	9426	-	5770	unknown function	moron, auxiliary metabolic gene and host takeover	9.0619	0.5181	MF398190.1
MF398190.1_33	9425	9857	-	4355	unknown function	moron, auxiliary metabolic gene and host takeover	8.5945	0.4171	MF398190.1
MF398190.1_34	9859	10051	-	4249	unknown function	moron, auxiliary metabolic gene and host takeover	9.6407	0.7420	MF398190.1
MF398190.1_35	10047	10533	-	3619	unknown function	moron, auxiliary metabolic gene and host takeover	9.4959	0.6660	MF398190.1
MF398190.1_36	10525	10957	-	2349	unknown function	DNA, RNA and nucleotide metabolism	2.0617	0.1759	MF398190.1
MF398190.1_37	10970	11513	-	4045	unknown function	DNA, RNA and nucleotide metabolism	5.9432	0.2459	MF398190.1
MF398190.1_38	11524	12013	-	1017	unknown function	DNA, RNA and nucleotide metabolism	9.6514	0.7524	MF398190.1
MF398190.1_39	12025	12424	-	3857	unknown function	DNA, RNA and nucleotide metabolism	4.4841	0.2019	MF398190.1
MF398190.1_40	12420	13128	-	246	other	NA	NA	NA	MF398190.1
MF398190.1_41	13227	13782	-	2981	unknown function	DNA, RNA and nucleotide metabolism	1.4202	0.1828	MF398190.1
MF398190.1_42	13797	14115	-	4178	tail	NA	NA	NA	MF398190.1
MF398190.1_43	14183	14297	+	No_PHROG	unknown function	DNA, RNA and nucleotide metabolism	1.1085	0.1609	MF398190.1
MF398190.1_44	14305	14482	+	No_PHROG	unknown function	DNA, RNA and nucleotide metabolism	1.4406	0.1626	MF398190.1
MF398190.1_45	14478	14607	-	No_PHROG	unknown function	DNA, RNA and nucleotide metabolism	1.3830	0.1526	MF398190.1
MF398190.1_46	14684	14885	-	27748	unknown function	DNA, RNA and nucleotide metabolism	1.1953	0.1838	MF398190.1
MF398190.1_47	14884	14986	-	No_PHROG	unknown function	DNA, RNA and nucleotide metabolism	2.1028	0.1560	MF398190.1
MF398190.1_48	15100	15649	-	2948	unknown function	moron, auxiliary metabolic gene and host takeover	7.7409	0.3068	MF398190.1
MF398190.1_49	15652	15871	-	3686	unknown function	moron, auxiliary metabolic gene and host takeover	7.4509	0.2818	MF398190.1
MF398190.1_50	15871	16066	-	3950	unknown function	DNA, RNA and nucleotide metabolism	1.5717	0.2054	MF398190.1
MF398190.1_51	16055	16793	-	3464	DNA, RNA and nucleotide metabolism	NA	NA	NA	MF398190.1
MF398190.1_52	16855	16960	-	5230	unknown function	moron, auxiliary metabolic gene and host takeover	7.7467	0.3080	MF398190.1
MF398190.1_53	16971	17211	-	3697	unknown function	DNA, RNA and nucleotide metabolism	1.0443	0.2119	MF398190.1
MF398190.1_54	17212	17602	-	28554	other	NA	NA	NA	MF398190.1
MF398190.1_55	17700	17874	-	3504	other	NA	NA	NA	MF398190.1
MF398190.1_56	17914	18397	-	3319	unknown function	DNA, RNA and nucleotide metabolism	1.4966	0.1984	MF398190.1
MF398190.1_57	18446	18989	-	3635	unknown function	DNA, RNA and nucleotide metabolism	1.2842	0.1829	MF398190.1
MF398190.1_58	18988	19522	-	3702	unknown function	DNA, RNA and nucleotide metabolism	1.0050	0.2138	MF398190.1
MF398190.1_59	19524	19689	-	152	transcription regulation	NA	NA	NA	MF398190.1
MF398190.1_60	19691	19967	-	3751	moron, auxiliary metabolic gene and host takeover	NA	NA	NA	MF398190.1
MF398190.1_61	19966	20812	-	1909	head and packaging	NA	NA	NA	MF398190.1
MF398190.1_62	20823	21942	-	249	moron, auxiliary metabolic gene and host takeover	NA	NA	NA	MF398190.1
MF398190.1_63	21957	22065	+	No_PHROG	unknown function	DNA, RNA and nucleotide metabolism	1.7355	0.1603	MF398190.1
MF398190.1_64	22095	22422	-	2861	unknown function	DNA, RNA and nucleotide metabolism	1.1721	0.1892	MF398190.1
MF398190.1_65	22414	22831	-	2708	other	NA	NA	NA	MF398190.1
MF398190.1_66	22964	23267	-	715	other	NA	NA	NA	MF398190.1
MF398190.1_67	23266	23455	-	3048	unknown function	DNA, RNA and nucleotide metabolism	1.1874	0.2125	MF398190.1
MF398190.1_68	23498	23660	-	2966	unknown function	DNA, RNA and nucleotide metabolism	1.0850	0.2017	MF398190.1
MF398190.1_69	23659	25708	-	3200	unknown function	DNA, RNA and nucleotide metabolism	2.6492	0.1988	MF398190.1
MF398190.1_70	25785	26049	-	2811	head and packaging	NA	NA	NA	MF398190.1
MF398190.1_71	26065	26239	-	1274	lysis	NA	NA	NA	MF398190.1
MF398190.1_72	26245	26824	-	2642	unknown function	lysis	2.5965	0.3763	MF398190.1
MF398190.1_73	26816	27443	-	1817	DNA, RNA and nucleotide metabolism	NA	NA	NA	MF398190.1
MF398190.1_74	27435	28332	-	548	DNA, RNA and nucleotide metabolism	NA	NA	NA	MF398190.1
MF398190.1_75	28331	28556	-	3093	unknown function	lysis	3.9830	0.2451	MF398190.1
MF398190.1_76	28624	29365	-	170	other	NA	NA	NA	MF398190.1
MF398190.1_77	29416	30031	-	2995	unknown function	DNA, RNA and nucleotide metabolism	2.3609	0.2288	MF398190.1
MF398190.1_78	30046	30472	-	531	DNA, RNA and nucleotide metabolism	NA	NA	NA	MF398190.1
MF398190.1_79	30461	30653	-	2706	unknown function	moron, auxiliary metabolic gene and host takeover	8.9153	0.4807	MF398190.1
MF398190.1_80	30675	31317	-	2896	unknown function	DNA, RNA and nucleotide metabolism	2.5200	0.2074	MF398190.1
MF398190.1_81	31306	31537	-	3	transcription regulation	NA	NA	NA	MF398190.1
MF398190.1_82	31539	31767	-	2770	unknown function	moron, auxiliary metabolic gene and host takeover	4.4594	0.2307	MF398190.1
MF398190.1_83	31876	32569	-	3310	other	NA	NA	NA	MF398190.1
MF398190.1_84	32755	33391	-	374	DNA, RNA and nucleotide metabolism	NA	NA	NA	MF398190.1
MF398190.1_85	33457	34249	-	200	other	NA	NA	NA	MF398190.1
MF398190.1_86	34248	34557	-	3667	unknown function	moron, auxiliary metabolic gene and host takeover	5.9547	0.2577	MF398190.1
MF398190.1_87	34669	35299	-	833	lysis	NA	NA	NA	MF398190.1
MF398190.1_88	35534	35624	-	No_PHROG	unknown function	DNA, RNA and nucleotide metabolism	1.1403	0.1693	MF398190.1
MF398190.1_89	35569	36070	-	59	DNA, RNA and nucleotide metabolism	NA	NA	NA	MF398190.1
MF398190.1_90	36162	36264	+	No_PHROG	unknown function	lysis	3.6030	0.1796	MF398190.1
MF398190.1_91	36229	37033	-	635	lysis	NA	NA	NA	MF398190.1
MF398190.1_92	37032	37536	-	962	lysis	NA	NA	NA	MF398190.1
MF398190.1_93	37620	37806	-	987	unknown function	DNA, RNA and nucleotide metabolism	3.1999	0.2087	MF398190.1
MF398190.1_94	37868	37997	+	No_PHROG	unknown function	moron, auxiliary metabolic gene and host takeover	7.1349	0.2587	MF398190.1
MF398190.1_95	38207	38312	+	No_PHROG	unknown function	moron, auxiliary metabolic gene and host takeover	8.7653	0.4507	MF398190.1
MF398190.1_96	38481	38604	-	No_PHROG	unknown function	moron, auxiliary metabolic gene and host takeover	8.7909	0.4553	MF398190.1
MF398190.1_97	38994	39102	+	No_PHROG	unknown function	moron, auxiliary metabolic gene and host takeover	9.3571	0.6116	MF398190.1
MF398190.1_98	39102	39273	+	No_PHROG	unknown function	moron, auxiliary metabolic gene and host takeover	9.2553	0.5748	MF398190.1
MF398190.1_99	39352	39571	-	1257	moron, auxiliary metabolic gene and host takeover	NA	NA	NA	MF398190.1
MF398190.1_100	40048	40258	-	17190	head and packaging	NA	NA	NA	MF398190.1
MF398190.1_101	40270	40603	-	937	other	NA	NA	NA	MF398190.1
MF398190.1_102	40615	40942	-	1481	unknown function	head and packaging	1.2886	0.3392	MF398190.1
MF398190.1_103	40974	41241	-	4526	unknown function	moron, auxiliary metabolic gene and host takeover	9.8770	0.9067	MF398190.1
MF398190.1_104	41335	41428	-	No_PHROG	unknown function	head and packaging	1.1090	0.3714	MF398190.1
MF398190.1_105	41501	41768	+	3395	moron, auxiliary metabolic gene and host takeover	NA	NA	NA	MF398190.1
MF398190.1_106	41745	42024	+	1321	unknown function	head and packaging	3.2764	0.2775	MF398190.1
MF398190.1_107	42104	42431	+	1063	head and packaging	NA	NA	NA	MF398190.1
MF398190.1_108	42535	42634	-	No_PHROG	unknown function	head and packaging	2.5015	0.3700	MF398190.1
MF398190.1_109	42936	43908	+	559	DNA, RNA and nucleotide metabolism	NA	NA	NA	MF398190.1
MF398190.1_110	44048	45596	+	675	head and packaging	NA	NA	NA	MF398190.1
MF398190.1_111	45588	46410	+	1917	head and packaging	NA	NA	NA	MF398190.1
MF398190.1_112	46480	46570	+	3863	unknown function	head and packaging	3.9295	0.2280	MF398190.1
MF398190.1_113	46566	47046	+	1116	moron, auxiliary metabolic gene and host takeover	NA	NA	NA	MF398190.1
MF398190.1_114	47138	48287	+	3094	unknown function	head and packaging	2.4208	0.2162	MF398190.1
MF398190.1_115	48429	48714	+	3937	unknown function	head and packaging	1.8701	0.2640	MF398190.1
MF398190.1_116	48791	49103	+	1108	head and packaging	NA	NA	NA	MF398190.1
MF398190.1_117	49106	50798	+	12	head and packaging	NA	NA	NA	MF398190.1
MF398190.1_118	51024	51765	+	1028	head and packaging	NA	NA	NA	MF398190.1
MF398190.1_119	51783	52740	+	1133	unknown function	head and packaging	9.3533	0.6088	MF398190.1
MF398190.1_120	52855	54247	+	752	head and packaging	NA	NA	NA	MF398190.1
MF398190.1_121	54338	54635	+	1205	unknown function	head and packaging	7.8360	0.3272	MF398190.1
MF398190.1_122	54647	55556	+	772	tail	NA	NA	NA	MF398190.1
MF398190.1_123	55569	56448	+	1004	head and packaging	NA	NA	NA	MF398190.1
MF398190.1_124	56447	57068	+	1127	connector	NA	NA	NA	MF398190.1
MF398190.1_125	57086	57923	+	1000	tail	NA	NA	NA	MF398190.1
MF398190.1_126	57924	58140	+	1151	unknown function	head and packaging	8.1995	0.3998	MF398190.1
MF398190.1_127	58166	59930	+	279	tail	NA	NA	NA	MF398190.1
MF398190.1_128	60002	60431	+	985	head and packaging	NA	NA	NA	MF398190.1
MF398190.1_129	60527	60668	+	2701	unknown function	head and packaging	7.0652	0.3143	MF398190.1
MF398190.1_130	60710	61169	+	1905	unknown function	head and packaging	4.5562	0.3264	MF398190.1
MF398190.1_131	61181	61376	+	4320	moron, auxiliary metabolic gene and host takeover	NA	NA	NA	MF398190.1
MF398190.1_132	61457	61769	+	2754	head and packaging	NA	NA	NA	MF398190.1
MF398190.1_133	61900	62359	+	1038	tail	NA	NA	NA	MF398190.1
MF398190.1_134	62402	62939	+	1316	DNA, RNA and nucleotide metabolism	NA	NA	NA	MF398190.1
MF398190.1_135	62991	67050	+	1047	tail	NA	NA	NA	MF398190.1
MF398190.1_136	67128	69555	+	1015	tail	NA	NA	NA	MF398190.1
MF398190.1_137	69568	70456	+	2677	tail	NA	NA	NA	MF398190.1
MF398190.1_138	70455	73002	+	2204	other	NA	NA	NA	MF398190.1
MF398190.1_139	73108	73900	+	1011	head and packaging	NA	NA	NA	MF398190.1
MF398190.1_140	73899	74424	+	1073	unknown function	head and packaging	5.7314	0.2985	MF398190.1
MF398190.1_141	74423	75128	+	975	tail	NA	NA	NA	MF398190.1
MF398190.1_142	75142	76189	+	6	tail	NA	NA	NA	MF398190.1
MF398190.1_143	76209	79269	+	2386	head and packaging	NA	NA	NA	MF398190.1
MF398190.1_144	79379	79901	+	1394	head and packaging	NA	NA	NA	MF398190.1
MF398190.1_145	79921	83380	+	25864	tail	NA	NA	NA	MF398190.1
MF398190.1_146	83428	83587	+	1074	unknown function	head and packaging	2.6311	0.2661	MF398190.1
MF398190.1_147	83587	85510	+	2665	head and packaging	NA	NA	NA	MF398190.1
MF398190.1_148	85532	85907	+	2671	tail	NA	NA	NA	MF398190.1
MF398190.1_149	85913	87290	+	2691	tail	NA	NA	NA	MF398190.1
MF398190.1_150	87381	89130	+	16	DNA, RNA and nucleotide metabolism	NA	NA	NA	MF398190.1
MF398190.1_151	89141	90755	+	1098	DNA, RNA and nucleotide metabolism	NA	NA	NA	MF398190.1
MF398190.1_152	90747	92190	+	19	DNA, RNA and nucleotide metabolism	NA	NA	NA	MF398190.1
MF398190.1_153	92268	93306	+	100	DNA, RNA and nucleotide metabolism	NA	NA	NA	MF398190.1
MF398190.1_154	93305	93683	+	2773	unknown function	moron, auxiliary metabolic gene and host takeover	8.6478	0.4264	MF398190.1
MF398190.1_155	93682	95602	+	77	DNA, RNA and nucleotide metabolism	NA	NA	NA	MF398190.1
MF398190.1_156	95601	96198	+	1070	moron, auxiliary metabolic gene and host takeover	NA	NA	NA	MF398190.1
MF398190.1_157	96212	97280	+	47	DNA, RNA and nucleotide metabolism	NA	NA	NA	MF398190.1
MF398190.1_158	97346	97685	+	1291	unknown function	moron, auxiliary metabolic gene and host takeover	8.4361	0.3902	MF398190.1
MF398190.1_159	97684	98137	+	1095	head and packaging	NA	NA	NA	MF398190.1
MF398190.1_160	98123	98732	+	244	DNA, RNA and nucleotide metabolism	NA	NA	NA	MF398190.1
MF398190.1_161	98748	99141	+	883	moron, auxiliary metabolic gene and host takeover	NA	NA	NA	MF398190.1
MF398190.1_162	99155	101270	+	84	DNA, RNA and nucleotide metabolism	NA	NA	NA	MF398190.1
MF398190.1_163	101283	102333	+	86	DNA, RNA and nucleotide metabolism	NA	NA	NA	MF398190.1
MF398190.1_164	102350	102680	+	2797	unknown function	moron, auxiliary metabolic gene and host takeover	7.5688	0.2917	MF398190.1
MF398190.1_165	102663	102984	+	22	DNA, RNA and nucleotide metabolism	NA	NA	NA	MF398190.1
MF398190.1_166	103012	103120	-	No_PHROG	unknown function	moron, auxiliary metabolic gene and host takeover	9.6903	0.7701	MF398190.1
MF398190.1_167	103190	103787	+	15477	other	NA	NA	NA	MF398190.1
MF398190.1_168	103796	104102	+	379	DNA, RNA and nucleotide metabolism	NA	NA	NA	MF398190.1
MF398190.1_169	104177	105050	+	4008	DNA, RNA and nucleotide metabolism	NA	NA	NA	MF398190.1
MF398190.1_170	105215	105728	+	2340	DNA, RNA and nucleotide metabolism	NA	NA	NA	MF398190.1
MF398190.1_171	105863	107207	+	17	DNA, RNA and nucleotide metabolism	NA	NA	NA	MF398190.1
MF398190.1_172	107272	107368	+	No_PHROG	unknown function	DNA, RNA and nucleotide metabolism	1.7717	0.2244	MF398190.1
MF398190.1_173	107474	108182	+	59	DNA, RNA and nucleotide metabolism	NA	NA	NA	MF398190.1
MF398190.1_174	108242	108347	-	No_PHROG	unknown function	DNA, RNA and nucleotide metabolism	1.9095	0.2092	MF398190.1
MF398190.1_175	108415	109276	+	2573	DNA, RNA and nucleotide metabolism	NA	NA	NA	MF398190.1
MF398190.1_176	109344	109587	+	3621	unknown function	head and packaging	1.1660	0.1784	MF398190.1
MF398190.1_177	109603	110086	+	1069	DNA, RNA and nucleotide metabolism	NA	NA	NA	MF398190.1
MF398190.1_178	110172	111444	+	2672	DNA, RNA and nucleotide metabolism	NA	NA	NA	MF398190.1
MF398190.1_179	111503	111728	+	8290	other	NA	NA	NA	MF398190.1
MF398190.1_180	112072	113041	+	4645	DNA, RNA and nucleotide metabolism	NA	NA	NA	MF398190.1
MF398190.1_181	113188	114136	+	97	other	NA	NA	NA	MF398190.1
MF398190.1_182	114139	114493	+	1089	unknown function	moron, auxiliary metabolic gene and host takeover	1.4055	0.2460	MF398190.1
MF398190.1_183	114479	115142	+	1025	transcription regulation	NA	NA	NA	MF398190.1
MF398190.1_184	115147	115246	+	No_PHROG	unknown function	moron, auxiliary metabolic gene and host takeover	4.7023	0.2353	MF398190.1
MF398190.1_185	115269	115902	+	1240	other	NA	NA	NA	MF398190.1
MF398190.1_186	115915	116146	+	1696	tail	NA	NA	NA	MF398190.1
MF398190.1_187	116241	116502	+	2673	unknown function	head and packaging	2.0645	0.1961	MF398190.1
MF398190.1_188	116505	117261	+	1850	other	NA	NA	NA	MF398190.1
MF398190.1_189	117253	118504	+	284	DNA, RNA and nucleotide metabolism	NA	NA	NA	MF398190.1
MF398190.1_190	118517	118886	+	2892	unknown function	moron, auxiliary metabolic gene and host takeover	8.5040	0.4016	MF398190.1
MF398190.1_191	118872	119184	+	3644	unknown function	head and packaging	1.0194	0.1922	MF398190.1
MF398190.1_192	119247	119784	+	1080	unknown function	head and packaging	1.9435	0.1883	MF398190.1
MF398190.1_193	119776	120544	+	984	DNA, RNA and nucleotide metabolism	NA	NA	NA	MF398190.1
MF398190.1_194	120521	120968	+	2356	unknown function	head and packaging	2.2986	0.1820	MF398190.1
MF398190.1_195	120967	121831	+	1113	head and packaging	NA	NA	NA	MF398190.1
MF398190.1_196	122202	122934	+	1007	unknown function	head and packaging	6.3966	0.2735	MF398190.1
MF398190.1_197	122951	123410	+	1104	head and packaging	NA	NA	NA	MF398190.1
MF398190.1_198	123474	123918	+	1303	DNA, RNA and nucleotide metabolism	NA	NA	NA	MF398190.1
MF398190.1_199	123934	124639	+	2726	unknown function	head and packaging	1.6064	0.1760	MF398190.1
MF398190.1_200	124700	125099	+	2863	moron, auxiliary metabolic gene and host takeover	NA	NA	NA	MF398190.1
MF398190.1_201	125245	125488	+	3157	unknown function	head and packaging	1.1917	0.1781	MF398190.1
MF398190.1_202	125492	125657	+	6754	unknown function	moron, auxiliary metabolic gene and host takeover	5.2937	0.2084	MF398190.1
MF398190.1_203	125643	125823	+	7869	unknown function	head and packaging	1.2345	0.1857	MF398190.1
MF398190.1_204	125858	126035	+	3664	DNA, RNA and nucleotide metabolism	NA	NA	NA	MF398190.1
MF398190.1_205	126024	126558	+	3854	moron, auxiliary metabolic gene and host takeover	NA	NA	NA	MF398190.1
MF398190.1_206	126572	126689	+	No_PHROG	unknown function	moron, auxiliary metabolic gene and host takeover	9.4326	0.6408	MF398190.1
MF398190.1_207	126713	126890	+	3524	unknown function	moron, auxiliary metabolic gene and host takeover	6.2280	0.2430	MF398190.1
MF398190.1_208	126882	127179	+	3128	unknown function	DNA, RNA and nucleotide metabolism	1.0958	0.2110	MF398190.1
MF398190.1_209	127226	127409	+	3640	moron, auxiliary metabolic gene and host takeover	NA	NA	NA	MF398190.1
MF398190.1_210	127421	127790	+	3669	unknown function	moron, auxiliary metabolic gene and host takeover	7.9361	0.3521	MF398190.1
MF398190.1_211	127802	128150	+	2988	unknown function	moron, auxiliary metabolic gene and host takeover	6.1065	0.2384	MF398190.1
MF398190.1_212	128155	128428	+	3804	unknown function	moron, auxiliary metabolic gene and host takeover	9.4376	0.6447	MF398190.1
MF398190.1_213	128497	128803	+	3143	unknown function	moron, auxiliary metabolic gene and host takeover	6.4344	0.2199	MF398190.1
MF398190.1_214	128817	129168	+	3752	DNA, RNA and nucleotide metabolism	NA	NA	NA	MF398190.1
MF398190.1_215	129167	129770	+	4208	DNA, RNA and nucleotide metabolism	NA	NA	NA	MF398190.1
MF398190.1_216	129783	129963	+	3701	unknown function	moron, auxiliary metabolic gene and host takeover	7.6379	0.2977	MF398190.1
MF398190.1_217	130091	130190	+	No_PHROG	unknown function	moron, auxiliary metabolic gene and host takeover	8.8977	0.4771	MF398190.1
MF398190.1_218	130189	130591	+	1486	moron, auxiliary metabolic gene and host takeover	NA	NA	NA	MF398190.1
MF398190.1_219	130592	130853	+	11913	unknown function	moron, auxiliary metabolic gene and host takeover	8.8794	0.4721	MF398190.1
MF398190.1_220	130904	131192	+	1486	moron, auxiliary metabolic gene and host takeover	NA	NA	NA	MF398190.1
MF398190.1_221	131202	131319	+	4580	transcription regulation	NA	NA	NA	MF398190.1
MF398190.1_222	131308	131572	+	4584	other	NA	NA	NA	MF398190.1
MF398190.1_223	131648	131828	+	4743	unknown function	moron, auxiliary metabolic gene and host takeover	9.7600	0.8170	MF398190.1
MF398190.1_224	131842	132106	+	4418	unknown function	moron, auxiliary metabolic gene and host takeover	4.7864	0.2236	MF398190.1
MF398190.1_225	132108	132426	+	4081	unknown function	moron, auxiliary metabolic gene and host takeover	5.2681	0.2239	MF398190.1
MF398190.1_226	132426	133107	+	4650	unknown function	DNA, RNA and nucleotide metabolism	2.2247	0.2257	MF398190.1
MF398190.1_227	133195	133354	+	4430	moron, auxiliary metabolic gene and host takeover	NA	NA	NA	MF398190.1
MF398190.1_228	133388	133589	+	3453	unknown function	moron, auxiliary metabolic gene and host takeover	5.3741	0.2133	MF398190.1
MF398190.1_229	133589	133880	+	4096	unknown function	moron, auxiliary metabolic gene and host takeover	8.6018	0.4172	MF398190.1
MF398190.1_230	133971	134280	+	1099	DNA, RNA and nucleotide metabolism	NA	NA	NA	MF398190.1
MF398190.1_231	134276	135185	+	619	other	NA	NA	NA	MF398190.1
MF398190.1_232	135202	136672	+	448	other	NA	NA	NA	MF398190.1
MF398190.1_233	136750	136996	+	4028	unknown function	moron, auxiliary metabolic gene and host takeover	3.2803	0.2632	MF398190.1
MF398190.1_234	137015	137408	+	3847	unknown function	DNA, RNA and nucleotide metabolism	1.4644	0.1955	MF398190.1
MF398190.1_235	137409	137631	+	4340	unknown function	DNA, RNA and nucleotide metabolism	1.0999	0.2269	MF398190.1
MF398190.1_236	137696	138008	+	6716	other	NA	NA	NA	MF398190.1
MF398190.1_237	138010	138520	+	4855	lysis	NA	NA	NA	MF398190.1
MF398190.1_238	138521	138851	+	4637	unknown function	DNA, RNA and nucleotide metabolism	1.4462	0.1596	MF398190.1
MF398190.1_239	138856	139051	+	4983	unknown function	moron, auxiliary metabolic gene and host takeover	1.3748	0.1927	MF398190.1
MF398190.1_240	139074	139389	+	5741	unknown function	moron, auxiliary metabolic gene and host takeover	1.7734	0.2061	MF398190.1
MF398190.1_241	139403	139571	+	5729	unknown function	moron, auxiliary metabolic gene and host takeover	2.7588	0.2045	MF398190.1
MF398190.1_242	139607	139709	+	7862	unknown function	moron, auxiliary metabolic gene and host takeover	8.5201	0.4335	MF398190.1
MF398190.1_243	139807	140017	+	No_PHROG	unknown function	moron, auxiliary metabolic gene and host takeover	5.5916	0.2807	MF398190.1
MF398190.1_244	140028	140121	+	No_PHROG	unknown function	DNA, RNA and nucleotide metabolism	6.6323	0.3117	MF398190.1
MF398190.1_245	140127	140232	+	No_PHROG	unknown function	DNA, RNA and nucleotide metabolism	1.9546	0.2094	MF398190.1
MF398190.1_246	140238	140487	+	24718	unknown function	moron, auxiliary metabolic gene and host takeover	3.5633	0.3086	MF398190.1
MF398190.1_247	140472	140568	-	No_PHROG	unknown function	transcription regulation	6.2530	0.2107	MF398190.1
MF398190.1_248	140661	140769	+	No_PHROG	unknown function	moron, auxiliary metabolic gene and host takeover	5.2543	0.2082	MF398190.1
MF398190.1_249	140873	141173	+	654	unknown function	DNA, RNA and nucleotide metabolism	1.0860	0.1812	MF398190.1
MF398190.1_250	141188	141374	+	3204	unknown function	moron, auxiliary metabolic gene and host takeover	8.0969	0.3866	MF398190.1
MF398190.1_251	141480	141771	+	654	unknown function	integration and excision	1.2658	0.1918	MF398190.1
MF398190.1_252	141770	142058	+	654	unknown function	DNA, RNA and nucleotide metabolism	1.0294	0.2300	MF398190.1
MF398190.1_253	142057	142351	+	654	unknown function	DNA, RNA and nucleotide metabolism	1.3105	0.2121	MF398190.1
MF398190.1_254	142354	142612	+	1099	DNA, RNA and nucleotide metabolism	NA	NA	NA	MF398190.1
MF398190.1_255	142689	142929	+	1099	DNA, RNA and nucleotide metabolism	NA	NA	NA	MF398190.1
MF398190.1_256	142939	143287	+	3522	unknown function	DNA, RNA and nucleotide metabolism	1.7554	0.1914	MF398190.1
MF398190.1_257	143495	143834	-	3077	unknown function	DNA, RNA and nucleotide metabolism	1.1609	0.2110	MF398190.1
MF398190.1_258	143812	143971	+	No_PHROG	unknown function	moron, auxiliary metabolic gene and host takeover	7.1286	0.3610	MF398190.1
MF398190.1_259	143984	144098	-	No_PHROG	unknown function	moron, auxiliary metabolic gene and host takeover	6.0311	0.2623	MF398190.1
MF398190.1_260	144144	144453	+	2601	unknown function	DNA, RNA and nucleotide metabolism	2.2075	0.1825	MF398190.1
MF398190.1_261	144471	144606	-	No_PHROG	unknown function	lysis	2.2644	0.1874	MF398190.1
MF398190.1_262	144658	144943	+	3164	unknown function	DNA, RNA and nucleotide metabolism	1.3446	0.1820	MF398190.1
MF398190.1_263	145017	145209	+	3388	other	NA	NA	NA	MF398190.1
MF398190.1_264	145195	145291	+	No_PHROG	unknown function	moron, auxiliary metabolic gene and host takeover	4.2758	0.2258	MF398190.1
MF398190.1_265	145317	145458	+	No_PHROG	unknown function	DNA, RNA and nucleotide metabolism	1.7332	0.1830	MF398190.1
MF398190.1_266	145525	146014	-	59	DNA, RNA and nucleotide metabolism	NA	NA	NA	MF398190.1
MF398190.1_267	146135	146279	-	No_PHROG	unknown function	moron, auxiliary metabolic gene and host takeover	5.5269	0.2272	MF398190.1
MF398190.1_268	146351	146447	-	No_PHROG	unknown function	moron, auxiliary metabolic gene and host takeover	6.0132	0.3130	MF398190.1
MF398190.1_269	146409	146541	+	3837	unknown function	DNA, RNA and nucleotide metabolism	1.5022	0.1936	MF398190.1
MF398190.1_270	146708	147032	+	3276	unknown function	DNA, RNA and nucleotide metabolism	1.3094	0.2419	MF398190.1
MF398190.1_271	147131	147368	+	3480	unknown function	integration and excision	1.5985	0.1832	MF398190.1
MF398190.1_272	147447	147918	+	2543	unknown function	integration and excision	1.0598	0.1765	MF398190.1
MF398190.1_273	147947	148073	+	7733	unknown function	integration and excision	1.3217	0.1578	MF398190.1
MF398190.1_274	148157	148337	+	4863	DNA, RNA and nucleotide metabolism	NA	NA	NA	MF398190.1
MH159197.1_0	91	355	-	2811	head and packaging	NA	NA	NA	MH159197.1
MH159197.1_1	371	545	-	1274	lysis	NA	NA	NA	MH159197.1
MH159197.1_2	551	1130	-	2642	unknown function	lysis	7.8261	0.3739	MH159197.1
MH159197.1_3	1122	1749	-	1817	DNA, RNA and nucleotide metabolism	NA	NA	NA	MH159197.1
MH159197.1_4	1741	2635	-	548	DNA, RNA and nucleotide metabolism	NA	NA	NA	MH159197.1
MH159197.1_5	2638	2863	-	3093	unknown function	lysis	7.4110	0.3007	MH159197.1
MH159197.1_6	2930	3671	-	170	other	NA	NA	NA	MH159197.1
MH159197.1_7	3722	4337	-	2995	unknown function	DNA, RNA and nucleotide metabolism	3.5260	0.2227	MH159197.1
MH159197.1_8	4352	4778	-	531	DNA, RNA and nucleotide metabolism	NA	NA	NA	MH159197.1
MH159197.1_9	4767	4959	-	2706	unknown function	moron, auxiliary metabolic gene and host takeover	6.5185	0.3451	MH159197.1
MH159197.1_10	4981	5623	-	2896	unknown function	DNA, RNA and nucleotide metabolism	1.7505	0.2193	MH159197.1
MH159197.1_11	5612	5843	-	3	transcription regulation	NA	NA	NA	MH159197.1
MH159197.1_12	5845	6073	-	2770	unknown function	moron, auxiliary metabolic gene and host takeover	4.7218	0.2496	MH159197.1
MH159197.1_13	6181	6874	-	3310	other	NA	NA	NA	MH159197.1
MH159197.1_14	7070	7865	-	200	other	NA	NA	NA	MH159197.1
MH159197.1_15	7864	8173	-	3667	unknown function	moron, auxiliary metabolic gene and host takeover	7.9063	0.3238	MH159197.1
MH159197.1_16	8285	9773	-	635	lysis	NA	NA	NA	MH159197.1
MH159197.1_17	9772	10276	-	962	lysis	NA	NA	NA	MH159197.1
MH159197.1_18	10360	10546	-	987	unknown function	moron, auxiliary metabolic gene and host takeover	6.4730	0.2668	MH159197.1
MH159197.1_19	10608	10719	+	No_PHROG	unknown function	moron, auxiliary metabolic gene and host takeover	8.0547	0.3403	MH159197.1
MH159197.1_20	10943	11048	+	No_PHROG	unknown function	moron, auxiliary metabolic gene and host takeover	8.7157	0.4397	MH159197.1
MH159197.1_21	11216	11339	-	No_PHROG	unknown function	moron, auxiliary metabolic gene and host takeover	8.7321	0.4424	MH159197.1
MH159197.1_22	11453	11555	-	No_PHROG	unknown function	moron, auxiliary metabolic gene and host takeover	8.7726	0.4505	MH159197.1
MH159197.1_23	11730	11838	+	No_PHROG	unknown function	moron, auxiliary metabolic gene and host takeover	9.2918	0.5866	MH159197.1
MH159197.1_24	11822	11972	+	No_PHROG	unknown function	moron, auxiliary metabolic gene and host takeover	9.3405	0.6042	MH159197.1
MH159197.1_25	12088	12307	-	1257	moron, auxiliary metabolic gene and host takeover	NA	NA	NA	MH159197.1
MH159197.1_26	12483	12588	-	No_PHROG	unknown function	moron, auxiliary metabolic gene and host takeover	9.4684	0.6540	MH159197.1
MH159197.1_27	12571	12715	+	No_PHROG	unknown function	moron, auxiliary metabolic gene and host takeover	9.3330	0.6012	MH159197.1
MH159197.1_28	12787	12997	-	1215	unknown function	head and packaging	1.3430	0.3572	MH159197.1
MH159197.1_29	13009	13342	-	937	other	NA	NA	NA	MH159197.1
MH159197.1_30	13354	13681	-	1481	unknown function	head and packaging	1.6467	0.3725	MH159197.1
MH159197.1_31	13713	13980	-	4526	unknown function	moron, auxiliary metabolic gene and host takeover	9.8946	0.9188	MH159197.1
MH159197.1_32	14120	14507	+	3395	moron, auxiliary metabolic gene and host takeover	NA	NA	NA	MH159197.1
MH159197.1_33	14484	14763	+	1321	unknown function	head and packaging	4.5309	0.2582	MH159197.1
MH159197.1_34	14843	15170	+	1063	head and packaging	NA	NA	NA	MH159197.1
MH159197.1_35	15184	17002	+	675	head and packaging	NA	NA	NA	MH159197.1
MH159197.1_36	16994	17816	+	1917	head and packaging	NA	NA	NA	MH159197.1
MH159197.1_37	17886	17976	+	3863	unknown function	head and packaging	5.2607	0.2159	MH159197.1
MH159197.1_38	17972	18452	+	1116	moron, auxiliary metabolic gene and host takeover	NA	NA	NA	MH159197.1
MH159197.1_39	18544	19723	+	3094	unknown function	head and packaging	3.1633	0.2131	MH159197.1
MH159197.1_40	19807	20149	+	3937	unknown function	head and packaging	2.3464	0.2685	MH159197.1
MH159197.1_41	20226	20538	+	1108	head and packaging	NA	NA	NA	MH159197.1
MH159197.1_42	20541	22233	+	12	head and packaging	NA	NA	NA	MH159197.1
MH159197.1_43	22458	23199	+	1028	head and packaging	NA	NA	NA	MH159197.1
MH159197.1_44	23217	24177	+	1133	unknown function	head and packaging	8.8698	0.4729	MH159197.1
MH159197.1_45	24292	25684	+	752	head and packaging	NA	NA	NA	MH159197.1
MH159197.1_46	25775	26072	+	1205	unknown function	head and packaging	7.6358	0.3339	MH159197.1
MH159197.1_47	26084	26993	+	772	tail	NA	NA	NA	MH159197.1
MH159197.1_48	27006	27885	+	1004	head and packaging	NA	NA	NA	MH159197.1
MH159197.1_49	27884	28505	+	1127	connector	NA	NA	NA	MH159197.1
MH159197.1_50	28523	29360	+	1000	tail	NA	NA	NA	MH159197.1
MH159197.1_51	29361	29577	+	1151	unknown function	head and packaging	7.6531	0.4123	MH159197.1
MH159197.1_52	29603	31367	+	279	tail	NA	NA	NA	MH159197.1
MH159197.1_53	31439	31868	+	985	head and packaging	NA	NA	NA	MH159197.1
MH159197.1_54	31957	32116	+	8192	unknown function	head and packaging	5.9547	0.3070	MH159197.1
MH159197.1_55	32135	32246	+	2701	unknown function	head and packaging	4.4353	0.2479	MH159197.1
MH159197.1_56	32288	32741	+	1905	unknown function	head and packaging	3.2475	0.2260	MH159197.1
MH159197.1_57	32753	32948	+	4320	moron, auxiliary metabolic gene and host takeover	NA	NA	NA	MH159197.1
MH159197.1_58	33018	33330	+	2754	head and packaging	NA	NA	NA	MH159197.1
MH159197.1_59	33461	33920	+	1038	tail	NA	NA	NA	MH159197.1
MH159197.1_60	33963	34500	+	1316	DNA, RNA and nucleotide metabolism	NA	NA	NA	MH159197.1
MH159197.1_61	34555	38611	+	1047	tail	NA	NA	NA	MH159197.1
MH159197.1_62	38688	41115	+	1015	tail	NA	NA	NA	MH159197.1
MH159197.1_63	41128	42016	+	2677	tail	NA	NA	NA	MH159197.1
MH159197.1_64	42015	44562	+	2204	other	NA	NA	NA	MH159197.1
MH159197.1_65	44668	45460	+	1011	head and packaging	NA	NA	NA	MH159197.1
MH159197.1_66	45459	45984	+	1073	unknown function	head and packaging	5.8685	0.3098	MH159197.1
MH159197.1_67	45983	46688	+	975	tail	NA	NA	NA	MH159197.1
MH159197.1_68	46702	47749	+	6	tail	NA	NA	NA	MH159197.1
MH159197.1_69	47769	50835	+	2386	head and packaging	NA	NA	NA	MH159197.1
MH159197.1_70	50945	51467	+	1394	head and packaging	NA	NA	NA	MH159197.1
MH159197.1_71	51487	54946	+	25864	tail	NA	NA	NA	MH159197.1
MH159197.1_72	54994	55153	+	1074	unknown function	head and packaging	2.6417	0.2389	MH159197.1
MH159197.1_73	55153	57076	+	2665	head and packaging	NA	NA	NA	MH159197.1
MH159197.1_74	57089	57464	+	2671	tail	NA	NA	NA	MH159197.1
MH159197.1_75	57470	58847	+	2691	tail	NA	NA	NA	MH159197.1
MH159197.1_76	58936	60685	+	16	DNA, RNA and nucleotide metabolism	NA	NA	NA	MH159197.1
MH159197.1_77	60696	62310	+	1098	DNA, RNA and nucleotide metabolism	NA	NA	NA	MH159197.1
MH159197.1_78	62302	63745	+	19	DNA, RNA and nucleotide metabolism	NA	NA	NA	MH159197.1
MH159197.1_79	63823	64243	+	17590	other	NA	NA	NA	MH159197.1
MH159197.1_80	64242	65268	+	100	DNA, RNA and nucleotide metabolism	NA	NA	NA	MH159197.1
MH159197.1_81	65267	65645	+	2773	unknown function	moron, auxiliary metabolic gene and host takeover	8.2824	0.3685	MH159197.1
MH159197.1_82	65644	67564	+	77	DNA, RNA and nucleotide metabolism	NA	NA	NA	MH159197.1
MH159197.1_83	67563	68160	+	1070	moron, auxiliary metabolic gene and host takeover	NA	NA	NA	MH159197.1
MH159197.1_84	68174	69242	+	47	DNA, RNA and nucleotide metabolism	NA	NA	NA	MH159197.1
MH159197.1_85	69306	69645	+	1291	unknown function	moron, auxiliary metabolic gene and host takeover	8.6261	0.4215	MH159197.1
MH159197.1_86	69644	70097	+	1095	head and packaging	NA	NA	NA	MH159197.1
MH159197.1_87	70083	70692	+	244	DNA, RNA and nucleotide metabolism	NA	NA	NA	MH159197.1
MH159197.1_88	70709	71102	+	883	moron, auxiliary metabolic gene and host takeover	NA	NA	NA	MH159197.1
MH159197.1_89	71116	73231	+	84	DNA, RNA and nucleotide metabolism	NA	NA	NA	MH159197.1
MH159197.1_90	73244	74294	+	86	DNA, RNA and nucleotide metabolism	NA	NA	NA	MH159197.1
MH159197.1_91	74311	74641	+	2797	unknown function	DNA, RNA and nucleotide metabolism	1.1445	0.3537	MH159197.1
MH159197.1_92	74624	74945	+	22	DNA, RNA and nucleotide metabolism	NA	NA	NA	MH159197.1
MH159197.1_93	75057	75165	+	No_PHROG	unknown function	moron, auxiliary metabolic gene and host takeover	9.4680	0.6561	MH159197.1
MH159197.1_94	75152	75749	+	15477	other	NA	NA	NA	MH159197.1
MH159197.1_95	75758	76064	+	379	DNA, RNA and nucleotide metabolism	NA	NA	NA	MH159197.1
MH159197.1_96	76139	79358	+	17	DNA, RNA and nucleotide metabolism	NA	NA	NA	MH159197.1
MH159197.1_97	79385	79670	+	3621	unknown function	DNA, RNA and nucleotide metabolism	1.6450	0.2109	MH159197.1
MH159197.1_98	79686	80169	+	1069	DNA, RNA and nucleotide metabolism	NA	NA	NA	MH159197.1
MH159197.1_99	80255	81527	+	2672	DNA, RNA and nucleotide metabolism	NA	NA	NA	MH159197.1
MH159197.1_100	81586	82843	+	97	other	NA	NA	NA	MH159197.1
MH159197.1_101	82846	83200	+	1089	unknown function	moron, auxiliary metabolic gene and host takeover	1.6626	0.2385	MH159197.1
MH159197.1_102	83186	83849	+	1025	transcription regulation	NA	NA	NA	MH159197.1
MH159197.1_103	83854	83953	+	No_PHROG	unknown function	moron, auxiliary metabolic gene and host takeover	3.9626	0.2189	MH159197.1
MH159197.1_104	83976	84609	+	1240	other	NA	NA	NA	MH159197.1
MH159197.1_105	84621	85143	+	341	tail	NA	NA	NA	MH159197.1
MH159197.1_106	85157	85385	+	1696	tail	NA	NA	NA	MH159197.1
MH159197.1_107	85479	85740	+	2673	unknown function	head and packaging	2.0205	0.1906	MH159197.1
MH159197.1_108	85743	86499	+	2721	unknown function	head and packaging	1.1515	0.2108	MH159197.1
MH159197.1_109	86491	87742	+	284	DNA, RNA and nucleotide metabolism	NA	NA	NA	MH159197.1
MH159197.1_110	87755	88124	+	2892	unknown function	moron, auxiliary metabolic gene and host takeover	9.0710	0.5192	MH159197.1
MH159197.1_111	88110	88422	+	3644	unknown function	DNA, RNA and nucleotide metabolism	2.5845	0.2406	MH159197.1
MH159197.1_112	88485	89022	+	1080	unknown function	head and packaging	1.2794	0.2051	MH159197.1
MH159197.1_113	89014	89782	+	984	DNA, RNA and nucleotide metabolism	NA	NA	NA	MH159197.1
MH159197.1_114	89759	90206	+	2356	unknown function	head and packaging	2.1686	0.1818	MH159197.1
MH159197.1_115	90205	91069	+	1113	head and packaging	NA	NA	NA	MH159197.1
MH159197.1_116	91440	92172	+	1007	unknown function	head and packaging	6.3716	0.2426	MH159197.1
MH159197.1_117	92189	92648	+	1104	head and packaging	NA	NA	NA	MH159197.1
MH159197.1_118	92712	93156	+	1303	DNA, RNA and nucleotide metabolism	NA	NA	NA	MH159197.1
MH159197.1_119	93172	93877	+	2726	unknown function	head and packaging	1.7831	0.1710	MH159197.1
MH159197.1_120	93938	94337	+	2863	moron, auxiliary metabolic gene and host takeover	NA	NA	NA	MH159197.1
MH159197.1_121	94483	94726	+	3157	unknown function	head and packaging	1.2528	0.1771	MH159197.1
MH159197.1_122	94730	95288	+	5958	head and packaging	NA	NA	NA	MH159197.1
MH159197.1_123	95323	95500	+	3664	DNA, RNA and nucleotide metabolism	NA	NA	NA	MH159197.1
MH159197.1_124	95489	95741	+	6867	unknown function	moron, auxiliary metabolic gene and host takeover	9.7777	0.8230	MH159197.1
MH159197.1_125	95733	95967	+	6850	unknown function	DNA, RNA and nucleotide metabolism	1.0159	0.2440	MH159197.1
MH159197.1_126	96047	96692	+	3854	moron, auxiliary metabolic gene and host takeover	NA	NA	NA	MH159197.1
MH159197.1_127	96707	96956	+	4009	unknown function	moron, auxiliary metabolic gene and host takeover	9.6785	0.7589	MH159197.1
MH159197.1_128	96967	97144	+	3524	unknown function	moron, auxiliary metabolic gene and host takeover	7.3140	0.2812	MH159197.1
MH159197.1_129	97136	97433	+	3128	unknown function	moron, auxiliary metabolic gene and host takeover	6.7094	0.2405	MH159197.1
MH159197.1_130	97480	97663	+	3640	moron, auxiliary metabolic gene and host takeover	NA	NA	NA	MH159197.1
MH159197.1_131	97675	98044	+	3669	unknown function	moron, auxiliary metabolic gene and host takeover	7.7048	0.3042	MH159197.1
MH159197.1_132	98056	98404	+	2988	unknown function	moron, auxiliary metabolic gene and host takeover	6.9361	0.2576	MH159197.1
MH159197.1_133	98409	98682	+	3804	unknown function	moron, auxiliary metabolic gene and host takeover	9.4910	0.6644	MH159197.1
MH159197.1_134	98751	99057	+	3143	unknown function	DNA, RNA and nucleotide metabolism	1.3715	0.2014	MH159197.1
MH159197.1_135	99071	99422	+	3752	DNA, RNA and nucleotide metabolism	NA	NA	NA	MH159197.1
MH159197.1_136	99421	100024	+	4208	DNA, RNA and nucleotide metabolism	NA	NA	NA	MH159197.1
MH159197.1_137	100037	100217	+	3701	unknown function	DNA, RNA and nucleotide metabolism	1.3149	0.2624	MH159197.1
MH159197.1_138	100179	100362	-	No_PHROG	unknown function	moron, auxiliary metabolic gene and host takeover	9.6251	0.7289	MH159197.1
MH159197.1_139	100442	100853	+	1486	moron, auxiliary metabolic gene and host takeover	NA	NA	NA	MH159197.1
MH159197.1_140	100854	101148	+	5835	unknown function	moron, auxiliary metabolic gene and host takeover	9.5631	0.7074	MH159197.1
MH159197.1_141	101164	101452	+	1486	moron, auxiliary metabolic gene and host takeover	NA	NA	NA	MH159197.1
MH159197.1_142	101462	101576	+	4580	transcription regulation	NA	NA	NA	MH159197.1
MH159197.1_143	101568	101838	+	4584	other	NA	NA	NA	MH159197.1
MH159197.1_144	101913	102219	+	654	unknown function	moron, auxiliary metabolic gene and host takeover	7.0235	0.2515	MH159197.1
MH159197.1_145	102218	102626	+	6562	unknown function	moron, auxiliary metabolic gene and host takeover	7.1700	0.2611	MH159197.1
MH159197.1_146	102636	102873	+	7553	transcription regulation	NA	NA	NA	MH159197.1
MH159197.1_147	102869	103397	+	547	other	NA	NA	NA	MH159197.1
MH159197.1_148	103377	103689	+	7962	unknown function	moron, auxiliary metabolic gene and host takeover	6.4280	0.2230	MH159197.1
MH159197.1_149	103734	103914	+	4743	unknown function	moron, auxiliary metabolic gene and host takeover	9.7619	0.8275	MH159197.1
MH159197.1_150	103928	104192	+	4418	unknown function	DNA, RNA and nucleotide metabolism	1.1551	0.1985	MH159197.1
MH159197.1_151	104194	104512	+	4081	unknown function	DNA, RNA and nucleotide metabolism	1.4605	0.1876	MH159197.1
MH159197.1_152	104512	105166	+	4650	unknown function	DNA, RNA and nucleotide metabolism	3.5422	0.2183	MH159197.1
MH159197.1_153	105243	105447	+	7235	DNA, RNA and nucleotide metabolism	NA	NA	NA	MH159197.1
MH159197.1_154	105462	105621	+	4430	moron, auxiliary metabolic gene and host takeover	NA	NA	NA	MH159197.1
MH159197.1_155	105636	105861	+	7618	unknown function	DNA, RNA and nucleotide metabolism	1.0920	0.1890	MH159197.1
MH159197.1_156	105873	106074	+	3453	unknown function	moron, auxiliary metabolic gene and host takeover	4.8509	0.1974	MH159197.1
MH159197.1_157	106074	106365	+	4096	unknown function	moron, auxiliary metabolic gene and host takeover	9.0367	0.5097	MH159197.1
MH159197.1_158	106457	106751	+	1099	DNA, RNA and nucleotide metabolism	NA	NA	NA	MH159197.1
MH159197.1_159	106747	107656	+	619	other	NA	NA	NA	MH159197.1
MH159197.1_160	107673	109143	+	448	other	NA	NA	NA	MH159197.1
MH159197.1_161	109221	109467	+	4028	unknown function	moron, auxiliary metabolic gene and host takeover	2.5551	0.3265	MH159197.1
MH159197.1_162	109486	109879	+	3847	unknown function	moron, auxiliary metabolic gene and host takeover	2.7213	0.2192	MH159197.1
MH159197.1_163	109880	110078	+	4340	unknown function	moron, auxiliary metabolic gene and host takeover	6.2812	0.2641	MH159197.1
MH159197.1_164	110143	110455	+	6716	other	NA	NA	NA	MH159197.1
MH159197.1_165	110460	110760	+	7070	unknown function	DNA, RNA and nucleotide metabolism	1.3788	0.2142	MH159197.1
MH159197.1_166	110759	110999	+	11635	unknown function	DNA, RNA and nucleotide metabolism	1.0767	0.2126	MH159197.1
MH159197.1_167	110988	111150	+	13028	unknown function	moron, auxiliary metabolic gene and host takeover	7.9132	0.3302	MH159197.1
MH159197.1_168	111146	111482	+	4637	unknown function	integration and excision	1.4470	0.1790	MH159197.1
MH159197.1_169	111481	111700	+	1411	unknown function	moron, auxiliary metabolic gene and host takeover	7.4081	0.2922	MH159197.1
MH159197.1_170	111737	112013	+	14594	unknown function	integration and excision	1.7600	0.1657	MH159197.1
MH159197.1_171	112074	112242	+	5729	unknown function	integration and excision	1.0244	0.1950	MH159197.1
MH159197.1_172	112278	112380	+	7862	unknown function	moron, auxiliary metabolic gene and host takeover	9.4821	0.6625	MH159197.1
MH159197.1_173	113110	113407	+	654	unknown function	moron, auxiliary metabolic gene and host takeover	5.4709	0.3550	MH159197.1
MH159197.1_174	113418	113589	+	14278	moron, auxiliary metabolic gene and host takeover	NA	NA	NA	MH159197.1
MH159197.1_175	113602	113788	+	3204	unknown function	moron, auxiliary metabolic gene and host takeover	9.4941	0.6661	MH159197.1
MH159197.1_176	113895	114042	+	No_PHROG	unknown function	moron, auxiliary metabolic gene and host takeover	8.7835	0.4521	MH159197.1
MH159197.1_177	114056	114371	+	17712	unknown function	DNA, RNA and nucleotide metabolism	1.9125	0.1801	MH159197.1
MH159197.1_178	114383	114674	+	654	unknown function	integration and excision	2.2465	0.1842	MH159197.1
MH159197.1_179	114673	114961	+	654	unknown function	integration and excision	1.6744	0.1979	MH159197.1
MH159197.1_180	114960	115254	+	654	unknown function	integration and excision	1.0319	0.1980	MH159197.1
MH159197.1_181	115257	115506	+	1099	DNA, RNA and nucleotide metabolism	NA	NA	NA	MH159197.1
MH159197.1_182	115518	115758	+	1099	DNA, RNA and nucleotide metabolism	NA	NA	NA	MH159197.1
MH159197.1_183	115869	116109	+	1099	DNA, RNA and nucleotide metabolism	NA	NA	NA	MH159197.1
MH159197.1_184	116120	116465	+	3522	unknown function	integration and excision	1.0957	0.1994	MH159197.1
MH159197.1_185	116647	116851	+	No_PHROG	unknown function	moron, auxiliary metabolic gene and host takeover	8.0612	0.3824	MH159197.1
MH159197.1_186	116949	117258	+	2601	unknown function	DNA, RNA and nucleotide metabolism	2.7884	0.1842	MH159197.1
MH159197.1_187	117279	117474	-	No_PHROG	unknown function	moron, auxiliary metabolic gene and host takeover	7.0222	0.2878	MH159197.1
MH159197.1_188	117463	117751	+	3164	unknown function	DNA, RNA and nucleotide metabolism	2.1357	0.1755	MH159197.1
MH159197.1_189	117800	117992	+	3388	other	NA	NA	NA	MH159197.1
MH159197.1_190	118065	118212	-	22077	unknown function	moron, auxiliary metabolic gene and host takeover	8.4451	0.3923	MH159197.1
MH159197.1_191	118293	118398	+	No_PHROG	unknown function	moron, auxiliary metabolic gene and host takeover	8.0595	0.3860	MH159197.1
MH159197.1_192	118508	118667	+	3325	other	NA	NA	NA	MH159197.1
MH159197.1_193	118698	118812	-	No_PHROG	unknown function	moron, auxiliary metabolic gene and host takeover	6.6441	0.2676	MH159197.1
MH159197.1_194	118833	119157	+	3276	unknown function	moron, auxiliary metabolic gene and host takeover	5.7544	0.2366	MH159197.1
MH159197.1_195	119250	119763	+	29692	unknown function	integration and excision	1.5480	0.1796	MH159197.1
MH159197.1_196	119832	120213	+	19817	tail	NA	NA	NA	MH159197.1
MH159197.1_197	120359	120455	+	No_PHROG	unknown function	moron, auxiliary metabolic gene and host takeover	7.6278	0.3256	MH159197.1
MH159197.1_198	120512	120611	-	No_PHROG	unknown function	moron, auxiliary metabolic gene and host takeover	8.1150	0.3760	MH159197.1
MH159197.1_199	120655	120877	+	8721	unknown function	DNA, RNA and nucleotide metabolism	1.0585	0.2035	MH159197.1
MH159197.1_200	120958	121096	+	10435	unknown function	moron, auxiliary metabolic gene and host takeover	5.2623	0.2703	MH159197.1
MH159197.1_201	121166	121403	+	3480	unknown function	integration and excision	1.5149	0.1842	MH159197.1
MH159197.1_202	121497	121842	+	4273	unknown function	DNA, RNA and nucleotide metabolism	1.2048	0.2311	MH159197.1
MH159197.1_203	121916	122081	+	5861	unknown function	moron, auxiliary metabolic gene and host takeover	5.9028	0.2797	MH159197.1
MH159197.1_204	122093	122267	+	3789	unknown function	head and packaging	1.1415	0.1714	MH159197.1
MH159197.1_205	122266	122536	+	3549	unknown function	DNA, RNA and nucleotide metabolism	1.5529	0.1702	MH159197.1
MH159197.1_206	122620	122842	+	6205	unknown function	moron, auxiliary metabolic gene and host takeover	2.0739	0.1953	MH159197.1
MH159197.1_207	122915	123017	+	22992	unknown function	moron, auxiliary metabolic gene and host takeover	6.8518	0.3153	MH159197.1
MH159197.1_208	123167	123458	-	8073	unknown function	integration and excision	1.9984	0.1861	MH159197.1
MH159197.1_209	123547	123796	-	2884	unknown function	moron, auxiliary metabolic gene and host takeover	6.1146	0.3148	MH159197.1
MH159197.1_210	123811	124057	-	11889	unknown function	DNA, RNA and nucleotide metabolism	2.0621	0.2068	MH159197.1
MH159197.1_211	124073	124187	-	No_PHROG	unknown function	moron, auxiliary metabolic gene and host takeover	7.4031	0.3103	MH159197.1
MH159197.1_212	124189	124432	-	4355	unknown function	moron, auxiliary metabolic gene and host takeover	6.5843	0.3213	MH159197.1
MH159197.1_213	124431	124623	-	4249	unknown function	moron, auxiliary metabolic gene and host takeover	8.9953	0.5010	MH159197.1
MH159197.1_214	124619	125105	-	3619	unknown function	moron, auxiliary metabolic gene and host takeover	9.0664	0.5185	MH159197.1
MH159197.1_215	125097	125352	-	15772	unknown function	integration and excision	1.1725	0.1722	MH159197.1
MH159197.1_216	125351	125810	-	19882	unknown function	integration and excision	2.3180	0.1867	MH159197.1
MH159197.1_217	125815	126247	-	2349	unknown function	integration and excision	2.4077	0.1840	MH159197.1
MH159197.1_218	126262	126757	-	16227	head and packaging	NA	NA	NA	MH159197.1
MH159197.1_219	126769	127174	-	3857	unknown function	DNA, RNA and nucleotide metabolism	1.8895	0.2045	MH159197.1
MH159197.1_220	127170	127878	-	246	other	NA	NA	NA	MH159197.1
MH159197.1_221	127973	129842	-	13015	head and packaging	NA	NA	NA	MH159197.1
MH159197.1_222	129912	130026	+	No_PHROG	unknown function	moron, auxiliary metabolic gene and host takeover	3.7405	0.1645	MH159197.1
MH159197.1_223	130029	130218	-	No_PHROG	unknown function	DNA, RNA and nucleotide metabolism	1.6106	0.1577	MH159197.1
MH159197.1_224	130295	130496	-	27748	unknown function	DNA, RNA and nucleotide metabolism	1.1570	0.1665	MH159197.1
MH159197.1_225	130495	130588	-	No_PHROG	unknown function	DNA, RNA and nucleotide metabolism	1.4253	0.1671	MH159197.1
MH159197.1_226	130711	131260	-	2948	unknown function	moron, auxiliary metabolic gene and host takeover	6.4449	0.3043	MH159197.1
MH159197.1_227	131263	131482	-	3686	unknown function	moron, auxiliary metabolic gene and host takeover	7.2925	0.3213	MH159197.1
MH159197.1_228	131482	131677	-	3950	unknown function	DNA, RNA and nucleotide metabolism	1.1902	0.2099	MH159197.1
MH159197.1_229	131666	132404	-	3464	DNA, RNA and nucleotide metabolism	NA	NA	NA	MH159197.1
MH159197.1_230	132466	132571	-	5230	unknown function	moron, auxiliary metabolic gene and host takeover	5.6477	0.2426	MH159197.1
MH159197.1_231	132582	132822	-	3697	unknown function	DNA, RNA and nucleotide metabolism	1.8607	0.2130	MH159197.1
MH159197.1_232	132823	133210	-	2164	unknown function	moron, auxiliary metabolic gene and host takeover	6.3527	0.3199	MH159197.1
MH159197.1_233	133306	133480	-	3504	other	NA	NA	NA	MH159197.1
MH159197.1_234	133520	134003	-	3319	unknown function	integration and excision	1.1814	0.1994	MH159197.1
MH159197.1_235	134052	134595	-	3635	unknown function	integration and excision	1.1127	0.1773	MH159197.1
MH159197.1_236	134594	135125	-	3702	unknown function	integration and excision	1.5113	0.1774	MH159197.1
MH159197.1_237	135127	135292	-	152	transcription regulation	NA	NA	NA	MH159197.1
MH159197.1_238	135294	135573	-	3751	moron, auxiliary metabolic gene and host takeover	NA	NA	NA	MH159197.1
MH159197.1_239	135572	136418	-	1909	head and packaging	NA	NA	NA	MH159197.1
MH159197.1_240	136430	137549	-	249	moron, auxiliary metabolic gene and host takeover	NA	NA	NA	MH159197.1
MH159197.1_241	137542	137641	+	No_PHROG	unknown function	moron, auxiliary metabolic gene and host takeover	7.3212	0.3609	MH159197.1
MH159197.1_242	137699	138041	-	2861	unknown function	DNA, RNA and nucleotide metabolism	1.7933	0.2321	MH159197.1
MH159197.1_243	138018	138435	-	2708	other	NA	NA	NA	MH159197.1
MH159197.1_244	138567	138870	-	715	other	NA	NA	NA	MH159197.1
MH159197.1_245	138869	139058	-	3048	unknown function	DNA, RNA and nucleotide metabolism	2.1378	0.2463	MH159197.1
MH159197.1_246	139101	139263	-	2966	unknown function	DNA, RNA and nucleotide metabolism	1.7496	0.2002	MH159197.1
MH159197.1_247	139263	141315	-	3200	unknown function	integration and excision	1.6967	0.1770	MH159197.1
MN045228.1_0	84	180	-	No_PHROG	unknown function	DNA, RNA and nucleotide metabolism	2.0102	0.1646	MN045228.1
MN045228.1_1	273	381	+	No_PHROG	unknown function	DNA, RNA and nucleotide metabolism	1.3750	0.1730	MN045228.1
MN045228.1_2	485	785	+	654	unknown function	DNA, RNA and nucleotide metabolism	3.3093	0.2086	MN045228.1
MN045228.1_3	799	985	+	3204	unknown function	moron, auxiliary metabolic gene and host takeover	8.9599	0.4940	MN045228.1
MN045228.1_4	1092	1413	+	654	unknown function	DNA, RNA and nucleotide metabolism	2.2593	0.2323	MN045228.1
MN045228.1_5	1428	1722	+	654	unknown function	DNA, RNA and nucleotide metabolism	2.2874	0.2245	MN045228.1
MN045228.1_6	1725	1983	+	1099	DNA, RNA and nucleotide metabolism	NA	NA	NA	MN045228.1
MN045228.1_7	2080	2320	+	1099	DNA, RNA and nucleotide metabolism	NA	NA	NA	MN045228.1
MN045228.1_8	2330	2678	+	3522	unknown function	DNA, RNA and nucleotide metabolism	1.5480	0.2143	MN045228.1
MN045228.1_9	2882	3221	-	3077	unknown function	DNA, RNA and nucleotide metabolism	1.2064	0.2357	MN045228.1
MN045228.1_10	3199	3358	+	No_PHROG	unknown function	moron, auxiliary metabolic gene and host takeover	6.0633	0.3081	MN045228.1
MN045228.1_11	3371	3485	-	No_PHROG	unknown function	DNA, RNA and nucleotide metabolism	1.5136	0.2156	MN045228.1
MN045228.1_12	3531	3840	+	2601	unknown function	DNA, RNA and nucleotide metabolism	2.3837	0.1855	MN045228.1
MN045228.1_13	3858	3993	-	No_PHROG	unknown function	DNA, RNA and nucleotide metabolism	1.0657	0.1566	MN045228.1
MN045228.1_14	4045	4333	+	3164	unknown function	DNA, RNA and nucleotide metabolism	1.3386	0.2019	MN045228.1
MN045228.1_15	4383	4515	+	No_PHROG	unknown function	DNA, RNA and nucleotide metabolism	1.4069	0.1973	MN045228.1
MN045228.1_16	4532	4712	+	29935	unknown function	DNA, RNA and nucleotide metabolism	1.8728	0.2174	MN045228.1
MN045228.1_17	5026	5131	+	No_PHROG	unknown function	moron, auxiliary metabolic gene and host takeover	6.7148	0.3034	MN045228.1
MN045228.1_18	5241	5400	+	3325	other	NA	NA	NA	MN045228.1
MN045228.1_19	5411	5543	-	No_PHROG	unknown function	moron, auxiliary metabolic gene and host takeover	5.7541	0.2312	MN045228.1
MN045228.1_20	5564	5882	+	37610	unknown function	DNA, RNA and nucleotide metabolism	1.1696	0.2515	MN045228.1
MN045228.1_21	5961	6363	+	3543	unknown function	moron, auxiliary metabolic gene and host takeover	7.7941	0.3479	MN045228.1
MN045228.1_22	6750	6957	-	No_PHROG	unknown function	moron, auxiliary metabolic gene and host takeover	8.9235	0.4829	MN045228.1
MN045228.1_23	6965	7079	-	No_PHROG	unknown function	moron, auxiliary metabolic gene and host takeover	7.5597	0.3114	MN045228.1
MN045228.1_24	7088	7187	-	No_PHROG	unknown function	moron, auxiliary metabolic gene and host takeover	5.2675	0.1976	MN045228.1
MN045228.1_25	7187	7286	-	No_PHROG	unknown function	moron, auxiliary metabolic gene and host takeover	5.1967	0.2069	MN045228.1
MN045228.1_26	7340	7505	+	6946	unknown function	moron, auxiliary metabolic gene and host takeover	3.4527	0.2392	MN045228.1
MN045228.1_27	7542	7674	+	27205	unknown function	moron, auxiliary metabolic gene and host takeover	9.8140	0.8497	MN045228.1
MN045228.1_28	7766	8117	+	4273	unknown function	moron, auxiliary metabolic gene and host takeover	6.3670	0.2404	MN045228.1
MN045228.1_29	8185	8359	+	3789	unknown function	DNA, RNA and nucleotide metabolism	1.2103	0.1888	MN045228.1
MN045228.1_30	8358	8628	+	3549	unknown function	DNA, RNA and nucleotide metabolism	1.3446	0.1991	MN045228.1
MN045228.1_31	8712	8892	+	4863	DNA, RNA and nucleotide metabolism	NA	NA	NA	MN045228.1
MN045228.1_32	8975	9077	+	22992	unknown function	moron, auxiliary metabolic gene and host takeover	6.0261	0.2404	MN045228.1
MN045228.1_33	9226	9463	-	2884	unknown function	moron, auxiliary metabolic gene and host takeover	9.1182	0.5333	MN045228.1
MN045228.1_34	9464	9950	-	7534	unknown function	moron, auxiliary metabolic gene and host takeover	8.3148	0.3740	MN045228.1
MN045228.1_35	9962	10370	-	5770	unknown function	moron, auxiliary metabolic gene and host takeover	9.3159	0.5954	MN045228.1
MN045228.1_36	10369	10540	-	4355	unknown function	moron, auxiliary metabolic gene and host takeover	9.4177	0.6389	MN045228.1
MN045228.1_37	10540	10801	-	16296	unknown function	DNA, RNA and nucleotide metabolism	1.2651	0.2212	MN045228.1
MN045228.1_38	10803	10995	-	4249	unknown function	moron, auxiliary metabolic gene and host takeover	9.7304	0.7944	MN045228.1
MN045228.1_39	10991	11477	-	3619	unknown function	moron, auxiliary metabolic gene and host takeover	9.4459	0.6447	MN045228.1
MN045228.1_40	11469	11901	-	2349	unknown function	integration and excision	1.0237	0.1684	MN045228.1
MN045228.1_41	11914	12457	-	4045	unknown function	DNA, RNA and nucleotide metabolism	4.8482	0.1989	MN045228.1
MN045228.1_42	12468	12957	-	1017	unknown function	DNA, RNA and nucleotide metabolism	9.4888	0.6694	MN045228.1
MN045228.1_43	12969	13368	-	3857	unknown function	DNA, RNA and nucleotide metabolism	3.9407	0.1816	MN045228.1
MN045228.1_44	13364	14072	-	246	other	NA	NA	NA	MN045228.1
MN045228.1_45	14163	16014	-	13015	head and packaging	NA	NA	NA	MN045228.1
MN045228.1_46	16094	16217	+	No_PHROG	unknown function	lysis	3.4972	0.2270	MN045228.1
MN045228.1_47	16275	16476	+	No_PHROG	unknown function	DNA, RNA and nucleotide metabolism	1.5590	0.1453	MN045228.1
MN045228.1_48	16707	16809	-	No_PHROG	unknown function	DNA, RNA and nucleotide metabolism	2.1801	0.1451	MN045228.1
MN045228.1_49	16923	17472	-	2948	unknown function	moron, auxiliary metabolic gene and host takeover	7.3474	0.2878	MN045228.1
MN045228.1_50	17475	17694	-	3686	unknown function	moron, auxiliary metabolic gene and host takeover	6.8137	0.2421	MN045228.1
MN045228.1_51	17694	17889	-	3950	unknown function	DNA, RNA and nucleotide metabolism	1.4243	0.2101	MN045228.1
MN045228.1_52	17878	18616	-	3464	DNA, RNA and nucleotide metabolism	NA	NA	NA	MN045228.1
MN045228.1_53	18678	18783	-	5230	unknown function	moron, auxiliary metabolic gene and host takeover	8.2130	0.3597	MN045228.1
MN045228.1_54	18794	19034	-	3697	unknown function	moron, auxiliary metabolic gene and host takeover	6.7148	0.2488	MN045228.1
MN045228.1_55	19035	19425	-	28554	other	NA	NA	NA	MN045228.1
MN045228.1_56	19523	19697	-	3504	other	NA	NA	NA	MN045228.1
MN045228.1_57	19738	20221	-	3319	unknown function	DNA, RNA and nucleotide metabolism	1.3490	0.2215	MN045228.1
MN045228.1_58	20270	20813	-	3635	unknown function	DNA, RNA and nucleotide metabolism	1.1360	0.1914	MN045228.1
MN045228.1_59	20812	21346	-	3702	unknown function	moron, auxiliary metabolic gene and host takeover	2.7228	0.2303	MN045228.1
MN045228.1_60	21348	21513	-	152	transcription regulation	NA	NA	NA	MN045228.1
MN045228.1_61	21515	21791	-	3751	moron, auxiliary metabolic gene and host takeover	NA	NA	NA	MN045228.1
MN045228.1_62	21790	22636	-	1909	head and packaging	NA	NA	NA	MN045228.1
MN045228.1_63	22647	23766	-	249	moron, auxiliary metabolic gene and host takeover	NA	NA	NA	MN045228.1
MN045228.1_64	23754	23850	+	No_PHROG	unknown function	moron, auxiliary metabolic gene and host takeover	6.8346	0.2551	MN045228.1
MN045228.1_65	23916	24243	-	2861	unknown function	DNA, RNA and nucleotide metabolism	1.3522	0.1962	MN045228.1
MN045228.1_66	24235	24652	-	2708	other	NA	NA	NA	MN045228.1
MN045228.1_67	24785	25088	-	715	other	NA	NA	NA	MN045228.1
MN045228.1_68	25087	25276	-	3048	unknown function	DNA, RNA and nucleotide metabolism	1.4941	0.2042	MN045228.1
MN045228.1_69	25319	25481	-	2966	unknown function	DNA, RNA and nucleotide metabolism	1.1817	0.1984	MN045228.1
MN045228.1_70	25480	27529	-	3200	unknown function	DNA, RNA and nucleotide metabolism	2.6608	0.2020	MN045228.1
MN045228.1_71	27607	27871	-	2811	head and packaging	NA	NA	NA	MN045228.1
MN045228.1_72	27887	28061	-	1274	lysis	NA	NA	NA	MN045228.1
MN045228.1_73	28067	28646	-	2642	unknown function	lysis	3.3572	0.3460	MN045228.1
MN045228.1_74	28638	29265	-	1817	DNA, RNA and nucleotide metabolism	NA	NA	NA	MN045228.1
MN045228.1_75	29257	30154	-	548	DNA, RNA and nucleotide metabolism	NA	NA	NA	MN045228.1
MN045228.1_76	30153	30378	-	3093	unknown function	lysis	4.3039	0.2364	MN045228.1
MN045228.1_77	30446	31187	-	170	other	NA	NA	NA	MN045228.1
MN045228.1_78	31238	31859	-	2995	unknown function	DNA, RNA and nucleotide metabolism	2.9828	0.2545	MN045228.1
MN045228.1_79	31874	32300	-	531	DNA, RNA and nucleotide metabolism	NA	NA	NA	MN045228.1
MN045228.1_80	32289	32481	-	2706	unknown function	moron, auxiliary metabolic gene and host takeover	8.3549	0.4081	MN045228.1
MN045228.1_81	32503	33145	-	2896	unknown function	DNA, RNA and nucleotide metabolism	2.9275	0.2033	MN045228.1
MN045228.1_82	33134	33365	-	3	transcription regulation	NA	NA	NA	MN045228.1
MN045228.1_83	33367	33595	-	2770	unknown function	lysis	1.3086	0.2624	MN045228.1
MN045228.1_84	33703	34396	-	3310	other	NA	NA	NA	MN045228.1
MN045228.1_85	34592	35318	-	200	other	NA	NA	NA	MN045228.1
MN045228.1_86	35501	36989	-	635	lysis	NA	NA	NA	MN045228.1
MN045228.1_87	36988	37492	-	962	lysis	NA	NA	NA	MN045228.1
MN045228.1_88	37576	37762	-	987	unknown function	DNA, RNA and nucleotide metabolism	3.5605	0.2281	MN045228.1
MN045228.1_89	37824	37953	+	No_PHROG	unknown function	head and packaging	1.1879	0.2275	MN045228.1
MN045228.1_90	38163	38268	+	No_PHROG	unknown function	moron, auxiliary metabolic gene and host takeover	8.0445	0.3393	MN045228.1
MN045228.1_91	38437	38560	-	No_PHROG	unknown function	moron, auxiliary metabolic gene and host takeover	8.5400	0.4083	MN045228.1
MN045228.1_92	38950	39058	+	No_PHROG	unknown function	moron, auxiliary metabolic gene and host takeover	9.1842	0.5527	MN045228.1
MN045228.1_93	39058	39229	+	No_PHROG	unknown function	moron, auxiliary metabolic gene and host takeover	9.4865	0.6666	MN045228.1
MN045228.1_94	39308	39527	-	1257	moron, auxiliary metabolic gene and host takeover	NA	NA	NA	MN045228.1
MN045228.1_95	39640	39847	-	No_PHROG	unknown function	moron, auxiliary metabolic gene and host takeover	8.1188	0.3476	MN045228.1
MN045228.1_96	40006	40216	-	17190	head and packaging	NA	NA	NA	MN045228.1
MN045228.1_97	40228	40561	-	937	other	NA	NA	NA	MN045228.1
MN045228.1_98	40573	40900	-	1481	unknown function	head and packaging	2.2246	0.3350	MN045228.1
MN045228.1_99	40932	41199	-	4526	unknown function	moron, auxiliary metabolic gene and host takeover	9.8826	0.9099	MN045228.1
MN045228.1_100	41293	41386	-	No_PHROG	unknown function	head and packaging	1.8238	0.3700	MN045228.1
MN045228.1_101	41459	41726	+	3395	moron, auxiliary metabolic gene and host takeover	NA	NA	NA	MN045228.1
MN045228.1_102	41703	41982	+	1321	unknown function	head and packaging	6.0685	0.2841	MN045228.1
MN045228.1_103	42062	42389	+	1063	head and packaging	NA	NA	NA	MN045228.1
MN045228.1_104	42403	44221	+	675	head and packaging	NA	NA	NA	MN045228.1
MN045228.1_105	44213	45035	+	1917	head and packaging	NA	NA	NA	MN045228.1
MN045228.1_106	45105	45195	+	3863	unknown function	head and packaging	6.1469	0.2457	MN045228.1
MN045228.1_107	45191	45671	+	1116	moron, auxiliary metabolic gene and host takeover	NA	NA	NA	MN045228.1
MN045228.1_108	45763	46921	+	3094	unknown function	head and packaging	2.4117	0.2321	MN045228.1
MN045228.1_109	47062	47347	+	3937	unknown function	head and packaging	1.9478	0.2511	MN045228.1
MN045228.1_110	47424	47736	+	1108	head and packaging	NA	NA	NA	MN045228.1
MN045228.1_111	47739	49431	+	12	head and packaging	NA	NA	NA	MN045228.1
MN045228.1_112	49657	50398	+	1028	head and packaging	NA	NA	NA	MN045228.1
MN045228.1_113	50416	51373	+	1133	unknown function	head and packaging	9.3333	0.6026	MN045228.1
MN045228.1_114	51488	52880	+	752	head and packaging	NA	NA	NA	MN045228.1
MN045228.1_115	52971	53268	+	1205	unknown function	head and packaging	8.5288	0.4063	MN045228.1
MN045228.1_116	53280	54189	+	772	tail	NA	NA	NA	MN045228.1
MN045228.1_117	54202	55081	+	1004	head and packaging	NA	NA	NA	MN045228.1
MN045228.1_118	55080	55701	+	1127	connector	NA	NA	NA	MN045228.1
MN045228.1_119	55719	56556	+	1000	tail	NA	NA	NA	MN045228.1
MN045228.1_120	56557	56773	+	1151	unknown function	head and packaging	7.8779	0.4105	MN045228.1
MN045228.1_121	56799	58563	+	279	tail	NA	NA	NA	MN045228.1
MN045228.1_122	58635	59064	+	985	head and packaging	NA	NA	NA	MN045228.1
MN045228.1_123	59044	59185	+	No_PHROG	unknown function	head and packaging	6.6084	0.2992	MN045228.1
MN045228.1_124	59190	59301	+	2701	unknown function	head and packaging	5.4852	0.2826	MN045228.1
MN045228.1_125	59344	59803	+	1905	unknown function	head and packaging	3.2312	0.2885	MN045228.1
MN045228.1_126	59815	60010	+	4320	moron, auxiliary metabolic gene and host takeover	NA	NA	NA	MN045228.1
MN045228.1_127	60091	60403	+	2754	head and packaging	NA	NA	NA	MN045228.1
MN045228.1_128	60534	60993	+	1038	tail	NA	NA	NA	MN045228.1
MN045228.1_129	61036	61573	+	1316	DNA, RNA and nucleotide metabolism	NA	NA	NA	MN045228.1
MN045228.1_130	61625	65684	+	1047	tail	NA	NA	NA	MN045228.1
MN045228.1_131	65762	68189	+	1015	tail	NA	NA	NA	MN045228.1
MN045228.1_132	68202	69090	+	2677	tail	NA	NA	NA	MN045228.1
MN045228.1_133	69089	71636	+	2204	other	NA	NA	NA	MN045228.1
MN045228.1_134	71742	72534	+	1011	head and packaging	NA	NA	NA	MN045228.1
MN045228.1_135	72533	73058	+	1073	unknown function	connector	1.4582	0.2585	MN045228.1
MN045228.1_136	73057	73762	+	975	tail	NA	NA	NA	MN045228.1
MN045228.1_137	73776	74823	+	6	tail	NA	NA	NA	MN045228.1
MN045228.1_138	74843	77903	+	2386	head and packaging	NA	NA	NA	MN045228.1
MN045228.1_139	78013	78535	+	1394	head and packaging	NA	NA	NA	MN045228.1
MN045228.1_140	78555	82014	+	25864	tail	NA	NA	NA	MN045228.1
MN045228.1_141	82062	82221	+	1074	unknown function	head and packaging	2.6133	0.2564	MN045228.1
MN045228.1_142	82221	84144	+	2665	head and packaging	NA	NA	NA	MN045228.1
MN045228.1_143	84166	84538	+	2671	tail	NA	NA	NA	MN045228.1
MN045228.1_144	84544	85921	+	2691	tail	NA	NA	NA	MN045228.1
MN045228.1_145	86011	87760	+	16	DNA, RNA and nucleotide metabolism	NA	NA	NA	MN045228.1
MN045228.1_146	87771	89385	+	1098	DNA, RNA and nucleotide metabolism	NA	NA	NA	MN045228.1
MN045228.1_147	89377	90820	+	19	DNA, RNA and nucleotide metabolism	NA	NA	NA	MN045228.1
MN045228.1_148	90898	91927	+	100	DNA, RNA and nucleotide metabolism	NA	NA	NA	MN045228.1
MN045228.1_149	91926	92304	+	2773	unknown function	moron, auxiliary metabolic gene and host takeover	8.3176	0.3743	MN045228.1
MN045228.1_150	92303	94223	+	77	DNA, RNA and nucleotide metabolism	NA	NA	NA	MN045228.1
MN045228.1_151	94222	94819	+	1070	moron, auxiliary metabolic gene and host takeover	NA	NA	NA	MN045228.1
MN045228.1_152	94833	95901	+	47	DNA, RNA and nucleotide metabolism	NA	NA	NA	MN045228.1
MN045228.1_153	95966	96305	+	1291	unknown function	moron, auxiliary metabolic gene and host takeover	7.5323	0.3272	MN045228.1
MN045228.1_154	96304	96757	+	1095	head and packaging	NA	NA	NA	MN045228.1
MN045228.1_155	96743	97352	+	244	DNA, RNA and nucleotide metabolism	NA	NA	NA	MN045228.1
MN045228.1_156	97368	97761	+	883	moron, auxiliary metabolic gene and host takeover	NA	NA	NA	MN045228.1
MN045228.1_157	97775	99890	+	84	DNA, RNA and nucleotide metabolism	NA	NA	NA	MN045228.1
MN045228.1_158	99903	100953	+	86	DNA, RNA and nucleotide metabolism	NA	NA	NA	MN045228.1
MN045228.1_159	100970	101300	+	2797	unknown function	DNA, RNA and nucleotide metabolism	1.0312	0.2584	MN045228.1
MN045228.1_160	101283	101604	+	22	DNA, RNA and nucleotide metabolism	NA	NA	NA	MN045228.1
MN045228.1_161	101632	101740	-	No_PHROG	unknown function	moron, auxiliary metabolic gene and host takeover	9.7329	0.7985	MN045228.1
MN045228.1_162	101810	102407	+	15477	other	NA	NA	NA	MN045228.1
MN045228.1_163	102416	102722	+	379	DNA, RNA and nucleotide metabolism	NA	NA	NA	MN045228.1
MN045228.1_164	102797	103670	+	4008	DNA, RNA and nucleotide metabolism	NA	NA	NA	MN045228.1
MN045228.1_165	103691	103844	-	No_PHROG	unknown function	moron, auxiliary metabolic gene and host takeover	8.6518	0.4268	MN045228.1
MN045228.1_166	103877	104348	+	2340	DNA, RNA and nucleotide metabolism	NA	NA	NA	MN045228.1
MN045228.1_167	104483	106814	+	17	DNA, RNA and nucleotide metabolism	NA	NA	NA	MN045228.1
MN045228.1_168	106882	107125	+	3621	unknown function	DNA, RNA and nucleotide metabolism	1.7252	0.1908	MN045228.1
MN045228.1_169	107141	107624	+	1069	DNA, RNA and nucleotide metabolism	NA	NA	NA	MN045228.1
MN045228.1_170	107710	108982	+	2672	DNA, RNA and nucleotide metabolism	NA	NA	NA	MN045228.1
MN045228.1_171	109041	110298	+	97	other	NA	NA	NA	MN045228.1
MN045228.1_172	110301	110655	+	1089	unknown function	moron, auxiliary metabolic gene and host takeover	1.7971	0.2434	MN045228.1
MN045228.1_173	110641	111304	+	1025	transcription regulation	NA	NA	NA	MN045228.1
MN045228.1_174	111309	111408	+	No_PHROG	unknown function	moron, auxiliary metabolic gene and host takeover	5.2552	0.2491	MN045228.1
MN045228.1_175	111431	112064	+	1240	other	NA	NA	NA	MN045228.1
MN045228.1_176	112077	112599	+	341	tail	NA	NA	NA	MN045228.1
MN045228.1_177	112613	112841	+	1696	tail	NA	NA	NA	MN045228.1
MN045228.1_178	112935	113196	+	2673	unknown function	head and packaging	3.1920	0.2040	MN045228.1
MN045228.1_179	113199	113955	+	1850	other	NA	NA	NA	MN045228.1
MN045228.1_180	113947	115195	+	284	DNA, RNA and nucleotide metabolism	NA	NA	NA	MN045228.1
MN045228.1_181	115208	115577	+	2892	unknown function	moron, auxiliary metabolic gene and host takeover	8.6037	0.4183	MN045228.1
MN045228.1_182	115563	115875	+	3644	unknown function	head and packaging	1.1349	0.2042	MN045228.1
MN045228.1_183	115938	116475	+	1080	unknown function	head and packaging	2.6481	0.1976	MN045228.1
MN045228.1_184	116467	117235	+	984	DNA, RNA and nucleotide metabolism	NA	NA	NA	MN045228.1
MN045228.1_185	117212	117659	+	2356	unknown function	head and packaging	3.5244	0.1890	MN045228.1
MN045228.1_186	117658	118522	+	1113	head and packaging	NA	NA	NA	MN045228.1
MN045228.1_187	118893	119625	+	1007	unknown function	head and packaging	6.6088	0.2830	MN045228.1
MN045228.1_188	119642	120101	+	1104	head and packaging	NA	NA	NA	MN045228.1
MN045228.1_189	120165	120609	+	1303	DNA, RNA and nucleotide metabolism	NA	NA	NA	MN045228.1
MN045228.1_190	120625	121330	+	2726	unknown function	head and packaging	2.0029	0.1791	MN045228.1
MN045228.1_191	121391	121790	+	2863	moron, auxiliary metabolic gene and host takeover	NA	NA	NA	MN045228.1
MN045228.1_192	121936	122179	+	3157	unknown function	head and packaging	1.5117	0.1802	MN045228.1
MN045228.1_193	122183	122741	+	5958	head and packaging	NA	NA	NA	MN045228.1
MN045228.1_194	122776	122953	+	3664	DNA, RNA and nucleotide metabolism	NA	NA	NA	MN045228.1
MN045228.1_195	122942	123194	+	6867	unknown function	moron, auxiliary metabolic gene and host takeover	9.8094	0.8438	MN045228.1
MN045228.1_196	123186	123420	+	6850	unknown function	moron, auxiliary metabolic gene and host takeover	6.9677	0.2708	MN045228.1
MN045228.1_197	123500	124145	+	3854	moron, auxiliary metabolic gene and host takeover	NA	NA	NA	MN045228.1
MN045228.1_198	124159	124408	+	4009	unknown function	moron, auxiliary metabolic gene and host takeover	9.8492	0.8754	MN045228.1
MN045228.1_199	124419	124596	+	3524	unknown function	moron, auxiliary metabolic gene and host takeover	7.4175	0.3178	MN045228.1
MN045228.1_200	124588	124885	+	3128	unknown function	moron, auxiliary metabolic gene and host takeover	7.1782	0.2900	MN045228.1
MN045228.1_201	124932	125115	+	3640	moron, auxiliary metabolic gene and host takeover	NA	NA	NA	MN045228.1
MN045228.1_202	125127	125496	+	3669	unknown function	moron, auxiliary metabolic gene and host takeover	8.1942	0.3568	MN045228.1
MN045228.1_203	125508	125856	+	2988	unknown function	moron, auxiliary metabolic gene and host takeover	6.4049	0.2872	MN045228.1
MN045228.1_204	125855	126134	+	3804	unknown function	moron, auxiliary metabolic gene and host takeover	9.6387	0.7391	MN045228.1
MN045228.1_205	126203	126509	+	3143	unknown function	moron, auxiliary metabolic gene and host takeover	6.6537	0.2488	MN045228.1
MN045228.1_206	126523	126874	+	3752	DNA, RNA and nucleotide metabolism	NA	NA	NA	MN045228.1
MN045228.1_207	126873	127476	+	4208	DNA, RNA and nucleotide metabolism	NA	NA	NA	MN045228.1
MN045228.1_208	127488	127668	+	3701	unknown function	DNA, RNA and nucleotide metabolism	1.0087	0.2482	MN045228.1
MN045228.1_209	127796	127895	+	No_PHROG	unknown function	moron, auxiliary metabolic gene and host takeover	8.8230	0.4601	MN045228.1
MN045228.1_210	127894	128296	+	1486	moron, auxiliary metabolic gene and host takeover	NA	NA	NA	MN045228.1
MN045228.1_211	128297	128585	+	1486	moron, auxiliary metabolic gene and host takeover	NA	NA	NA	MN045228.1
MN045228.1_212	128595	128712	+	4580	transcription regulation	NA	NA	NA	MN045228.1
MN045228.1_213	128701	128965	+	4584	other	NA	NA	NA	MN045228.1
MN045228.1_214	129041	129347	+	654	unknown function	moron, auxiliary metabolic gene and host takeover	6.8177	0.2473	MN045228.1
MN045228.1_215	129346	129751	+	6562	unknown function	moron, auxiliary metabolic gene and host takeover	8.6148	0.4192	MN045228.1
MN045228.1_216	129755	129992	+	7553	transcription regulation	NA	NA	NA	MN045228.1
MN045228.1_217	129988	130516	+	547	other	NA	NA	NA	MN045228.1
MN045228.1_218	130496	130817	+	7962	unknown function	moron, auxiliary metabolic gene and host takeover	8.0300	0.3373	MN045228.1
MN045228.1_219	130816	131047	+	6981	unknown function	moron, auxiliary metabolic gene and host takeover	9.5988	0.7219	MN045228.1
MN045228.1_220	131099	131279	+	4743	unknown function	moron, auxiliary metabolic gene and host takeover	9.7545	0.8190	MN045228.1
MN045228.1_221	131293	131557	+	4418	unknown function	moron, auxiliary metabolic gene and host takeover	4.7530	0.2161	MN045228.1
MN045228.1_222	131559	131877	+	4081	unknown function	moron, auxiliary metabolic gene and host takeover	4.9655	0.2009	MN045228.1
MN045228.1_223	131877	132558	+	4650	unknown function	DNA, RNA and nucleotide metabolism	2.3061	0.2129	MN045228.1
MN045228.1_224	132635	132794	+	4430	moron, auxiliary metabolic gene and host takeover	NA	NA	NA	MN045228.1
MN045228.1_225	132828	133029	+	3453	unknown function	moron, auxiliary metabolic gene and host takeover	6.1147	0.2370	MN045228.1
MN045228.1_226	133029	133320	+	4096	unknown function	moron, auxiliary metabolic gene and host takeover	9.1512	0.5412	MN045228.1
MN045228.1_227	133412	133721	+	1099	DNA, RNA and nucleotide metabolism	NA	NA	NA	MN045228.1
MN045228.1_228	133717	134626	+	619	other	NA	NA	NA	MN045228.1
MN045228.1_229	134640	135036	+	23506	unknown function	moron, auxiliary metabolic gene and host takeover	5.7898	0.2619	MN045228.1
MN045228.1_230	135039	136509	+	448	other	NA	NA	NA	MN045228.1
MN045228.1_231	136587	136833	+	4028	unknown function	moron, auxiliary metabolic gene and host takeover	5.3731	0.2769	MN045228.1
MN045228.1_232	136849	137245	+	3847	unknown function	moron, auxiliary metabolic gene and host takeover	6.4316	0.2298	MN045228.1
MN045228.1_233	137241	137493	+	18327	unknown function	moron, auxiliary metabolic gene and host takeover	6.7947	0.2704	MN045228.1
MN045228.1_234	137557	137854	+	654	unknown function	moron, auxiliary metabolic gene and host takeover	5.9191	0.2103	MN045228.1
MN045228.1_235	137857	138169	+	6716	other	NA	NA	NA	MN045228.1
MN045228.1_236	138174	138474	+	7070	unknown function	integration and excision	1.1021	0.1756	MN045228.1
MN045228.1_237	138473	138713	+	11635	unknown function	integration and excision	1.5504	0.1782	MN045228.1
MN045228.1_238	138702	138858	+	13028	unknown function	moron, auxiliary metabolic gene and host takeover	5.6246	0.2276	MN045228.1
MN045228.1_239	138860	139187	+	5741	unknown function	moron, auxiliary metabolic gene and host takeover	1.8852	0.1785	MN045228.1
MN045228.1_240	139256	139439	+	32249	unknown function	integration and excision	1.4632	0.1702	MN045228.1
MN045228.1_241	139457	139847	+	15759	unknown function	integration and excision	1.3102	0.1771	MN045228.1
MN045228.1_242	139870	140098	+	11002	unknown function	integration and excision	1.3054	0.1655	MN045228.1
MN045228.1_243	140125	140506	+	23628	unknown function	integration and excision	1.0065	0.1536	MN045228.1
MN045228.1_244	140586	141678	+	4538	DNA, RNA and nucleotide metabolism	NA	NA	NA	MN045228.1
MN047438.1_0	84	180	-	No_PHROG	unknown function	head and packaging	1.0441	0.1598	MN047438.1
MN047438.1_1	273	381	+	No_PHROG	unknown function	DNA, RNA and nucleotide metabolism	1.3350	0.1799	MN047438.1
MN047438.1_2	485	785	+	654	unknown function	DNA, RNA and nucleotide metabolism	3.4301	0.2122	MN047438.1
MN047438.1_3	800	986	+	3204	unknown function	moron, auxiliary metabolic gene and host takeover	7.9752	0.3519	MN047438.1
MN047438.1_4	1092	1383	+	654	unknown function	integration and excision	2.1265	0.2008	MN047438.1
MN047438.1_5	1382	1670	+	654	unknown function	DNA, RNA and nucleotide metabolism	2.2973	0.2102	MN047438.1
MN047438.1_6	1669	1963	+	654	unknown function	DNA, RNA and nucleotide metabolism	2.1655	0.2102	MN047438.1
MN047438.1_7	1966	2224	+	1099	DNA, RNA and nucleotide metabolism	NA	NA	NA	MN047438.1
MN047438.1_8	2301	2541	+	1099	DNA, RNA and nucleotide metabolism	NA	NA	NA	MN047438.1
MN047438.1_9	2551	2899	+	3522	unknown function	DNA, RNA and nucleotide metabolism	1.6052	0.1867	MN047438.1
MN047438.1_10	3107	3446	-	3077	unknown function	DNA, RNA and nucleotide metabolism	1.2347	0.2370	MN047438.1
MN047438.1_11	3424	3583	+	No_PHROG	unknown function	moron, auxiliary metabolic gene and host takeover	5.4257	0.2952	MN047438.1
MN047438.1_12	3596	3710	-	No_PHROG	unknown function	DNA, RNA and nucleotide metabolism	1.3391	0.1998	MN047438.1
MN047438.1_13	3756	4065	+	2601	unknown function	DNA, RNA and nucleotide metabolism	2.5891	0.1892	MN047438.1
MN047438.1_14	4083	4218	-	No_PHROG	unknown function	DNA, RNA and nucleotide metabolism	1.3250	0.1567	MN047438.1
MN047438.1_15	4270	4555	+	3164	unknown function	DNA, RNA and nucleotide metabolism	2.1528	0.1874	MN047438.1
MN047438.1_16	4629	4821	+	3388	other	NA	NA	NA	MN047438.1
MN047438.1_17	4807	4903	+	No_PHROG	unknown function	moron, auxiliary metabolic gene and host takeover	3.7226	0.1762	MN047438.1
MN047438.1_18	4929	5070	+	No_PHROG	unknown function	DNA, RNA and nucleotide metabolism	2.8850	0.1633	MN047438.1
MN047438.1_19	5137	5626	-	59	DNA, RNA and nucleotide metabolism	NA	NA	NA	MN047438.1
MN047438.1_20	5747	5891	-	No_PHROG	unknown function	DNA, RNA and nucleotide metabolism	1.3089	0.1895	MN047438.1
MN047438.1_21	5963	6059	-	No_PHROG	unknown function	moron, auxiliary metabolic gene and host takeover	5.8951	0.2716	MN047438.1
MN047438.1_22	6021	6153	+	3837	unknown function	DNA, RNA and nucleotide metabolism	2.1299	0.1787	MN047438.1
MN047438.1_23	6311	6557	+	3480	unknown function	DNA, RNA and nucleotide metabolism	1.9465	0.1870	MN047438.1
MN047438.1_24	6636	7107	+	2543	unknown function	moron, auxiliary metabolic gene and host takeover	7.0322	0.2526	MN047438.1
MN047438.1_25	7136	7262	+	7733	unknown function	DNA, RNA and nucleotide metabolism	1.6988	0.2022	MN047438.1
MN047438.1_26	7346	7526	+	4863	DNA, RNA and nucleotide metabolism	NA	NA	NA	MN047438.1
MN047438.1_27	7609	7711	+	22992	unknown function	moron, auxiliary metabolic gene and host takeover	5.7864	0.2348	MN047438.1
MN047438.1_28	7780	7876	-	No_PHROG	unknown function	moron, auxiliary metabolic gene and host takeover	6.0456	0.2426	MN047438.1
MN047438.1_29	7859	8096	-	2884	unknown function	moron, auxiliary metabolic gene and host takeover	8.2611	0.3666	MN047438.1
MN047438.1_30	8097	8583	-	7534	unknown function	DNA, RNA and nucleotide metabolism	1.2924	0.2495	MN047438.1
MN047438.1_31	8595	9003	-	5770	unknown function	moron, auxiliary metabolic gene and host takeover	9.1684	0.5479	MN047438.1
MN047438.1_32	9002	9434	-	4355	unknown function	moron, auxiliary metabolic gene and host takeover	8.5450	0.4090	MN047438.1
MN047438.1_33	9436	9628	-	4249	unknown function	moron, auxiliary metabolic gene and host takeover	9.5418	0.6872	MN047438.1
MN047438.1_34	9624	10110	-	3619	unknown function	moron, auxiliary metabolic gene and host takeover	9.5117	0.6731	MN047438.1
MN047438.1_35	10102	10534	-	2349	unknown function	DNA, RNA and nucleotide metabolism	1.9846	0.1782	MN047438.1
MN047438.1_36	10547	11090	-	4045	unknown function	DNA, RNA and nucleotide metabolism	5.3142	0.2318	MN047438.1
MN047438.1_37	11101	11590	-	1017	unknown function	DNA, RNA and nucleotide metabolism	9.6086	0.7242	MN047438.1
MN047438.1_38	11602	12001	-	3857	unknown function	DNA, RNA and nucleotide metabolism	4.4640	0.2037	MN047438.1
MN047438.1_39	11997	12705	-	246	other	NA	NA	NA	MN047438.1
MN047438.1_40	12804	13359	-	2981	unknown function	DNA, RNA and nucleotide metabolism	1.5433	0.1824	MN047438.1
MN047438.1_41	13374	13692	-	4178	tail	NA	NA	NA	MN047438.1
MN047438.1_42	13760	13874	+	No_PHROG	unknown function	DNA, RNA and nucleotide metabolism	1.1296	0.1623	MN047438.1
MN047438.1_43	13882	14059	+	No_PHROG	unknown function	DNA, RNA and nucleotide metabolism	1.4805	0.1645	MN047438.1
MN047438.1_44	14055	14184	-	No_PHROG	unknown function	DNA, RNA and nucleotide metabolism	1.4056	0.1551	MN047438.1
MN047438.1_45	14261	14462	-	27748	unknown function	DNA, RNA and nucleotide metabolism	1.1591	0.1871	MN047438.1
MN047438.1_46	14461	14563	-	No_PHROG	unknown function	DNA, RNA and nucleotide metabolism	2.2005	0.1558	MN047438.1
MN047438.1_47	14677	15226	-	2948	unknown function	moron, auxiliary metabolic gene and host takeover	7.5245	0.2877	MN047438.1
MN047438.1_48	15229	15448	-	3686	unknown function	moron, auxiliary metabolic gene and host takeover	7.9656	0.3296	MN047438.1
MN047438.1_49	15448	15643	-	3950	unknown function	DNA, RNA and nucleotide metabolism	1.5142	0.2116	MN047438.1
MN047438.1_50	15632	16370	-	3464	DNA, RNA and nucleotide metabolism	NA	NA	NA	MN047438.1
MN047438.1_51	16432	16642	-	3697	unknown function	DNA, RNA and nucleotide metabolism	1.6964	0.1957	MN047438.1
MN047438.1_52	16643	17033	-	28554	other	NA	NA	NA	MN047438.1
MN047438.1_53	17131	17305	-	3504	other	NA	NA	NA	MN047438.1
MN047438.1_54	17345	17828	-	3319	unknown function	DNA, RNA and nucleotide metabolism	1.7341	0.1891	MN047438.1
MN047438.1_55	17877	18420	-	3635	unknown function	DNA, RNA and nucleotide metabolism	1.4397	0.1823	MN047438.1
MN047438.1_56	18419	18953	-	3702	unknown function	DNA, RNA and nucleotide metabolism	1.1396	0.2135	MN047438.1
MN047438.1_57	18955	19120	-	152	transcription regulation	NA	NA	NA	MN047438.1
MN047438.1_58	19122	19398	-	3751	moron, auxiliary metabolic gene and host takeover	NA	NA	NA	MN047438.1
MN047438.1_59	19397	20243	-	1909	head and packaging	NA	NA	NA	MN047438.1
MN047438.1_60	20254	21373	-	249	moron, auxiliary metabolic gene and host takeover	NA	NA	NA	MN047438.1
MN047438.1_61	21388	21496	+	No_PHROG	unknown function	head and packaging	1.0158	0.1625	MN047438.1
MN047438.1_62	21526	21853	-	2861	unknown function	DNA, RNA and nucleotide metabolism	1.2339	0.1795	MN047438.1
MN047438.1_63	21845	22262	-	2708	other	NA	NA	NA	MN047438.1
MN047438.1_64	22395	22698	-	715	other	NA	NA	NA	MN047438.1
MN047438.1_65	22697	22886	-	3048	unknown function	DNA, RNA and nucleotide metabolism	1.2515	0.2107	MN047438.1
MN047438.1_66	22929	23091	-	2966	unknown function	DNA, RNA and nucleotide metabolism	1.0600	0.2102	MN047438.1
MN047438.1_67	23090	25139	-	3200	unknown function	DNA, RNA and nucleotide metabolism	2.4763	0.2038	MN047438.1
MN047438.1_68	25216	25480	-	2811	head and packaging	NA	NA	NA	MN047438.1
MN047438.1_69	25496	25670	-	1274	lysis	NA	NA	NA	MN047438.1
MN047438.1_70	25676	26255	-	2642	unknown function	lysis	2.4532	0.3623	MN047438.1
MN047438.1_71	26247	26874	-	1817	DNA, RNA and nucleotide metabolism	NA	NA	NA	MN047438.1
MN047438.1_72	26866	27763	-	548	DNA, RNA and nucleotide metabolism	NA	NA	NA	MN047438.1
MN047438.1_73	27762	27987	-	3093	unknown function	lysis	3.2713	0.2317	MN047438.1
MN047438.1_74	28055	28796	-	170	other	NA	NA	NA	MN047438.1
MN047438.1_75	28847	29462	-	2995	unknown function	DNA, RNA and nucleotide metabolism	2.0801	0.2239	MN047438.1
MN047438.1_76	29477	29903	-	531	DNA, RNA and nucleotide metabolism	NA	NA	NA	MN047438.1
MN047438.1_77	29892	30084	-	2706	unknown function	moron, auxiliary metabolic gene and host takeover	8.2848	0.3695	MN047438.1
MN047438.1_78	30106	30748	-	2896	unknown function	DNA, RNA and nucleotide metabolism	2.6849	0.1934	MN047438.1
MN047438.1_79	30737	30968	-	3	transcription regulation	NA	NA	NA	MN047438.1
MN047438.1_80	30970	31198	-	2770	unknown function	lysis	1.0864	0.2278	MN047438.1
MN047438.1_81	31307	32000	-	3310	other	NA	NA	NA	MN047438.1
MN047438.1_82	32186	32822	-	374	DNA, RNA and nucleotide metabolism	NA	NA	NA	MN047438.1
MN047438.1_83	32888	33680	-	200	other	NA	NA	NA	MN047438.1
MN047438.1_84	33679	33988	-	3667	unknown function	lysis	1.1069	0.2452	MN047438.1
MN047438.1_85	34100	34730	-	833	lysis	NA	NA	NA	MN047438.1
MN047438.1_86	34965	35055	-	No_PHROG	unknown function	DNA, RNA and nucleotide metabolism	1.1690	0.1735	MN047438.1
MN047438.1_87	35000	35501	-	59	DNA, RNA and nucleotide metabolism	NA	NA	NA	MN047438.1
MN047438.1_88	35593	35695	+	No_PHROG	unknown function	lysis	3.0446	0.1840	MN047438.1
MN047438.1_89	35660	36464	-	635	lysis	NA	NA	NA	MN047438.1
MN047438.1_90	36463	36967	-	962	lysis	NA	NA	NA	MN047438.1
MN047438.1_91	37051	37237	-	987	unknown function	DNA, RNA and nucleotide metabolism	3.5833	0.2011	MN047438.1
MN047438.1_92	37299	37428	+	No_PHROG	unknown function	moron, auxiliary metabolic gene and host takeover	7.0872	0.2556	MN047438.1
MN047438.1_93	37638	37743	+	No_PHROG	unknown function	moron, auxiliary metabolic gene and host takeover	8.8520	0.4684	MN047438.1
MN047438.1_94	37912	38035	-	No_PHROG	unknown function	moron, auxiliary metabolic gene and host takeover	8.8067	0.4584	MN047438.1
MN047438.1_95	38425	38533	+	No_PHROG	unknown function	moron, auxiliary metabolic gene and host takeover	9.3864	0.6226	MN047438.1
MN047438.1_96	38533	38704	+	No_PHROG	unknown function	moron, auxiliary metabolic gene and host takeover	9.3322	0.6045	MN047438.1
MN047438.1_97	38783	39002	-	1257	moron, auxiliary metabolic gene and host takeover	NA	NA	NA	MN047438.1
MN047438.1_98	39479	39689	-	17190	head and packaging	NA	NA	NA	MN047438.1
MN047438.1_99	39701	40034	-	937	other	NA	NA	NA	MN047438.1
MN047438.1_100	40046	40373	-	1481	unknown function	head and packaging	1.7712	0.3172	MN047438.1
MN047438.1_101	40405	40672	-	4526	unknown function	moron, auxiliary metabolic gene and host takeover	9.8839	0.9099	MN047438.1
MN047438.1_102	40766	40859	-	No_PHROG	unknown function	head and packaging	1.2416	0.3737	MN047438.1
MN047438.1_103	40932	41199	+	3395	moron, auxiliary metabolic gene and host takeover	NA	NA	NA	MN047438.1
MN047438.1_104	41176	41455	+	1321	unknown function	head and packaging	3.8708	0.2739	MN047438.1
MN047438.1_105	41535	41862	+	1063	head and packaging	NA	NA	NA	MN047438.1
MN047438.1_106	41966	42065	-	No_PHROG	unknown function	head and packaging	2.2567	0.3941	MN047438.1
MN047438.1_107	42367	43339	+	559	DNA, RNA and nucleotide metabolism	NA	NA	NA	MN047438.1
MN047438.1_108	43479	45027	+	675	head and packaging	NA	NA	NA	MN047438.1
MN047438.1_109	45019	45841	+	1917	head and packaging	NA	NA	NA	MN047438.1
MN047438.1_110	45911	46001	+	3863	unknown function	head and packaging	4.1047	0.2285	MN047438.1
MN047438.1_111	45997	46477	+	1116	moron, auxiliary metabolic gene and host takeover	NA	NA	NA	MN047438.1
MN047438.1_112	46569	47700	+	3094	unknown function	head and packaging	2.4992	0.2123	MN047438.1
MN047438.1_113	47842	48127	+	3937	unknown function	head and packaging	1.2251	0.2972	MN047438.1
MN047438.1_114	48204	48516	+	1108	head and packaging	NA	NA	NA	MN047438.1
MN047438.1_115	48519	50211	+	12	head and packaging	NA	NA	NA	MN047438.1
MN047438.1_116	50437	51178	+	1028	head and packaging	NA	NA	NA	MN047438.1
MN047438.1_117	51196	52153	+	1133	unknown function	head and packaging	9.2572	0.5756	MN047438.1
MN047438.1_118	52268	53660	+	752	head and packaging	NA	NA	NA	MN047438.1
MN047438.1_119	53751	54048	+	1205	unknown function	head and packaging	8.2101	0.3598	MN047438.1
MN047438.1_120	54060	54969	+	772	tail	NA	NA	NA	MN047438.1
MN047438.1_121	54982	55861	+	1004	head and packaging	NA	NA	NA	MN047438.1
MN047438.1_122	55860	56481	+	1127	connector	NA	NA	NA	MN047438.1
MN047438.1_123	56499	57336	+	1000	tail	NA	NA	NA	MN047438.1
MN047438.1_124	57337	57553	+	1151	unknown function	head and packaging	8.1744	0.4043	MN047438.1
MN047438.1_125	57579	59343	+	279	tail	NA	NA	NA	MN047438.1
MN047438.1_126	59415	59844	+	985	head and packaging	NA	NA	NA	MN047438.1
MN047438.1_127	59940	60081	+	2701	unknown function	head and packaging	7.0205	0.3161	MN047438.1
MN047438.1_128	60123	60582	+	1905	unknown function	head and packaging	4.3642	0.3157	MN047438.1
MN047438.1_129	60594	60789	+	4320	moron, auxiliary metabolic gene and host takeover	NA	NA	NA	MN047438.1
MN047438.1_130	60870	61182	+	2754	head and packaging	NA	NA	NA	MN047438.1
MN047438.1_131	61313	61772	+	1038	tail	NA	NA	NA	MN047438.1
MN047438.1_132	61815	62352	+	1316	DNA, RNA and nucleotide metabolism	NA	NA	NA	MN047438.1
MN047438.1_133	62404	66463	+	1047	tail	NA	NA	NA	MN047438.1
MN047438.1_134	66541	68968	+	1015	tail	NA	NA	NA	MN047438.1
MN047438.1_135	68981	69869	+	2677	tail	NA	NA	NA	MN047438.1
MN047438.1_136	69868	72415	+	2204	other	NA	NA	NA	MN047438.1
MN047438.1_137	72521	73313	+	1011	head and packaging	NA	NA	NA	MN047438.1
MN047438.1_138	73312	73837	+	1073	unknown function	head and packaging	5.6575	0.2606	MN047438.1
MN047438.1_139	73836	74541	+	975	tail	NA	NA	NA	MN047438.1
MN047438.1_140	74555	75602	+	6	tail	NA	NA	NA	MN047438.1
MN047438.1_141	75622	78682	+	2386	head and packaging	NA	NA	NA	MN047438.1
MN047438.1_142	78792	79314	+	1394	head and packaging	NA	NA	NA	MN047438.1
MN047438.1_143	79334	82793	+	25864	tail	NA	NA	NA	MN047438.1
MN047438.1_144	82841	83000	+	1074	unknown function	head and packaging	2.5946	0.2474	MN047438.1
MN047438.1_145	83000	84923	+	2665	head and packaging	NA	NA	NA	MN047438.1
MN047438.1_146	84945	85320	+	2671	tail	NA	NA	NA	MN047438.1
MN047438.1_147	85326	86703	+	2691	tail	NA	NA	NA	MN047438.1
MN047438.1_148	86794	88543	+	16	DNA, RNA and nucleotide metabolism	NA	NA	NA	MN047438.1
MN047438.1_149	88554	90168	+	1098	DNA, RNA and nucleotide metabolism	NA	NA	NA	MN047438.1
MN047438.1_150	90160	91603	+	19	DNA, RNA and nucleotide metabolism	NA	NA	NA	MN047438.1
MN047438.1_151	91681	92719	+	100	DNA, RNA and nucleotide metabolism	NA	NA	NA	MN047438.1
MN047438.1_152	92718	93096	+	2773	unknown function	moron, auxiliary metabolic gene and host takeover	8.9522	0.4899	MN047438.1
MN047438.1_153	93095	95015	+	77	DNA, RNA and nucleotide metabolism	NA	NA	NA	MN047438.1
MN047438.1_154	95014	95611	+	1070	moron, auxiliary metabolic gene and host takeover	NA	NA	NA	MN047438.1
MN047438.1_155	95625	96693	+	47	DNA, RNA and nucleotide metabolism	NA	NA	NA	MN047438.1
MN047438.1_156	96759	97098	+	1291	unknown function	moron, auxiliary metabolic gene and host takeover	8.2503	0.3638	MN047438.1
MN047438.1_157	97097	97550	+	1095	head and packaging	NA	NA	NA	MN047438.1
MN047438.1_158	97536	98145	+	244	DNA, RNA and nucleotide metabolism	NA	NA	NA	MN047438.1
MN047438.1_159	98161	98554	+	883	moron, auxiliary metabolic gene and host takeover	NA	NA	NA	MN047438.1
MN047438.1_160	98568	100683	+	84	DNA, RNA and nucleotide metabolism	NA	NA	NA	MN047438.1
MN047438.1_161	100696	101746	+	86	DNA, RNA and nucleotide metabolism	NA	NA	NA	MN047438.1
MN047438.1_162	101763	102093	+	2797	unknown function	moron, auxiliary metabolic gene and host takeover	6.7986	0.2782	MN047438.1
MN047438.1_163	102076	102397	+	22	DNA, RNA and nucleotide metabolism	NA	NA	NA	MN047438.1
MN047438.1_164	102508	102616	+	No_PHROG	unknown function	moron, auxiliary metabolic gene and host takeover	9.5065	0.6718	MN047438.1
MN047438.1_165	102603	103200	+	1054	unknown function	DNA, RNA and nucleotide metabolism	1.7206	0.3373	MN047438.1
MN047438.1_166	103209	103515	+	379	DNA, RNA and nucleotide metabolism	NA	NA	NA	MN047438.1
MN047438.1_167	103590	104463	+	4008	DNA, RNA and nucleotide metabolism	NA	NA	NA	MN047438.1
MN047438.1_168	104628	105141	+	2340	DNA, RNA and nucleotide metabolism	NA	NA	NA	MN047438.1
MN047438.1_169	105276	106620	+	17	DNA, RNA and nucleotide metabolism	NA	NA	NA	MN047438.1
MN047438.1_170	106685	106781	+	No_PHROG	unknown function	DNA, RNA and nucleotide metabolism	1.8479	0.2321	MN047438.1
MN047438.1_171	106887	107595	+	59	DNA, RNA and nucleotide metabolism	NA	NA	NA	MN047438.1
MN047438.1_172	107655	107760	-	No_PHROG	unknown function	DNA, RNA and nucleotide metabolism	1.9664	0.2062	MN047438.1
MN047438.1_173	107828	108689	+	2573	DNA, RNA and nucleotide metabolism	NA	NA	NA	MN047438.1
MN047438.1_174	108757	109000	+	3621	unknown function	head and packaging	1.3154	0.1784	MN047438.1
MN047438.1_175	109016	109499	+	1069	DNA, RNA and nucleotide metabolism	NA	NA	NA	MN047438.1
MN047438.1_176	109585	110857	+	2672	DNA, RNA and nucleotide metabolism	NA	NA	NA	MN047438.1
MN047438.1_177	110916	111141	+	8290	other	NA	NA	NA	MN047438.1
MN047438.1_178	111485	112454	+	4645	DNA, RNA and nucleotide metabolism	NA	NA	NA	MN047438.1
MN047438.1_179	112601	113549	+	97	other	NA	NA	NA	MN047438.1
MN047438.1_180	113552	113906	+	1089	unknown function	moron, auxiliary metabolic gene and host takeover	1.8153	0.2305	MN047438.1
MN047438.1_181	113892	114555	+	1025	transcription regulation	NA	NA	NA	MN047438.1
MN047438.1_182	114560	114659	+	No_PHROG	unknown function	moron, auxiliary metabolic gene and host takeover	4.9725	0.2348	MN047438.1
MN047438.1_183	114682	115315	+	1240	other	NA	NA	NA	MN047438.1
MN047438.1_184	115328	115850	+	341	tail	NA	NA	NA	MN047438.1
MN047438.1_185	115864	116092	+	1696	tail	NA	NA	NA	MN047438.1
MN047438.1_186	116187	116448	+	2673	unknown function	head and packaging	3.4376	0.1884	MN047438.1
MN047438.1_187	116451	117207	+	1850	other	NA	NA	NA	MN047438.1
MN047438.1_188	117199	118450	+	284	DNA, RNA and nucleotide metabolism	NA	NA	NA	MN047438.1
MN047438.1_189	118463	118832	+	2892	unknown function	moron, auxiliary metabolic gene and host takeover	7.8321	0.3396	MN047438.1
MN047438.1_190	118818	119130	+	3644	unknown function	head and packaging	1.3000	0.1990	MN047438.1
MN047438.1_191	119193	119730	+	1080	unknown function	head and packaging	2.4888	0.1956	MN047438.1
MN047438.1_192	119722	120490	+	984	DNA, RNA and nucleotide metabolism	NA	NA	NA	MN047438.1
MN047438.1_193	120467	120914	+	2356	unknown function	head and packaging	2.7775	0.1830	MN047438.1
MN047438.1_194	120913	121777	+	1113	head and packaging	NA	NA	NA	MN047438.1
MN047438.1_195	122148	122880	+	1007	unknown function	head and packaging	6.0262	0.2840	MN047438.1
MN047438.1_196	122897	123356	+	1104	head and packaging	NA	NA	NA	MN047438.1
MN047438.1_197	123420	123864	+	1303	DNA, RNA and nucleotide metabolism	NA	NA	NA	MN047438.1
MN047438.1_198	123880	124585	+	2726	unknown function	head and packaging	1.8518	0.1770	MN047438.1
MN047438.1_199	124646	125045	+	2863	moron, auxiliary metabolic gene and host takeover	NA	NA	NA	MN047438.1
MN047438.1_200	125191	125434	+	3157	unknown function	head and packaging	1.3866	0.1765	MN047438.1
MN047438.1_201	125438	125603	+	6754	unknown function	moron, auxiliary metabolic gene and host takeover	5.1301	0.1987	MN047438.1
MN047438.1_202	125589	125769	+	7869	unknown function	head and packaging	1.3730	0.1841	MN047438.1
MN047438.1_203	125804	125981	+	3664	DNA, RNA and nucleotide metabolism	NA	NA	NA	MN047438.1
MN047438.1_204	125970	126504	+	3854	moron, auxiliary metabolic gene and host takeover	NA	NA	NA	MN047438.1
MN047438.1_205	126518	126767	+	4009	unknown function	moron, auxiliary metabolic gene and host takeover	9.5125	0.6734	MN047438.1
MN047438.1_206	126778	126955	+	3524	unknown function	moron, auxiliary metabolic gene and host takeover	6.0874	0.2520	MN047438.1
MN047438.1_207	126947	127244	+	3128	unknown function	moron, auxiliary metabolic gene and host takeover	5.9375	0.2155	MN047438.1
MN047438.1_208	127291	127474	+	3640	moron, auxiliary metabolic gene and host takeover	NA	NA	NA	MN047438.1
MN047438.1_209	127486	127855	+	3669	unknown function	moron, auxiliary metabolic gene and host takeover	7.7796	0.3408	MN047438.1
MN047438.1_210	127867	128215	+	2988	unknown function	moron, auxiliary metabolic gene and host takeover	5.7817	0.2378	MN047438.1
MN047438.1_211	128220	128493	+	3804	unknown function	moron, auxiliary metabolic gene and host takeover	9.4025	0.6296	MN047438.1
MN047438.1_212	128562	128868	+	3143	unknown function	DNA, RNA and nucleotide metabolism	1.1767	0.2151	MN047438.1
MN047438.1_213	128882	129233	+	3752	DNA, RNA and nucleotide metabolism	NA	NA	NA	MN047438.1
MN047438.1_214	129232	129835	+	4208	DNA, RNA and nucleotide metabolism	NA	NA	NA	MN047438.1
MN047438.1_215	129848	130028	+	3701	unknown function	moron, auxiliary metabolic gene and host takeover	7.3654	0.2755	MN047438.1
MN047438.1_216	130156	130255	+	No_PHROG	unknown function	moron, auxiliary metabolic gene and host takeover	8.7692	0.4494	MN047438.1
MN047438.1_217	130254	130656	+	1486	moron, auxiliary metabolic gene and host takeover	NA	NA	NA	MN047438.1
MN047438.1_218	130657	130918	+	11913	unknown function	moron, auxiliary metabolic gene and host takeover	8.8366	0.4627	MN047438.1
MN047438.1_219	130969	131257	+	1486	moron, auxiliary metabolic gene and host takeover	NA	NA	NA	MN047438.1
MN047438.1_220	131267	131384	+	4580	transcription regulation	NA	NA	NA	MN047438.1
MN047438.1_221	131373	131637	+	4584	other	NA	NA	NA	MN047438.1
MN047438.1_222	131713	131893	+	4743	unknown function	moron, auxiliary metabolic gene and host takeover	9.7336	0.8000	MN047438.1
MN047438.1_223	131907	132171	+	4418	unknown function	moron, auxiliary metabolic gene and host takeover	4.6722	0.2207	MN047438.1
MN047438.1_224	132173	132491	+	4081	unknown function	moron, auxiliary metabolic gene and host takeover	5.0012	0.2154	MN047438.1
MN047438.1_225	132491	133172	+	4650	unknown function	DNA, RNA and nucleotide metabolism	1.9743	0.2172	MN047438.1
MN047438.1_226	133260	133419	+	4430	moron, auxiliary metabolic gene and host takeover	NA	NA	NA	MN047438.1
MN047438.1_227	133453	133654	+	3453	unknown function	moron, auxiliary metabolic gene and host takeover	5.3502	0.2177	MN047438.1
MN047438.1_228	133654	133945	+	4096	unknown function	moron, auxiliary metabolic gene and host takeover	8.5392	0.4066	MN047438.1
MN047438.1_229	134036	134345	+	1099	DNA, RNA and nucleotide metabolism	NA	NA	NA	MN047438.1
MN047438.1_230	134341	135250	+	619	other	NA	NA	NA	MN047438.1
MN047438.1_231	135267	136737	+	448	other	NA	NA	NA	MN047438.1
MN047438.1_232	136815	137061	+	4028	unknown function	moron, auxiliary metabolic gene and host takeover	3.1823	0.2909	MN047438.1
MN047438.1_233	137080	137473	+	3847	unknown function	DNA, RNA and nucleotide metabolism	1.5766	0.2047	MN047438.1
MN047438.1_234	137474	137696	+	4340	unknown function	moron, auxiliary metabolic gene and host takeover	4.3118	0.2537	MN047438.1
MN047438.1_235	137761	138073	+	6716	other	NA	NA	NA	MN047438.1
MN047438.1_236	138075	138585	+	4855	lysis	NA	NA	NA	MN047438.1
MN047438.1_237	138586	138916	+	4637	unknown function	DNA, RNA and nucleotide metabolism	1.4091	0.1563	MN047438.1
MN047438.1_238	138921	139116	+	4983	unknown function	moron, auxiliary metabolic gene and host takeover	1.2211	0.1845	MN047438.1
MN047438.1_239	139139	139454	+	5741	unknown function	moron, auxiliary metabolic gene and host takeover	1.4209	0.2035	MN047438.1
MN047438.1_240	139468	139636	+	5729	unknown function	moron, auxiliary metabolic gene and host takeover	2.2677	0.2010	MN047438.1
MN047438.1_241	139672	139774	+	7862	unknown function	moron, auxiliary metabolic gene and host takeover	8.4659	0.4332	MN047438.1
MN047438.1_242	139872	140148	+	24718	unknown function	moron, auxiliary metabolic gene and host takeover	3.0206	0.3098	MN047438.1
MN047438.1_243	140154	140271	+	No_PHROG	unknown function	DNA, RNA and nucleotide metabolism	1.0719	0.2405	MN047438.1
MN047438.1_244	140277	140394	+	No_PHROG	unknown function	DNA, RNA and nucleotide metabolism	1.0625	0.2245	MN047438.1
MN047438.1_245	140400	140517	+	No_PHROG	unknown function	DNA, RNA and nucleotide metabolism	1.0951	0.2312	MN047438.1
MN047438.1_246	140523	140640	+	No_PHROG	unknown function	DNA, RNA and nucleotide metabolism	1.0333	0.2632	MN047438.1
MN047438.1_247	140646	140763	+	No_PHROG	unknown function	DNA, RNA and nucleotide metabolism	1.2141	0.2413	MN047438.1
MN047438.1_248	140792	140957	+	24718	unknown function	moron, auxiliary metabolic gene and host takeover	6.2786	0.2543	MN047438.1
MN047438.1_249	140942	141038	-	No_PHROG	unknown function	transcription regulation	6.4486	0.2197	MN047438.1
MN047438.1_250	141131	141239	+	No_PHROG	unknown function	moron, auxiliary metabolic gene and host takeover	5.4464	0.2267	MN047438.1
MN047438.1_251	141343	141643	+	654	unknown function	DNA, RNA and nucleotide metabolism	1.1843	0.2035	MN047438.1
MN047438.1_252	141658	141844	+	3204	unknown function	moron, auxiliary metabolic gene and host takeover	7.6049	0.3953	MN047438.1
MN047438.1_253	141950	142241	+	654	unknown function	DNA, RNA and nucleotide metabolism	1.0353	0.1878	MN047438.1
MN047438.1_254	142240	142528	+	654	unknown function	DNA, RNA and nucleotide metabolism	1.3303	0.2241	MN047438.1
MN047438.1_255	142527	142821	+	654	unknown function	DNA, RNA and nucleotide metabolism	1.4262	0.2112	MN047438.1
MN047438.1_256	142824	143082	+	1099	DNA, RNA and nucleotide metabolism	NA	NA	NA	MN047438.1
MN047438.1_257	143159	143399	+	1099	DNA, RNA and nucleotide metabolism	NA	NA	NA	MN047438.1
MN047438.1_258	143409	143757	+	3522	unknown function	integration and excision	1.2777	0.1996	MN047438.1
MN047438.1_259	143965	144304	-	3077	unknown function	DNA, RNA and nucleotide metabolism	1.2676	0.2196	MN047438.1
MN047438.1_260	144282	144441	+	No_PHROG	unknown function	moron, auxiliary metabolic gene and host takeover	6.4505	0.3260	MN047438.1
MN047438.1_261	144454	144568	-	No_PHROG	unknown function	moron, auxiliary metabolic gene and host takeover	5.6700	0.2505	MN047438.1
MN047438.1_262	144614	144923	+	2601	unknown function	DNA, RNA and nucleotide metabolism	2.0826	0.1893	MN047438.1
MN047438.1_263	144941	145076	-	No_PHROG	unknown function	lysis	2.1204	0.1833	MN047438.1
MN047438.1_264	145128	145413	+	3164	unknown function	DNA, RNA and nucleotide metabolism	1.4835	0.1835	MN047438.1
MN047438.1_265	145487	145679	+	3388	other	NA	NA	NA	MN047438.1
MN047438.1_266	145665	145761	+	No_PHROG	unknown function	moron, auxiliary metabolic gene and host takeover	3.6558	0.2065	MN047438.1
MN047438.1_267	145787	145928	+	No_PHROG	unknown function	DNA, RNA and nucleotide metabolism	1.9364	0.1796	MN047438.1
MN047438.1_268	145995	146484	-	59	DNA, RNA and nucleotide metabolism	NA	NA	NA	MN047438.1
MN047438.1_269	146605	146749	-	No_PHROG	unknown function	moron, auxiliary metabolic gene and host takeover	5.0048	0.2037	MN047438.1
MN047438.1_270	146821	146917	-	No_PHROG	unknown function	moron, auxiliary metabolic gene and host takeover	5.0723	0.2529	MN047438.1
MN047438.1_271	146879	147011	+	3837	unknown function	DNA, RNA and nucleotide metabolism	2.0342	0.1754	MN047438.1
MN047438.1_272	147169	147415	+	3480	unknown function	integration and excision	1.4542	0.1766	MN047438.1
MN047438.1_273	147494	147965	+	2543	unknown function	integration and excision	1.2966	0.1713	MN047438.1
MN047438.1_274	147994	148120	+	7733	unknown function	integration and excision	2.2095	0.1522	MN047438.1
MN047438.1_275	148204	148384	+	4863	DNA, RNA and nucleotide metabolism	NA	NA	NA	MN047438.1
MN150710.1_0	140	338	+	10178	unknown function	integration and excision	1.0362	0.1580	MN150710.1
MN150710.1_1	330	633	+	6274	unknown function	DNA, RNA and nucleotide metabolism	4.1901	0.1733	MN150710.1
MN150710.1_2	650	887	+	6346	unknown function	DNA, RNA and nucleotide metabolism	4.3387	0.1831	MN150710.1
MN150710.1_3	910	1279	+	378	DNA, RNA and nucleotide metabolism	NA	NA	NA	MN150710.1
MN150710.1_4	1329	1509	+	7019	unknown function	DNA, RNA and nucleotide metabolism	2.5112	0.2446	MN150710.1
MN150710.1_5	1511	1925	+	7529	unknown function	DNA, RNA and nucleotide metabolism	3.1251	0.2466	MN150710.1
MN150710.1_6	1917	2088	+	8543	unknown function	moron, auxiliary metabolic gene and host takeover	9.2047	0.5582	MN150710.1
MN150710.1_7	2090	2573	+	6099	unknown function	DNA, RNA and nucleotide metabolism	2.7332	0.2440	MN150710.1
MN150710.1_8	2620	3868	+	2150	head and packaging	NA	NA	NA	MN150710.1
MN150710.1_9	3901	6169	+	1907	DNA, RNA and nucleotide metabolism	NA	NA	NA	MN150710.1
MN150710.1_10	6149	6260	-	No_PHROG	unknown function	lysis	1.2469	0.1905	MN150710.1
MN150710.1_11	6282	7722	-	1015	tail	NA	NA	NA	MN150710.1
MN150710.1_12	7696	8119	-	199	lysis	NA	NA	NA	MN150710.1
MN150710.1_13	8120	9884	-	2248	tail	NA	NA	NA	MN150710.1
MN150710.1_14	9940	11386	-	9604	tail	NA	NA	NA	MN150710.1
MN150710.1_15	11448	12201	-	635	lysis	NA	NA	NA	MN150710.1
MN150710.1_16	12212	14156	-	287	tail	NA	NA	NA	MN150710.1
MN150710.1_17	14168	14924	-	3225	connector	NA	NA	NA	MN150710.1
MN150710.1_18	14916	15900	-	2038	connector	NA	NA	NA	MN150710.1
MN150710.1_19	15914	17126	-	2006	head and packaging	NA	NA	NA	MN150710.1
MN150710.1_20	17132	17315	-	6289	unknown function	connector	2.1926	0.1790	MN150710.1
MN150710.1_21	17328	17736	-	7102	unknown function	moron, auxiliary metabolic gene and host takeover	2.4080	0.2178	MN150710.1
MN336261.1_0	2	128	+	7733	unknown function	DNA, RNA and nucleotide metabolism	1.4147	0.1794	MN336261.1
MN336261.1_1	212	392	+	4863	DNA, RNA and nucleotide metabolism	NA	NA	NA	MN336261.1
MN336261.1_2	475	577	+	22992	unknown function	lysis	1.4745	0.2216	MN336261.1
MN336261.1_3	646	742	-	No_PHROG	unknown function	lysis	1.2320	0.2598	MN336261.1
MN336261.1_4	725	962	-	2884	unknown function	moron, auxiliary metabolic gene and host takeover	8.3029	0.3727	MN336261.1
MN336261.1_5	963	1449	-	7534	unknown function	moron, auxiliary metabolic gene and host takeover	7.0444	0.2550	MN336261.1
MN336261.1_6	1461	1869	-	5770	unknown function	moron, auxiliary metabolic gene and host takeover	9.2004	0.5578	MN336261.1
MN336261.1_7	1868	2300	-	4355	unknown function	moron, auxiliary metabolic gene and host takeover	8.0659	0.3418	MN336261.1
MN336261.1_8	2302	2494	-	4249	unknown function	moron, auxiliary metabolic gene and host takeover	9.6821	0.7647	MN336261.1
MN336261.1_9	2490	2976	-	3619	unknown function	moron, auxiliary metabolic gene and host takeover	9.5586	0.6947	MN336261.1
MN336261.1_10	2968	3400	-	2349	unknown function	moron, auxiliary metabolic gene and host takeover	5.2420	0.2496	MN336261.1
MN336261.1_11	3413	3956	-	4045	unknown function	DNA, RNA and nucleotide metabolism	2.6297	0.2442	MN336261.1
MN336261.1_12	3967	4456	-	1017	unknown function	DNA, RNA and nucleotide metabolism	9.1841	0.5507	MN336261.1
MN336261.1_13	4468	4867	-	3857	unknown function	DNA, RNA and nucleotide metabolism	1.9961	0.2041	MN336261.1
MN336261.1_14	4863	5571	-	246	other	NA	NA	NA	MN336261.1
MN336261.1_15	5670	6225	-	2981	unknown function	moron, auxiliary metabolic gene and host takeover	5.9208	0.1969	MN336261.1
MN336261.1_16	6240	6558	-	4178	tail	NA	NA	NA	MN336261.1
MN336261.1_17	6626	6740	+	No_PHROG	unknown function	moron, auxiliary metabolic gene and host takeover	5.1121	0.2319	MN336261.1
MN336261.1_18	6748	6925	+	No_PHROG	unknown function	moron, auxiliary metabolic gene and host takeover	4.9277	0.2367	MN336261.1
MN336261.1_19	6921	7050	-	No_PHROG	unknown function	moron, auxiliary metabolic gene and host takeover	3.5227	0.2026	MN336261.1
MN336261.1_20	7127	7328	-	27748	unknown function	moron, auxiliary metabolic gene and host takeover	1.7970	0.2551	MN336261.1
MN336261.1_21	7327	7429	-	No_PHROG	unknown function	moron, auxiliary metabolic gene and host takeover	2.6991	0.2066	MN336261.1
MN336261.1_22	7543	8092	-	2948	unknown function	moron, auxiliary metabolic gene and host takeover	7.8628	0.3188	MN336261.1
MN336261.1_23	8095	8314	-	3686	unknown function	moron, auxiliary metabolic gene and host takeover	7.0123	0.3107	MN336261.1
MN336261.1_24	8314	8509	-	3950	unknown function	moron, auxiliary metabolic gene and host takeover	4.3900	0.2664	MN336261.1
MN336261.1_25	8498	9236	-	3464	DNA, RNA and nucleotide metabolism	NA	NA	NA	MN336261.1
MN336261.1_26	9298	9403	-	5230	unknown function	moron, auxiliary metabolic gene and host takeover	8.2909	0.3696	MN336261.1
MN336261.1_27	9414	9654	-	3697	unknown function	moron, auxiliary metabolic gene and host takeover	6.4188	0.2990	MN336261.1
MN336261.1_28	9655	10045	-	28554	other	NA	NA	NA	MN336261.1
MN336261.1_29	10143	10317	-	3504	other	NA	NA	NA	MN336261.1
MN336261.1_30	10357	10840	-	3319	unknown function	moron, auxiliary metabolic gene and host takeover	5.0858	0.2279	MN336261.1
MN336261.1_31	10889	11432	-	3635	unknown function	moron, auxiliary metabolic gene and host takeover	4.5393	0.1945	MN336261.1
MN336261.1_32	11431	11965	-	3702	unknown function	moron, auxiliary metabolic gene and host takeover	3.9712	0.2356	MN336261.1
MN336261.1_33	11967	12132	-	152	transcription regulation	NA	NA	NA	MN336261.1
MN336261.1_34	12134	12410	-	3751	moron, auxiliary metabolic gene and host takeover	NA	NA	NA	MN336261.1
MN336261.1_35	12409	13255	-	1909	head and packaging	NA	NA	NA	MN336261.1
MN336261.1_36	13266	14385	-	249	moron, auxiliary metabolic gene and host takeover	NA	NA	NA	MN336261.1
MN336261.1_37	14400	14508	+	No_PHROG	unknown function	DNA, RNA and nucleotide metabolism	1.7383	0.1578	MN336261.1
MN336261.1_38	14538	14865	-	2861	unknown function	DNA, RNA and nucleotide metabolism	1.1973	0.1901	MN336261.1
MN336261.1_39	14857	15274	-	2708	other	NA	NA	NA	MN336261.1
MN336261.1_40	15407	15710	-	715	other	NA	NA	NA	MN336261.1
MN336261.1_41	15709	15898	-	3048	unknown function	DNA, RNA and nucleotide metabolism	1.5491	0.2157	MN336261.1
MN336261.1_42	15941	16103	-	2966	unknown function	DNA, RNA and nucleotide metabolism	1.3592	0.2100	MN336261.1
MN336261.1_43	16102	18151	-	3200	unknown function	DNA, RNA and nucleotide metabolism	3.2176	0.2051	MN336261.1
MN336261.1_44	18228	18492	-	2811	head and packaging	NA	NA	NA	MN336261.1
MN336261.1_45	18508	18682	-	1274	lysis	NA	NA	NA	MN336261.1
MN336261.1_46	18688	19267	-	2642	unknown function	lysis	3.0150	0.3732	MN336261.1
MN336261.1_47	19259	19886	-	1817	DNA, RNA and nucleotide metabolism	NA	NA	NA	MN336261.1
MN336261.1_48	19878	20775	-	548	DNA, RNA and nucleotide metabolism	NA	NA	NA	MN336261.1
MN336261.1_49	20774	20999	-	3093	unknown function	lysis	3.5068	0.2306	MN336261.1
MN336261.1_50	21067	21808	-	170	other	NA	NA	NA	MN336261.1
MN336261.1_51	21859	22474	-	2995	unknown function	DNA, RNA and nucleotide metabolism	2.2537	0.2343	MN336261.1
MN336261.1_52	22489	22915	-	531	DNA, RNA and nucleotide metabolism	NA	NA	NA	MN336261.1
MN336261.1_53	22904	23096	-	2706	unknown function	moron, auxiliary metabolic gene and host takeover	7.4014	0.3495	MN336261.1
MN336261.1_54	23118	23760	-	2896	unknown function	DNA, RNA and nucleotide metabolism	2.8243	0.2128	MN336261.1
MN336261.1_55	23749	23980	-	3	transcription regulation	NA	NA	NA	MN336261.1
MN336261.1_56	23982	24210	-	2770	unknown function	lysis	1.4811	0.2201	MN336261.1
MN336261.1_57	24319	25012	-	3310	other	NA	NA	NA	MN336261.1
MN336261.1_58	25198	25834	-	374	DNA, RNA and nucleotide metabolism	NA	NA	NA	MN336261.1
MN336261.1_59	25900	26692	-	200	other	NA	NA	NA	MN336261.1
MN336261.1_60	26691	27000	-	3667	unknown function	lysis	1.0056	0.2438	MN336261.1
MN336261.1_61	27112	27742	-	833	lysis	NA	NA	NA	MN336261.1
MN336261.1_62	27977	28067	-	No_PHROG	unknown function	DNA, RNA and nucleotide metabolism	1.2318	0.1698	MN336261.1
MN336261.1_63	28012	28513	-	59	DNA, RNA and nucleotide metabolism	NA	NA	NA	MN336261.1
MN336261.1_64	28605	28707	+	No_PHROG	unknown function	lysis	3.0005	0.1866	MN336261.1
MN336261.1_65	28672	29476	-	635	lysis	NA	NA	NA	MN336261.1
MN336261.1_66	29475	29979	-	962	lysis	NA	NA	NA	MN336261.1
MN336261.1_67	30063	30249	-	987	unknown function	DNA, RNA and nucleotide metabolism	2.7874	0.2057	MN336261.1
MN336261.1_68	30311	30440	+	No_PHROG	unknown function	head and packaging	1.0795	0.2158	MN336261.1
MN336261.1_69	30650	30755	+	No_PHROG	unknown function	moron, auxiliary metabolic gene and host takeover	8.3512	0.3793	MN336261.1
MN336261.1_70	30924	31047	-	No_PHROG	unknown function	moron, auxiliary metabolic gene and host takeover	8.6310	0.4237	MN336261.1
MN336261.1_71	31437	31545	+	No_PHROG	unknown function	moron, auxiliary metabolic gene and host takeover	9.2688	0.5791	MN336261.1
MN336261.1_72	31545	31716	+	No_PHROG	unknown function	moron, auxiliary metabolic gene and host takeover	9.4964	0.6735	MN336261.1
MN336261.1_73	31795	32014	-	1257	moron, auxiliary metabolic gene and host takeover	NA	NA	NA	MN336261.1
MN336261.1_74	32127	32268	-	No_PHROG	unknown function	moron, auxiliary metabolic gene and host takeover	9.9123	0.9367	MN336261.1
MN336261.1_75	32491	32701	-	17190	head and packaging	NA	NA	NA	MN336261.1
MN336261.1_76	32713	33046	-	937	other	NA	NA	NA	MN336261.1
MN336261.1_77	33058	33385	-	1481	unknown function	head and packaging	1.7418	0.3629	MN336261.1
MN336261.1_78	33417	33684	-	4526	unknown function	moron, auxiliary metabolic gene and host takeover	9.8765	0.8957	MN336261.1
MN336261.1_79	33778	33871	-	No_PHROG	unknown function	head and packaging	1.8022	0.3725	MN336261.1
MN336261.1_80	33944	34211	+	3395	moron, auxiliary metabolic gene and host takeover	NA	NA	NA	MN336261.1
MN336261.1_81	34188	34467	+	1321	unknown function	head and packaging	5.4132	0.2895	MN336261.1
MN336261.1_82	34547	34874	+	1063	head and packaging	NA	NA	NA	MN336261.1
MN336261.1_83	34888	36706	+	675	head and packaging	NA	NA	NA	MN336261.1
MN336261.1_84	36698	37520	+	1917	head and packaging	NA	NA	NA	MN336261.1
MN336261.1_85	37590	37680	+	3863	unknown function	head and packaging	5.9764	0.2350	MN336261.1
MN336261.1_86	37676	38156	+	1116	moron, auxiliary metabolic gene and host takeover	NA	NA	NA	MN336261.1
MN336261.1_87	38248	39403	+	3094	unknown function	head and packaging	3.4502	0.2191	MN336261.1
MN336261.1_88	39544	39829	+	3937	unknown function	head and packaging	2.0450	0.2757	MN336261.1
MN336261.1_89	39906	40218	+	1108	head and packaging	NA	NA	NA	MN336261.1
MN336261.1_90	40221	41913	+	12	head and packaging	NA	NA	NA	MN336261.1
MN336261.1_91	42139	42880	+	1028	head and packaging	NA	NA	NA	MN336261.1
MN336261.1_92	42898	43855	+	1133	unknown function	head and packaging	9.1739	0.5492	MN336261.1
MN336261.1_93	43970	45362	+	752	head and packaging	NA	NA	NA	MN336261.1
MN336261.1_94	45453	45750	+	1205	unknown function	head and packaging	7.3894	0.3302	MN336261.1
MN336261.1_95	45762	46671	+	772	tail	NA	NA	NA	MN336261.1
MN336261.1_96	46684	47563	+	1004	head and packaging	NA	NA	NA	MN336261.1
MN336261.1_97	47562	48183	+	1127	connector	NA	NA	NA	MN336261.1
MN336261.1_98	48201	49038	+	1000	tail	NA	NA	NA	MN336261.1
MN336261.1_99	49039	49255	+	1151	unknown function	head and packaging	7.7873	0.3736	MN336261.1
MN336261.1_100	49281	51045	+	279	tail	NA	NA	NA	MN336261.1
MN336261.1_101	51117	51546	+	985	head and packaging	NA	NA	NA	MN336261.1
MN336261.1_102	51642	51783	+	2701	unknown function	head and packaging	6.6804	0.3073	MN336261.1
MN336261.1_103	51825	52284	+	1905	unknown function	head and packaging	4.2219	0.2881	MN336261.1
MN336261.1_104	52296	52491	+	4320	moron, auxiliary metabolic gene and host takeover	NA	NA	NA	MN336261.1
MN336261.1_105	52572	52884	+	2754	head and packaging	NA	NA	NA	MN336261.1
MN336261.1_106	53015	53474	+	1038	tail	NA	NA	NA	MN336261.1
MN336261.1_107	53517	54054	+	1316	DNA, RNA and nucleotide metabolism	NA	NA	NA	MN336261.1
MN336261.1_108	54109	58165	+	1047	tail	NA	NA	NA	MN336261.1
MN336261.1_109	58243	60670	+	1015	tail	NA	NA	NA	MN336261.1
MN336261.1_110	60683	61571	+	2677	tail	NA	NA	NA	MN336261.1
MN336261.1_111	61570	64117	+	2204	other	NA	NA	NA	MN336261.1
MN336261.1_112	64223	65015	+	1011	head and packaging	NA	NA	NA	MN336261.1
MN336261.1_113	65014	65539	+	1073	unknown function	head and packaging	5.8773	0.2796	MN336261.1
MN336261.1_114	65538	66243	+	975	tail	NA	NA	NA	MN336261.1
MN336261.1_115	66257	67304	+	6	tail	NA	NA	NA	MN336261.1
MN336261.1_116	67324	70384	+	2386	head and packaging	NA	NA	NA	MN336261.1
MN336261.1_117	70494	71016	+	1394	head and packaging	NA	NA	NA	MN336261.1
MN336261.1_118	71036	74495	+	25864	tail	NA	NA	NA	MN336261.1
MN336261.1_119	74543	74702	+	1074	unknown function	head and packaging	3.3304	0.2535	MN336261.1
MN336261.1_120	74702	76625	+	2665	head and packaging	NA	NA	NA	MN336261.1
MN336261.1_121	76647	77022	+	2671	tail	NA	NA	NA	MN336261.1
MN336261.1_122	77028	78405	+	2691	tail	NA	NA	NA	MN336261.1
MN336261.1_123	78496	80245	+	16	DNA, RNA and nucleotide metabolism	NA	NA	NA	MN336261.1
MN336261.1_124	80256	81870	+	1098	DNA, RNA and nucleotide metabolism	NA	NA	NA	MN336261.1
MN336261.1_125	81862	83305	+	19	DNA, RNA and nucleotide metabolism	NA	NA	NA	MN336261.1
MN336261.1_126	83383	84421	+	100	DNA, RNA and nucleotide metabolism	NA	NA	NA	MN336261.1
MN336261.1_127	84420	84798	+	2773	unknown function	moron, auxiliary metabolic gene and host takeover	8.7952	0.4550	MN336261.1
MN336261.1_128	84797	86717	+	77	DNA, RNA and nucleotide metabolism	NA	NA	NA	MN336261.1
MN336261.1_129	86716	87313	+	1070	moron, auxiliary metabolic gene and host takeover	NA	NA	NA	MN336261.1
MN336261.1_130	87327	88395	+	47	DNA, RNA and nucleotide metabolism	NA	NA	NA	MN336261.1
MN336261.1_131	88461	88800	+	1291	unknown function	moron, auxiliary metabolic gene and host takeover	9.1003	0.5293	MN336261.1
MN336261.1_132	88799	89252	+	1095	head and packaging	NA	NA	NA	MN336261.1
MN336261.1_133	89238	89847	+	244	DNA, RNA and nucleotide metabolism	NA	NA	NA	MN336261.1
MN336261.1_134	89863	90256	+	883	moron, auxiliary metabolic gene and host takeover	NA	NA	NA	MN336261.1
MN336261.1_135	90270	92385	+	84	DNA, RNA and nucleotide metabolism	NA	NA	NA	MN336261.1
MN336261.1_136	92398	93448	+	86	DNA, RNA and nucleotide metabolism	NA	NA	NA	MN336261.1
MN336261.1_137	93465	93795	+	2797	unknown function	moron, auxiliary metabolic gene and host takeover	7.3558	0.2839	MN336261.1
MN336261.1_138	93778	94099	+	22	DNA, RNA and nucleotide metabolism	NA	NA	NA	MN336261.1
MN336261.1_139	94127	94235	-	No_PHROG	unknown function	moron, auxiliary metabolic gene and host takeover	9.7398	0.8046	MN336261.1
MN336261.1_140	94305	94902	+	15477	other	NA	NA	NA	MN336261.1
MN336261.1_141	94911	95217	+	379	DNA, RNA and nucleotide metabolism	NA	NA	NA	MN336261.1
MN336261.1_142	95292	96165	+	4008	DNA, RNA and nucleotide metabolism	NA	NA	NA	MN336261.1
MN336261.1_143	96330	96843	+	2340	DNA, RNA and nucleotide metabolism	NA	NA	NA	MN336261.1
MN336261.1_144	96978	98322	+	17	DNA, RNA and nucleotide metabolism	NA	NA	NA	MN336261.1
MN336261.1_145	98387	98483	+	No_PHROG	unknown function	DNA, RNA and nucleotide metabolism	2.7407	0.2094	MN336261.1
MN336261.1_146	98589	99297	+	59	DNA, RNA and nucleotide metabolism	NA	NA	NA	MN336261.1
MN336261.1_147	99357	99462	-	No_PHROG	unknown function	DNA, RNA and nucleotide metabolism	3.2786	0.2100	MN336261.1
MN336261.1_148	99530	100391	+	2573	DNA, RNA and nucleotide metabolism	NA	NA	NA	MN336261.1
MN336261.1_149	100459	100702	+	3621	unknown function	head and packaging	1.2059	0.1692	MN336261.1
MN336261.1_150	100718	101201	+	1069	DNA, RNA and nucleotide metabolism	NA	NA	NA	MN336261.1
MN336261.1_151	101287	102559	+	2672	DNA, RNA and nucleotide metabolism	NA	NA	NA	MN336261.1
MN336261.1_152	102618	103875	+	97	other	NA	NA	NA	MN336261.1
MN336261.1_153	103878	104232	+	1089	unknown function	moron, auxiliary metabolic gene and host takeover	1.2430	0.2398	MN336261.1
MN336261.1_154	104218	104881	+	1025	transcription regulation	NA	NA	NA	MN336261.1
MN336261.1_155	104886	104985	+	No_PHROG	unknown function	moron, auxiliary metabolic gene and host takeover	4.8656	0.2579	MN336261.1
MN336261.1_156	105008	105641	+	1240	other	NA	NA	NA	MN336261.1
MN336261.1_157	105654	106176	+	341	tail	NA	NA	NA	MN336261.1
MN336261.1_158	106190	106418	+	1696	tail	NA	NA	NA	MN336261.1
MN336261.1_159	106513	106774	+	2673	unknown function	head and packaging	3.0983	0.2137	MN336261.1
MN336261.1_160	106777	107533	+	1850	other	NA	NA	NA	MN336261.1
MN336261.1_161	107525	108776	+	284	DNA, RNA and nucleotide metabolism	NA	NA	NA	MN336261.1
MN336261.1_162	108789	109158	+	2892	unknown function	moron, auxiliary metabolic gene and host takeover	8.2012	0.3890	MN336261.1
MN336261.1_163	109144	109456	+	3644	unknown function	head and packaging	1.1945	0.2206	MN336261.1
MN336261.1_164	109519	110056	+	1080	unknown function	head and packaging	2.6121	0.2160	MN336261.1
MN336261.1_165	110048	110816	+	984	DNA, RNA and nucleotide metabolism	NA	NA	NA	MN336261.1
MN336261.1_166	110793	111240	+	2356	unknown function	head and packaging	3.3479	0.2099	MN336261.1
MN336261.1_167	111239	112103	+	1113	head and packaging	NA	NA	NA	MN336261.1
MN336261.1_168	112474	113206	+	1007	unknown function	head and packaging	7.2222	0.3177	MN336261.1
MN336261.1_169	113223	113682	+	1104	head and packaging	NA	NA	NA	MN336261.1
MN336261.1_170	113746	114190	+	1303	DNA, RNA and nucleotide metabolism	NA	NA	NA	MN336261.1
MN336261.1_171	114206	114911	+	2726	unknown function	head and packaging	2.1070	0.1751	MN336261.1
MN336261.1_172	114972	115371	+	2863	moron, auxiliary metabolic gene and host takeover	NA	NA	NA	MN336261.1
MN336261.1_173	115517	115760	+	3157	unknown function	head and packaging	1.9524	0.1771	MN336261.1
MN336261.1_174	115764	115929	+	6754	unknown function	moron, auxiliary metabolic gene and host takeover	6.0613	0.2074	MN336261.1
MN336261.1_175	115915	116095	+	7869	unknown function	head and packaging	2.1168	0.1937	MN336261.1
MN336261.1_176	116130	116307	+	3664	DNA, RNA and nucleotide metabolism	NA	NA	NA	MN336261.1
MN336261.1_177	116296	116830	+	3854	moron, auxiliary metabolic gene and host takeover	NA	NA	NA	MN336261.1
MN336261.1_178	116844	117093	+	4009	unknown function	moron, auxiliary metabolic gene and host takeover	9.6690	0.7541	MN336261.1
MN336261.1_179	117104	117281	+	3524	unknown function	DNA, RNA and nucleotide metabolism	1.0645	0.2361	MN336261.1
MN336261.1_180	117273	117570	+	3128	unknown function	DNA, RNA and nucleotide metabolism	1.1841	0.2172	MN336261.1
MN336261.1_181	117617	117800	+	3640	moron, auxiliary metabolic gene and host takeover	NA	NA	NA	MN336261.1
MN336261.1_182	117812	118181	+	3669	unknown function	moron, auxiliary metabolic gene and host takeover	8.0855	0.3437	MN336261.1
MN336261.1_183	118193	118541	+	2988	unknown function	moron, auxiliary metabolic gene and host takeover	6.1406	0.2473	MN336261.1
MN336261.1_184	118546	118819	+	3804	unknown function	moron, auxiliary metabolic gene and host takeover	9.5950	0.7187	MN336261.1
MN336261.1_185	118888	119194	+	3143	unknown function	DNA, RNA and nucleotide metabolism	1.7072	0.2267	MN336261.1
MN336261.1_186	119208	119559	+	3752	DNA, RNA and nucleotide metabolism	NA	NA	NA	MN336261.1
MN336261.1_187	119558	120161	+	4208	DNA, RNA and nucleotide metabolism	NA	NA	NA	MN336261.1
MN336261.1_188	120174	120354	+	3701	unknown function	moron, auxiliary metabolic gene and host takeover	6.5058	0.2871	MN336261.1
MN336261.1_189	120482	120581	+	No_PHROG	unknown function	moron, auxiliary metabolic gene and host takeover	9.0891	0.5239	MN336261.1
MN336261.1_190	120580	120982	+	1486	moron, auxiliary metabolic gene and host takeover	NA	NA	NA	MN336261.1
MN336261.1_191	120983	121244	+	11913	unknown function	moron, auxiliary metabolic gene and host takeover	9.3303	0.5999	MN336261.1
MN336261.1_192	121295	121583	+	1486	moron, auxiliary metabolic gene and host takeover	NA	NA	NA	MN336261.1
MN336261.1_193	121593	121710	+	4580	transcription regulation	NA	NA	NA	MN336261.1
MN336261.1_194	121699	121963	+	4584	other	NA	NA	NA	MN336261.1
MN336261.1_195	122039	122219	+	4743	unknown function	moron, auxiliary metabolic gene and host takeover	9.8617	0.8895	MN336261.1
MN336261.1_196	122233	122497	+	4418	unknown function	moron, auxiliary metabolic gene and host takeover	5.1617	0.2654	MN336261.1
MN336261.1_197	122499	122817	+	4081	unknown function	moron, auxiliary metabolic gene and host takeover	5.2547	0.2322	MN336261.1
MN336261.1_198	122817	123498	+	4650	unknown function	DNA, RNA and nucleotide metabolism	2.2545	0.2068	MN336261.1
MN336261.1_199	123586	123745	+	4430	moron, auxiliary metabolic gene and host takeover	NA	NA	NA	MN336261.1
MN336261.1_200	123779	123980	+	3453	unknown function	moron, auxiliary metabolic gene and host takeover	5.8966	0.2177	MN336261.1
MN336261.1_201	123980	124271	+	4096	unknown function	moron, auxiliary metabolic gene and host takeover	8.9083	0.4784	MN336261.1
MN336261.1_202	124362	124671	+	1099	DNA, RNA and nucleotide metabolism	NA	NA	NA	MN336261.1
MN336261.1_203	124667	125576	+	619	other	NA	NA	NA	MN336261.1
MN336261.1_204	125593	127063	+	448	other	NA	NA	NA	MN336261.1
MN336261.1_205	127141	127387	+	4028	unknown function	moron, auxiliary metabolic gene and host takeover	4.1835	0.2846	MN336261.1
MN336261.1_206	127406	127799	+	3847	unknown function	DNA, RNA and nucleotide metabolism	1.1903	0.2014	MN336261.1
MN336261.1_207	127800	128022	+	4340	unknown function	moron, auxiliary metabolic gene and host takeover	3.3750	0.3121	MN336261.1
MN336261.1_208	128087	128399	+	6716	other	NA	NA	NA	MN336261.1
MN336261.1_209	128401	128911	+	4855	lysis	NA	NA	NA	MN336261.1
MN336261.1_210	128912	129242	+	4637	unknown function	moron, auxiliary metabolic gene and host takeover	1.6542	0.1762	MN336261.1
MN336261.1_211	129247	129442	+	4983	unknown function	moron, auxiliary metabolic gene and host takeover	2.2446	0.2267	MN336261.1
MN336261.1_212	129465	129780	+	5741	unknown function	moron, auxiliary metabolic gene and host takeover	2.6682	0.2454	MN336261.1
MN336261.1_213	129794	129962	+	5729	unknown function	moron, auxiliary metabolic gene and host takeover	4.3767	0.2628	MN336261.1
MN336261.1_214	129998	130100	+	7862	unknown function	moron, auxiliary metabolic gene and host takeover	9.4125	0.6357	MN336261.1
MN336261.1_215	130198	130447	+	24718	unknown function	DNA, RNA and nucleotide metabolism	2.0885	0.3264	MN336261.1
MN336261.1_216	130453	130594	+	No_PHROG	unknown function	DNA, RNA and nucleotide metabolism	1.0226	0.2536	MN336261.1
MN336261.1_217	130600	130831	+	24718	unknown function	DNA, RNA and nucleotide metabolism	2.7252	0.3167	MN336261.1
MN336261.1_218	130837	130978	+	No_PHROG	unknown function	integration and excision	1.0248	0.2321	MN336261.1
MN336261.1_219	130984	131113	+	No_PHROG	unknown function	integration and excision	1.0814	0.2279	MN336261.1
MN336261.1_220	131119	131368	+	24718	unknown function	moron, auxiliary metabolic gene and host takeover	3.8214	0.3096	MN336261.1
MN336261.1_221	131436	131673	+	24718	unknown function	moron, auxiliary metabolic gene and host takeover	6.8390	0.2641	MN336261.1
MN336261.1_222	131679	131802	+	24718	unknown function	moron, auxiliary metabolic gene and host takeover	6.6191	0.2809	MN336261.1
MN336261.1_223	131787	131883	-	No_PHROG	unknown function	integration and excision	1.0484	0.1839	MN336261.1
MN336261.1_224	131976	132084	+	No_PHROG	unknown function	moron, auxiliary metabolic gene and host takeover	6.1364	0.2618	MN336261.1
MN336261.1_225	132188	132488	+	654	unknown function	moron, auxiliary metabolic gene and host takeover	3.5645	0.2088	MN336261.1
MN336261.1_226	132503	132689	+	3204	unknown function	moron, auxiliary metabolic gene and host takeover	8.7052	0.4442	MN336261.1
MN336261.1_227	132795	133086	+	654	unknown function	integration and excision	1.1402	0.2218	MN336261.1
MN336261.1_228	133085	133373	+	654	unknown function	moron, auxiliary metabolic gene and host takeover	4.3660	0.2378	MN336261.1
MN336261.1_229	133372	133666	+	654	unknown function	DNA, RNA and nucleotide metabolism	1.0150	0.2237	MN336261.1
MN336261.1_230	133669	133927	+	1099	DNA, RNA and nucleotide metabolism	NA	NA	NA	MN336261.1
MN336261.1_231	134004	134244	+	1099	DNA, RNA and nucleotide metabolism	NA	NA	NA	MN336261.1
MN336261.1_232	134254	134602	+	3522	unknown function	integration and excision	1.8066	0.2132	MN336261.1
MN336261.1_233	134810	135149	-	3077	unknown function	DNA, RNA and nucleotide metabolism	1.0719	0.2158	MN336261.1
MN336261.1_234	135127	135286	+	No_PHROG	unknown function	moron, auxiliary metabolic gene and host takeover	6.9433	0.3372	MN336261.1
MN336261.1_235	135299	135413	-	No_PHROG	unknown function	moron, auxiliary metabolic gene and host takeover	4.9261	0.2185	MN336261.1
MN336261.1_236	135459	135768	+	2601	unknown function	integration and excision	1.8710	0.1833	MN336261.1
MN336261.1_237	135786	135921	-	No_PHROG	unknown function	DNA, RNA and nucleotide metabolism	1.0188	0.1604	MN336261.1
MN336261.1_238	135973	136258	+	3164	unknown function	integration and excision	2.1487	0.1784	MN336261.1
MN336261.1_239	136332	136524	+	3388	other	NA	NA	NA	MN336261.1
MN336261.1_240	136510	136606	+	No_PHROG	unknown function	moron, auxiliary metabolic gene and host takeover	4.5909	0.2304	MN336261.1
MN336261.1_241	136632	136773	+	No_PHROG	unknown function	integration and excision	1.7181	0.1826	MN336261.1
MN336261.1_242	136840	137329	-	59	DNA, RNA and nucleotide metabolism	NA	NA	NA	MN336261.1
MN336261.1_243	137450	137594	-	No_PHROG	unknown function	moron, auxiliary metabolic gene and host takeover	6.1669	0.2331	MN336261.1
MN336261.1_244	137666	137762	-	No_PHROG	unknown function	moron, auxiliary metabolic gene and host takeover	7.0350	0.3532	MN336261.1
MN336261.1_245	137724	137856	+	3837	unknown function	integration and excision	1.2394	0.1939	MN336261.1
MN336261.1_246	138023	138347	+	3276	unknown function	moron, auxiliary metabolic gene and host takeover	4.9159	0.2353	MN336261.1
MN336261.1_247	138446	138683	+	3480	unknown function	integration and excision	3.0239	0.2014	MN336261.1
MN336261.1_248	138762	139233	+	2543	unknown function	integration and excision	1.4885	0.1948	MN336261.1
MN336261.1_249	139291	139465	+	3789	unknown function	head and packaging	1.1258	0.1657	MN336261.1
MN336261.1_250	139464	139605	+	3549	unknown function	DNA, RNA and nucleotide metabolism	1.1836	0.1624	MN336261.1
MN336262.1_0	2	128	+	7733	unknown function	DNA, RNA and nucleotide metabolism	1.3809	0.1806	MN336262.1
MN336262.1_1	212	392	+	4863	DNA, RNA and nucleotide metabolism	NA	NA	NA	MN336262.1
MN336262.1_2	475	577	+	22992	unknown function	lysis	1.4868	0.2240	MN336262.1
MN336262.1_3	646	742	-	No_PHROG	unknown function	lysis	1.2597	0.2637	MN336262.1
MN336262.1_4	725	962	-	2884	unknown function	moron, auxiliary metabolic gene and host takeover	8.3583	0.3804	MN336262.1
MN336262.1_5	963	1449	-	7534	unknown function	moron, auxiliary metabolic gene and host takeover	7.0666	0.2571	MN336262.1
MN336262.1_6	1461	1869	-	5770	unknown function	moron, auxiliary metabolic gene and host takeover	9.2132	0.5617	MN336262.1
MN336262.1_7	1868	2300	-	4355	unknown function	moron, auxiliary metabolic gene and host takeover	8.0963	0.3454	MN336262.1
MN336262.1_8	2302	2494	-	4249	unknown function	moron, auxiliary metabolic gene and host takeover	9.6805	0.7695	MN336262.1
MN336262.1_9	2490	2976	-	3619	unknown function	moron, auxiliary metabolic gene and host takeover	9.5720	0.7012	MN336262.1
MN336262.1_10	2968	3400	-	2349	unknown function	moron, auxiliary metabolic gene and host takeover	5.2956	0.2521	MN336262.1
MN336262.1_11	3413	3956	-	4045	unknown function	DNA, RNA and nucleotide metabolism	2.6419	0.2452	MN336262.1
MN336262.1_12	3967	4456	-	1017	unknown function	DNA, RNA and nucleotide metabolism	9.1670	0.5456	MN336262.1
MN336262.1_13	4468	4867	-	3857	unknown function	DNA, RNA and nucleotide metabolism	1.9788	0.2053	MN336262.1
MN336262.1_14	4863	5571	-	246	other	NA	NA	NA	MN336262.1
MN336262.1_15	5670	6225	-	2981	unknown function	moron, auxiliary metabolic gene and host takeover	5.9560	0.1983	MN336262.1
MN336262.1_16	6240	6558	-	4178	tail	NA	NA	NA	MN336262.1
MN336262.1_17	6626	6740	+	No_PHROG	unknown function	moron, auxiliary metabolic gene and host takeover	5.1024	0.2316	MN336262.1
MN336262.1_18	6748	6925	+	No_PHROG	unknown function	moron, auxiliary metabolic gene and host takeover	4.9183	0.2368	MN336262.1
MN336262.1_19	6921	7050	-	No_PHROG	unknown function	moron, auxiliary metabolic gene and host takeover	3.5418	0.2029	MN336262.1
MN336262.1_20	7127	7328	-	27748	unknown function	moron, auxiliary metabolic gene and host takeover	1.8028	0.2562	MN336262.1
MN336262.1_21	7327	7429	-	No_PHROG	unknown function	moron, auxiliary metabolic gene and host takeover	2.7261	0.2070	MN336262.1
MN336262.1_22	7543	8092	-	2948	unknown function	moron, auxiliary metabolic gene and host takeover	7.8516	0.3176	MN336262.1
MN336262.1_23	8095	8314	-	3686	unknown function	moron, auxiliary metabolic gene and host takeover	7.0269	0.3110	MN336262.1
MN336262.1_24	8314	8509	-	3950	unknown function	moron, auxiliary metabolic gene and host takeover	4.4217	0.2674	MN336262.1
MN336262.1_25	8498	9236	-	3464	DNA, RNA and nucleotide metabolism	NA	NA	NA	MN336262.1
MN336262.1_26	9298	9403	-	5230	unknown function	moron, auxiliary metabolic gene and host takeover	8.2575	0.3651	MN336262.1
MN336262.1_27	9414	9654	-	3697	unknown function	moron, auxiliary metabolic gene and host takeover	6.3987	0.2988	MN336262.1
MN336262.1_28	9655	10045	-	28554	other	NA	NA	NA	MN336262.1
MN336262.1_29	10143	10317	-	3504	other	NA	NA	NA	MN336262.1
MN336262.1_30	10357	10840	-	3319	unknown function	moron, auxiliary metabolic gene and host takeover	5.0133	0.2289	MN336262.1
MN336262.1_31	10889	11432	-	3635	unknown function	moron, auxiliary metabolic gene and host takeover	4.5084	0.1943	MN336262.1
MN336262.1_32	11431	11965	-	3702	unknown function	moron, auxiliary metabolic gene and host takeover	3.9146	0.2364	MN336262.1
MN336262.1_33	11967	12132	-	152	transcription regulation	NA	NA	NA	MN336262.1
MN336262.1_34	12134	12410	-	3751	moron, auxiliary metabolic gene and host takeover	NA	NA	NA	MN336262.1
MN336262.1_35	12409	13255	-	1909	head and packaging	NA	NA	NA	MN336262.1
MN336262.1_36	13266	14385	-	249	moron, auxiliary metabolic gene and host takeover	NA	NA	NA	MN336262.1
MN336262.1_37	14400	14508	+	No_PHROG	unknown function	DNA, RNA and nucleotide metabolism	1.7247	0.1588	MN336262.1
MN336262.1_38	14538	14865	-	2861	unknown function	DNA, RNA and nucleotide metabolism	1.2468	0.1892	MN336262.1
MN336262.1_39	14857	15274	-	2708	other	NA	NA	NA	MN336262.1
MN336262.1_40	15407	15710	-	715	other	NA	NA	NA	MN336262.1
MN336262.1_41	15709	15898	-	3048	unknown function	DNA, RNA and nucleotide metabolism	1.5578	0.2158	MN336262.1
MN336262.1_42	15941	16103	-	2966	unknown function	DNA, RNA and nucleotide metabolism	1.3987	0.2127	MN336262.1
MN336262.1_43	16102	18151	-	3200	unknown function	DNA, RNA and nucleotide metabolism	3.2682	0.2054	MN336262.1
MN336262.1_44	18228	18492	-	2811	head and packaging	NA	NA	NA	MN336262.1
MN336262.1_45	18508	18682	-	1274	lysis	NA	NA	NA	MN336262.1
MN336262.1_46	18688	19267	-	2642	unknown function	lysis	2.9752	0.3756	MN336262.1
MN336262.1_47	19259	19886	-	1817	DNA, RNA and nucleotide metabolism	NA	NA	NA	MN336262.1
MN336262.1_48	19878	20775	-	548	DNA, RNA and nucleotide metabolism	NA	NA	NA	MN336262.1
MN336262.1_49	20774	20999	-	3093	unknown function	lysis	3.4816	0.2298	MN336262.1
MN336262.1_50	21067	21808	-	170	other	NA	NA	NA	MN336262.1
MN336262.1_51	21859	22474	-	2995	unknown function	DNA, RNA and nucleotide metabolism	2.2577	0.2363	MN336262.1
MN336262.1_52	22489	22915	-	531	DNA, RNA and nucleotide metabolism	NA	NA	NA	MN336262.1
MN336262.1_53	22904	23096	-	2706	unknown function	moron, auxiliary metabolic gene and host takeover	7.6348	0.3610	MN336262.1
MN336262.1_54	23118	23760	-	2896	unknown function	DNA, RNA and nucleotide metabolism	2.8192	0.2137	MN336262.1
MN336262.1_55	23749	23980	-	3	transcription regulation	NA	NA	NA	MN336262.1
MN336262.1_56	23982	24210	-	2770	unknown function	lysis	1.5624	0.2214	MN336262.1
MN336262.1_57	24319	25012	-	3310	other	NA	NA	NA	MN336262.1
MN336262.1_58	25198	25834	-	374	DNA, RNA and nucleotide metabolism	NA	NA	NA	MN336262.1
MN336262.1_59	25900	26692	-	200	other	NA	NA	NA	MN336262.1
MN336262.1_60	26691	27000	-	3667	unknown function	lysis	1.0464	0.2374	MN336262.1
MN336262.1_61	27112	27742	-	833	lysis	NA	NA	NA	MN336262.1
MN336262.1_62	27977	28067	-	No_PHROG	unknown function	DNA, RNA and nucleotide metabolism	1.2574	0.1696	MN336262.1
MN336262.1_63	28012	28513	-	59	DNA, RNA and nucleotide metabolism	NA	NA	NA	MN336262.1
MN336262.1_64	28605	28707	+	No_PHROG	unknown function	lysis	3.0465	0.1869	MN336262.1
MN336262.1_65	28672	29476	-	635	lysis	NA	NA	NA	MN336262.1
MN336262.1_66	29475	29979	-	962	lysis	NA	NA	NA	MN336262.1
MN336262.1_67	30063	30249	-	987	unknown function	DNA, RNA and nucleotide metabolism	2.8052	0.2069	MN336262.1
MN336262.1_68	30311	30440	+	No_PHROG	unknown function	head and packaging	1.0679	0.2179	MN336262.1
MN336262.1_69	30650	30755	+	No_PHROG	unknown function	moron, auxiliary metabolic gene and host takeover	8.4018	0.3866	MN336262.1
MN336262.1_70	30924	31047	-	No_PHROG	unknown function	moron, auxiliary metabolic gene and host takeover	8.6784	0.4323	MN336262.1
MN336262.1_71	31437	31545	+	No_PHROG	unknown function	moron, auxiliary metabolic gene and host takeover	9.2938	0.5876	MN336262.1
MN336262.1_72	31545	31716	+	No_PHROG	unknown function	moron, auxiliary metabolic gene and host takeover	9.5171	0.6828	MN336262.1
MN336262.1_73	31795	32014	-	1257	moron, auxiliary metabolic gene and host takeover	NA	NA	NA	MN336262.1
MN336262.1_74	32127	32268	-	No_PHROG	unknown function	moron, auxiliary metabolic gene and host takeover	9.9152	0.9388	MN336262.1
MN336262.1_75	32491	32701	-	17190	head and packaging	NA	NA	NA	MN336262.1
MN336262.1_76	32713	33046	-	937	other	NA	NA	NA	MN336262.1
MN336262.1_77	33058	33385	-	1481	unknown function	head and packaging	1.6645	0.3656	MN336262.1
MN336262.1_78	33417	33684	-	4526	unknown function	moron, auxiliary metabolic gene and host takeover	9.8783	0.8972	MN336262.1
MN336262.1_79	33778	33871	-	No_PHROG	unknown function	head and packaging	1.7697	0.3733	MN336262.1
MN336262.1_80	33944	34211	+	3395	moron, auxiliary metabolic gene and host takeover	NA	NA	NA	MN336262.1
MN336262.1_81	34188	34467	+	1321	unknown function	head and packaging	5.5025	0.2892	MN336262.1
MN336262.1_82	34547	34874	+	1063	head and packaging	NA	NA	NA	MN336262.1
MN336262.1_83	34888	36706	+	675	head and packaging	NA	NA	NA	MN336262.1
MN336262.1_84	36698	37520	+	1917	head and packaging	NA	NA	NA	MN336262.1
MN336262.1_85	37590	37680	+	3863	unknown function	head and packaging	6.0048	0.2357	MN336262.1
MN336262.1_86	37676	38156	+	1116	moron, auxiliary metabolic gene and host takeover	NA	NA	NA	MN336262.1
MN336262.1_87	38248	39403	+	3094	unknown function	head and packaging	3.4168	0.2182	MN336262.1
MN336262.1_88	39544	39829	+	3937	unknown function	head and packaging	2.0562	0.2751	MN336262.1
MN336262.1_89	39906	40218	+	1108	head and packaging	NA	NA	NA	MN336262.1
MN336262.1_90	40221	41913	+	12	head and packaging	NA	NA	NA	MN336262.1
MN336262.1_91	42139	42880	+	1028	head and packaging	NA	NA	NA	MN336262.1
MN336262.1_92	42898	43855	+	1133	unknown function	head and packaging	9.1701	0.5481	MN336262.1
MN336262.1_93	43970	45362	+	752	head and packaging	NA	NA	NA	MN336262.1
MN336262.1_94	45453	45750	+	1205	unknown function	head and packaging	7.4058	0.3319	MN336262.1
MN336262.1_95	45762	46671	+	772	tail	NA	NA	NA	MN336262.1
MN336262.1_96	46684	47563	+	1004	head and packaging	NA	NA	NA	MN336262.1
MN336262.1_97	47562	48183	+	1127	connector	NA	NA	NA	MN336262.1
MN336262.1_98	48201	49038	+	1000	tail	NA	NA	NA	MN336262.1
MN336262.1_99	49039	49255	+	1151	unknown function	head and packaging	7.7855	0.3732	MN336262.1
MN336262.1_100	49281	51045	+	279	tail	NA	NA	NA	MN336262.1
MN336262.1_101	51117	51546	+	985	head and packaging	NA	NA	NA	MN336262.1
MN336262.1_102	51642	51783	+	2701	unknown function	head and packaging	6.6706	0.3069	MN336262.1
MN336262.1_103	51825	52284	+	1905	unknown function	head and packaging	4.2084	0.2885	MN336262.1
MN336262.1_104	52296	52491	+	4320	moron, auxiliary metabolic gene and host takeover	NA	NA	NA	MN336262.1
MN336262.1_105	52572	52884	+	2754	head and packaging	NA	NA	NA	MN336262.1
MN336262.1_106	53015	53474	+	1038	tail	NA	NA	NA	MN336262.1
MN336262.1_107	53517	54054	+	1316	DNA, RNA and nucleotide metabolism	NA	NA	NA	MN336262.1
MN336262.1_108	54109	58165	+	1047	tail	NA	NA	NA	MN336262.1
MN336262.1_109	58243	60670	+	1015	tail	NA	NA	NA	MN336262.1
MN336262.1_110	60683	61571	+	2677	tail	NA	NA	NA	MN336262.1
MN336262.1_111	61570	64117	+	2204	other	NA	NA	NA	MN336262.1
MN336262.1_112	64223	65015	+	1011	head and packaging	NA	NA	NA	MN336262.1
MN336262.1_113	65014	65539	+	1073	unknown function	head and packaging	5.7723	0.2798	MN336262.1
MN336262.1_114	65538	66243	+	975	tail	NA	NA	NA	MN336262.1
MN336262.1_115	66257	67304	+	6	tail	NA	NA	NA	MN336262.1
MN336262.1_116	67324	70384	+	2386	head and packaging	NA	NA	NA	MN336262.1
MN336262.1_117	70494	71016	+	1394	head and packaging	NA	NA	NA	MN336262.1
MN336262.1_118	71036	74495	+	25864	tail	NA	NA	NA	MN336262.1
MN336262.1_119	74543	74702	+	1074	unknown function	head and packaging	3.3008	0.2540	MN336262.1
MN336262.1_120	74702	76625	+	2665	head and packaging	NA	NA	NA	MN336262.1
MN336262.1_121	76647	77022	+	2671	tail	NA	NA	NA	MN336262.1
MN336262.1_122	77028	78405	+	2691	tail	NA	NA	NA	MN336262.1
MN336262.1_123	78496	80245	+	16	DNA, RNA and nucleotide metabolism	NA	NA	NA	MN336262.1
MN336262.1_124	80256	81870	+	1098	DNA, RNA and nucleotide metabolism	NA	NA	NA	MN336262.1
MN336262.1_125	81862	83305	+	19	DNA, RNA and nucleotide metabolism	NA	NA	NA	MN336262.1
MN336262.1_126	83383	84421	+	100	DNA, RNA and nucleotide metabolism	NA	NA	NA	MN336262.1
MN336262.1_127	84420	84798	+	2773	unknown function	moron, auxiliary metabolic gene and host takeover	8.7998	0.4559	MN336262.1
MN336262.1_128	84797	86717	+	77	DNA, RNA and nucleotide metabolism	NA	NA	NA	MN336262.1
MN336262.1_129	86716	87313	+	1070	moron, auxiliary metabolic gene and host takeover	NA	NA	NA	MN336262.1
MN336262.1_130	87327	88395	+	47	DNA, RNA and nucleotide metabolism	NA	NA	NA	MN336262.1
MN336262.1_131	88461	88800	+	1291	unknown function	moron, auxiliary metabolic gene and host takeover	9.0761	0.5225	MN336262.1
MN336262.1_132	88799	89252	+	1095	head and packaging	NA	NA	NA	MN336262.1
MN336262.1_133	89238	89847	+	244	DNA, RNA and nucleotide metabolism	NA	NA	NA	MN336262.1
MN336262.1_134	89863	90256	+	883	moron, auxiliary metabolic gene and host takeover	NA	NA	NA	MN336262.1
MN336262.1_135	90270	92385	+	84	DNA, RNA and nucleotide metabolism	NA	NA	NA	MN336262.1
MN336262.1_136	92398	93448	+	86	DNA, RNA and nucleotide metabolism	NA	NA	NA	MN336262.1
MN336262.1_137	93465	93795	+	2797	unknown function	moron, auxiliary metabolic gene and host takeover	7.2065	0.2774	MN336262.1
MN336262.1_138	93778	94099	+	22	DNA, RNA and nucleotide metabolism	NA	NA	NA	MN336262.1
MN336262.1_139	94127	94235	-	No_PHROG	unknown function	moron, auxiliary metabolic gene and host takeover	9.6790	0.7699	MN336262.1
MN336262.1_140	94305	94902	+	15477	other	NA	NA	NA	MN336262.1
MN336262.1_141	94911	95217	+	379	DNA, RNA and nucleotide metabolism	NA	NA	NA	MN336262.1
MN336262.1_142	95292	96165	+	4008	DNA, RNA and nucleotide metabolism	NA	NA	NA	MN336262.1
MN336262.1_143	96330	96843	+	2340	DNA, RNA and nucleotide metabolism	NA	NA	NA	MN336262.1
MN336262.1_144	96978	98322	+	17	DNA, RNA and nucleotide metabolism	NA	NA	NA	MN336262.1
MN336262.1_145	98387	98483	+	No_PHROG	unknown function	DNA, RNA and nucleotide metabolism	2.7329	0.2107	MN336262.1
MN336262.1_146	98589	99297	+	59	DNA, RNA and nucleotide metabolism	NA	NA	NA	MN336262.1
MN336262.1_147	99357	99462	-	No_PHROG	unknown function	DNA, RNA and nucleotide metabolism	3.1724	0.2176	MN336262.1
MN336262.1_148	99530	100391	+	2573	DNA, RNA and nucleotide metabolism	NA	NA	NA	MN336262.1
MN336262.1_149	100459	100702	+	3621	unknown function	head and packaging	1.1083	0.1714	MN336262.1
MN336262.1_150	100718	101201	+	1069	DNA, RNA and nucleotide metabolism	NA	NA	NA	MN336262.1
MN336262.1_151	101287	102559	+	2672	DNA, RNA and nucleotide metabolism	NA	NA	NA	MN336262.1
MN336262.1_152	102618	103875	+	97	other	NA	NA	NA	MN336262.1
MN336262.1_153	103878	104232	+	1089	unknown function	moron, auxiliary metabolic gene and host takeover	1.2388	0.2429	MN336262.1
MN336262.1_154	104218	104881	+	1025	transcription regulation	NA	NA	NA	MN336262.1
MN336262.1_155	104886	104985	+	No_PHROG	unknown function	moron, auxiliary metabolic gene and host takeover	4.9587	0.2570	MN336262.1
MN336262.1_156	105008	105641	+	1240	other	NA	NA	NA	MN336262.1
MN336262.1_157	105654	106176	+	341	tail	NA	NA	NA	MN336262.1
MN336262.1_158	106190	106418	+	1696	tail	NA	NA	NA	MN336262.1
MN336262.1_159	106513	106774	+	2673	unknown function	head and packaging	3.1306	0.2132	MN336262.1
MN336262.1_160	106777	107533	+	1850	other	NA	NA	NA	MN336262.1
MN336262.1_161	107525	108776	+	284	DNA, RNA and nucleotide metabolism	NA	NA	NA	MN336262.1
MN336262.1_162	108789	109158	+	2892	unknown function	moron, auxiliary metabolic gene and host takeover	8.1565	0.3857	MN336262.1
MN336262.1_163	109144	109456	+	3644	unknown function	head and packaging	1.3038	0.2203	MN336262.1
MN336262.1_164	109519	110056	+	1080	unknown function	head and packaging	2.7393	0.2155	MN336262.1
MN336262.1_165	110048	110816	+	984	DNA, RNA and nucleotide metabolism	NA	NA	NA	MN336262.1
MN336262.1_166	110793	111240	+	2356	unknown function	head and packaging	3.3596	0.2097	MN336262.1
MN336262.1_167	111239	112103	+	1113	head and packaging	NA	NA	NA	MN336262.1
MN336262.1_168	112474	113206	+	1007	unknown function	head and packaging	7.1574	0.3140	MN336262.1
MN336262.1_169	113223	113682	+	1104	head and packaging	NA	NA	NA	MN336262.1
MN336262.1_170	113746	114190	+	1303	DNA, RNA and nucleotide metabolism	NA	NA	NA	MN336262.1
MN336262.1_171	114206	114911	+	2726	unknown function	head and packaging	2.0800	0.1753	MN336262.1
MN336262.1_172	114972	115371	+	2863	moron, auxiliary metabolic gene and host takeover	NA	NA	NA	MN336262.1
MN336262.1_173	115517	115760	+	3157	unknown function	head and packaging	1.9527	0.1774	MN336262.1
MN336262.1_174	115764	115929	+	6754	unknown function	moron, auxiliary metabolic gene and host takeover	6.0734	0.2084	MN336262.1
MN336262.1_175	115915	116095	+	7869	unknown function	head and packaging	2.1370	0.1944	MN336262.1
MN336262.1_176	116130	116307	+	3664	DNA, RNA and nucleotide metabolism	NA	NA	NA	MN336262.1
MN336262.1_177	116296	116830	+	3854	moron, auxiliary metabolic gene and host takeover	NA	NA	NA	MN336262.1
MN336262.1_178	116844	117093	+	4009	unknown function	moron, auxiliary metabolic gene and host takeover	9.6817	0.7612	MN336262.1
MN336262.1_179	117104	117281	+	3524	unknown function	DNA, RNA and nucleotide metabolism	1.0514	0.2339	MN336262.1
MN336262.1_180	117273	117570	+	3128	unknown function	DNA, RNA and nucleotide metabolism	1.1661	0.2158	MN336262.1
MN336262.1_181	117617	117800	+	3640	moron, auxiliary metabolic gene and host takeover	NA	NA	NA	MN336262.1
MN336262.1_182	117812	118181	+	3669	unknown function	moron, auxiliary metabolic gene and host takeover	8.2085	0.3588	MN336262.1
MN336262.1_183	118193	118541	+	2988	unknown function	moron, auxiliary metabolic gene and host takeover	6.1663	0.2498	MN336262.1
MN336262.1_184	118546	118819	+	3804	unknown function	moron, auxiliary metabolic gene and host takeover	9.6076	0.7250	MN336262.1
MN336262.1_185	118888	119194	+	3143	unknown function	DNA, RNA and nucleotide metabolism	1.6850	0.2238	MN336262.1
MN336262.1_186	119208	119559	+	3752	DNA, RNA and nucleotide metabolism	NA	NA	NA	MN336262.1
MN336262.1_187	119558	120161	+	4208	DNA, RNA and nucleotide metabolism	NA	NA	NA	MN336262.1
MN336262.1_188	120174	120354	+	3701	unknown function	moron, auxiliary metabolic gene and host takeover	6.6418	0.2863	MN336262.1
MN336262.1_189	120482	120581	+	No_PHROG	unknown function	moron, auxiliary metabolic gene and host takeover	9.0577	0.5154	MN336262.1
MN336262.1_190	120580	120982	+	1486	moron, auxiliary metabolic gene and host takeover	NA	NA	NA	MN336262.1
MN336262.1_191	120983	121244	+	11913	unknown function	moron, auxiliary metabolic gene and host takeover	9.3681	0.6137	MN336262.1
MN336262.1_192	121295	121583	+	1486	moron, auxiliary metabolic gene and host takeover	NA	NA	NA	MN336262.1
MN336262.1_193	121593	121710	+	4580	transcription regulation	NA	NA	NA	MN336262.1
MN336262.1_194	121699	121963	+	4584	other	NA	NA	NA	MN336262.1
MN336262.1_195	122039	122219	+	4743	unknown function	moron, auxiliary metabolic gene and host takeover	9.8577	0.8862	MN336262.1
MN336262.1_196	122233	122497	+	4418	unknown function	moron, auxiliary metabolic gene and host takeover	5.4378	0.2710	MN336262.1
MN336262.1_197	122499	122817	+	4081	unknown function	moron, auxiliary metabolic gene and host takeover	5.4291	0.2378	MN336262.1
MN336262.1_198	122817	123498	+	4650	unknown function	DNA, RNA and nucleotide metabolism	2.2043	0.2092	MN336262.1
MN336262.1_199	123586	123745	+	4430	moron, auxiliary metabolic gene and host takeover	NA	NA	NA	MN336262.1
MN336262.1_200	123779	123980	+	3453	unknown function	moron, auxiliary metabolic gene and host takeover	5.8287	0.2182	MN336262.1
MN336262.1_201	123980	124271	+	4096	unknown function	moron, auxiliary metabolic gene and host takeover	8.7219	0.4393	MN336262.1
MN336262.1_202	124362	124671	+	1099	DNA, RNA and nucleotide metabolism	NA	NA	NA	MN336262.1
MN336262.1_203	124667	125576	+	619	other	NA	NA	NA	MN336262.1
MN336262.1_204	125593	127063	+	448	other	NA	NA	NA	MN336262.1
MN336262.1_205	127141	127387	+	4028	unknown function	moron, auxiliary metabolic gene and host takeover	3.8234	0.2615	MN336262.1
MN336262.1_206	127406	127799	+	3847	unknown function	DNA, RNA and nucleotide metabolism	1.4120	0.1976	MN336262.1
MN336262.1_207	127800	128022	+	4340	unknown function	moron, auxiliary metabolic gene and host takeover	3.6618	0.3234	MN336262.1
MN336262.1_208	128087	128399	+	6716	other	NA	NA	NA	MN336262.1
MN336262.1_209	128401	128911	+	4855	lysis	NA	NA	NA	MN336262.1
MN336262.1_210	128912	129242	+	4637	unknown function	DNA, RNA and nucleotide metabolism	1.2258	0.1780	MN336262.1
MN336262.1_211	129247	129442	+	4983	unknown function	moron, auxiliary metabolic gene and host takeover	2.9262	0.2196	MN336262.1
MN336262.1_212	129465	129780	+	5741	unknown function	moron, auxiliary metabolic gene and host takeover	3.1935	0.2413	MN336262.1
MN336262.1_213	129794	129962	+	5729	unknown function	moron, auxiliary metabolic gene and host takeover	4.9680	0.2541	MN336262.1
MN336262.1_214	129998	130100	+	7862	unknown function	moron, auxiliary metabolic gene and host takeover	9.3084	0.5974	MN336262.1
MN336262.1_215	130198	130435	+	24718	unknown function	moron, auxiliary metabolic gene and host takeover	4.2941	0.3991	MN336262.1
MN336262.1_216	130413	130509	-	No_PHROG	unknown function	moron, auxiliary metabolic gene and host takeover	1.6228	0.2128	MN336262.1
MN336262.1_217	130602	130710	+	No_PHROG	unknown function	moron, auxiliary metabolic gene and host takeover	7.3461	0.2851	MN336262.1
MN336262.1_218	130814	131114	+	654	unknown function	integration and excision	1.1034	0.2139	MN336262.1
MN336262.1_219	131129	131315	+	3204	unknown function	moron, auxiliary metabolic gene and host takeover	8.8243	0.4598	MN336262.1
MN336262.1_220	131421	131712	+	654	unknown function	integration and excision	1.9397	0.2262	MN336262.1
MN336262.1_221	131711	131999	+	654	unknown function	integration and excision	1.2204	0.2147	MN336262.1
MN336262.1_222	131998	132292	+	654	unknown function	DNA, RNA and nucleotide metabolism	1.0511	0.2068	MN336262.1
MN336262.1_223	132295	132553	+	1099	DNA, RNA and nucleotide metabolism	NA	NA	NA	MN336262.1
MN336262.1_224	132630	132870	+	1099	DNA, RNA and nucleotide metabolism	NA	NA	NA	MN336262.1
MN336262.1_225	132880	133228	+	3522	unknown function	integration and excision	1.3402	0.2074	MN336262.1
MN336262.1_226	133436	133775	-	3077	unknown function	moron, auxiliary metabolic gene and host takeover	6.2063	0.2846	MN336262.1
MN336262.1_227	133753	133912	+	No_PHROG	unknown function	moron, auxiliary metabolic gene and host takeover	8.2236	0.4264	MN336262.1
MN336262.1_228	133925	134039	-	No_PHROG	unknown function	moron, auxiliary metabolic gene and host takeover	6.8753	0.3178	MN336262.1
MN336262.1_229	134085	134394	+	2601	unknown function	DNA, RNA and nucleotide metabolism	1.6796	0.2189	MN336262.1
MN336262.1_230	134412	134547	-	No_PHROG	unknown function	moron, auxiliary metabolic gene and host takeover	1.7427	0.1888	MN336262.1
MN336262.1_231	134599	134884	+	3164	unknown function	DNA, RNA and nucleotide metabolism	1.3182	0.2100	MN336262.1
MN336262.1_232	134958	135150	+	3388	other	NA	NA	NA	MN336262.1
MN336262.1_233	135136	135232	+	No_PHROG	unknown function	moron, auxiliary metabolic gene and host takeover	6.2680	0.2940	MN336262.1
MN336262.1_234	135258	135399	+	No_PHROG	unknown function	DNA, RNA and nucleotide metabolism	1.7574	0.1761	MN336262.1
MN336262.1_235	135466	135955	-	59	DNA, RNA and nucleotide metabolism	NA	NA	NA	MN336262.1
MN336262.1_236	136076	136220	-	No_PHROG	unknown function	moron, auxiliary metabolic gene and host takeover	5.3289	0.1978	MN336262.1
MN336262.1_237	136292	136388	-	No_PHROG	unknown function	moron, auxiliary metabolic gene and host takeover	6.9065	0.3375	MN336262.1
MN336262.1_238	136513	136627	-	No_PHROG	unknown function	moron, auxiliary metabolic gene and host takeover	5.5773	0.2511	MN336262.1
MN336262.1_239	136648	136972	+	3276	unknown function	integration and excision	1.5690	0.2239	MN336262.1
MN336262.1_240	137071	137308	+	3480	unknown function	integration and excision	3.9821	0.2082	MN336262.1
MN336262.1_241	137387	137858	+	2543	unknown function	integration and excision	2.0517	0.2069	MN336262.1
MN336262.1_242	137916	138090	+	3789	unknown function	head and packaging	1.1030	0.1704	MN336262.1
MN336262.1_243	138089	138230	+	3549	unknown function	moron, auxiliary metabolic gene and host takeover	3.3763	0.1672	MN336262.1
MN336263.1_0	2	128	+	7733	unknown function	DNA, RNA and nucleotide metabolism	1.3810	0.1806	MN336263.1
MN336263.1_1	212	392	+	4863	DNA, RNA and nucleotide metabolism	NA	NA	NA	MN336263.1
MN336263.1_2	475	577	+	22992	unknown function	lysis	1.4866	0.2240	MN336263.1
MN336263.1_3	646	742	-	No_PHROG	unknown function	lysis	1.2594	0.2636	MN336263.1
MN336263.1_4	725	962	-	2884	unknown function	moron, auxiliary metabolic gene and host takeover	8.3584	0.3804	MN336263.1
MN336263.1_5	963	1449	-	7534	unknown function	moron, auxiliary metabolic gene and host takeover	7.0665	0.2571	MN336263.1
MN336263.1_6	1461	1869	-	5770	unknown function	moron, auxiliary metabolic gene and host takeover	9.2132	0.5617	MN336263.1
MN336263.1_7	1868	2300	-	4355	unknown function	moron, auxiliary metabolic gene and host takeover	8.0964	0.3454	MN336263.1
MN336263.1_8	2302	2494	-	4249	unknown function	moron, auxiliary metabolic gene and host takeover	9.6806	0.7695	MN336263.1
MN336263.1_9	2490	2976	-	3619	unknown function	moron, auxiliary metabolic gene and host takeover	9.5722	0.7012	MN336263.1
MN336263.1_10	2968	3400	-	2349	unknown function	moron, auxiliary metabolic gene and host takeover	5.2956	0.2521	MN336263.1
MN336263.1_11	3413	3956	-	4045	unknown function	DNA, RNA and nucleotide metabolism	2.6420	0.2452	MN336263.1
MN336263.1_12	3967	4456	-	1017	unknown function	DNA, RNA and nucleotide metabolism	9.1670	0.5456	MN336263.1
MN336263.1_13	4468	4867	-	3857	unknown function	DNA, RNA and nucleotide metabolism	1.9789	0.2053	MN336263.1
MN336263.1_14	4863	5571	-	246	other	NA	NA	NA	MN336263.1
MN336263.1_15	5670	6225	-	2981	unknown function	moron, auxiliary metabolic gene and host takeover	5.9559	0.1983	MN336263.1
MN336263.1_16	6240	6558	-	4178	tail	NA	NA	NA	MN336263.1
MN336263.1_17	6626	6740	+	No_PHROG	unknown function	moron, auxiliary metabolic gene and host takeover	5.1026	0.2317	MN336263.1
MN336263.1_18	6748	6925	+	No_PHROG	unknown function	moron, auxiliary metabolic gene and host takeover	4.9184	0.2368	MN336263.1
MN336263.1_19	6921	7050	-	No_PHROG	unknown function	moron, auxiliary metabolic gene and host takeover	3.5418	0.2029	MN336263.1
MN336263.1_20	7127	7328	-	27748	unknown function	moron, auxiliary metabolic gene and host takeover	1.8027	0.2562	MN336263.1
MN336263.1_21	7327	7429	-	No_PHROG	unknown function	moron, auxiliary metabolic gene and host takeover	2.7260	0.2070	MN336263.1
MN336263.1_22	7543	8092	-	2948	unknown function	moron, auxiliary metabolic gene and host takeover	7.8518	0.3176	MN336263.1
MN336263.1_23	8095	8314	-	3686	unknown function	moron, auxiliary metabolic gene and host takeover	7.0271	0.3110	MN336263.1
MN336263.1_24	8314	8509	-	3950	unknown function	moron, auxiliary metabolic gene and host takeover	4.4216	0.2675	MN336263.1
MN336263.1_25	8498	9236	-	3464	DNA, RNA and nucleotide metabolism	NA	NA	NA	MN336263.1
MN336263.1_26	9298	9403	-	5230	unknown function	moron, auxiliary metabolic gene and host takeover	8.2576	0.3651	MN336263.1
MN336263.1_27	9414	9654	-	3697	unknown function	moron, auxiliary metabolic gene and host takeover	6.3989	0.2989	MN336263.1
MN336263.1_28	9655	10045	-	28554	other	NA	NA	NA	MN336263.1
MN336263.1_29	10143	10317	-	3504	other	NA	NA	NA	MN336263.1
MN336263.1_30	10357	10840	-	3319	unknown function	moron, auxiliary metabolic gene and host takeover	5.0133	0.2289	MN336263.1
MN336263.1_31	10889	11432	-	3635	unknown function	moron, auxiliary metabolic gene and host takeover	4.5083	0.1943	MN336263.1
MN336263.1_32	11431	11965	-	3702	unknown function	moron, auxiliary metabolic gene and host takeover	3.9145	0.2364	MN336263.1
MN336263.1_33	11967	12132	-	152	transcription regulation	NA	NA	NA	MN336263.1
MN336263.1_34	12134	12410	-	3751	moron, auxiliary metabolic gene and host takeover	NA	NA	NA	MN336263.1
MN336263.1_35	12409	13255	-	1909	head and packaging	NA	NA	NA	MN336263.1
MN336263.1_36	13266	14385	-	249	moron, auxiliary metabolic gene and host takeover	NA	NA	NA	MN336263.1
MN336263.1_37	14400	14508	+	No_PHROG	unknown function	DNA, RNA and nucleotide metabolism	1.7245	0.1588	MN336263.1
MN336263.1_38	14538	14865	-	2861	unknown function	DNA, RNA and nucleotide metabolism	1.2467	0.1892	MN336263.1
MN336263.1_39	14857	15274	-	2708	other	NA	NA	NA	MN336263.1
MN336263.1_40	15407	15710	-	715	other	NA	NA	NA	MN336263.1
MN336263.1_41	15709	15898	-	3048	unknown function	DNA, RNA and nucleotide metabolism	1.5578	0.2158	MN336263.1
MN336263.1_42	15941	16103	-	2966	unknown function	DNA, RNA and nucleotide metabolism	1.3987	0.2127	MN336263.1
MN336263.1_43	16102	18151	-	3200	unknown function	DNA, RNA and nucleotide metabolism	3.2685	0.2054	MN336263.1
MN336263.1_44	18228	18492	-	2811	head and packaging	NA	NA	NA	MN336263.1
MN336263.1_45	18508	18682	-	1274	lysis	NA	NA	NA	MN336263.1
MN336263.1_46	18688	19267	-	2642	unknown function	lysis	2.9747	0.3756	MN336263.1
MN336263.1_47	19259	19886	-	1817	DNA, RNA and nucleotide metabolism	NA	NA	NA	MN336263.1
MN336263.1_48	19878	20775	-	548	DNA, RNA and nucleotide metabolism	NA	NA	NA	MN336263.1
MN336263.1_49	20774	20999	-	3093	unknown function	lysis	3.4812	0.2298	MN336263.1
MN336263.1_50	21067	21808	-	170	other	NA	NA	NA	MN336263.1
MN336263.1_51	21859	22474	-	2995	unknown function	DNA, RNA and nucleotide metabolism	2.2575	0.2363	MN336263.1
MN336263.1_52	22489	22915	-	531	DNA, RNA and nucleotide metabolism	NA	NA	NA	MN336263.1
MN336263.1_53	22904	23096	-	2706	unknown function	moron, auxiliary metabolic gene and host takeover	7.6357	0.3611	MN336263.1
MN336263.1_54	23118	23760	-	2896	unknown function	DNA, RNA and nucleotide metabolism	2.8193	0.2137	MN336263.1
MN336263.1_55	23749	23980	-	3	transcription regulation	NA	NA	NA	MN336263.1
MN336263.1_56	23982	24210	-	2770	unknown function	lysis	1.5621	0.2214	MN336263.1
MN336263.1_57	24319	25012	-	3310	other	NA	NA	NA	MN336263.1
MN336263.1_58	25198	25834	-	374	DNA, RNA and nucleotide metabolism	NA	NA	NA	MN336263.1
MN336263.1_59	25900	26692	-	200	other	NA	NA	NA	MN336263.1
MN336263.1_60	26691	27000	-	3667	unknown function	lysis	1.0462	0.2374	MN336263.1
MN336263.1_61	27112	27742	-	833	lysis	NA	NA	NA	MN336263.1
MN336263.1_62	27977	28067	-	No_PHROG	unknown function	DNA, RNA and nucleotide metabolism	1.2574	0.1696	MN336263.1
MN336263.1_63	28012	28513	-	59	DNA, RNA and nucleotide metabolism	NA	NA	NA	MN336263.1
MN336263.1_64	28605	28707	+	No_PHROG	unknown function	lysis	3.0463	0.1869	MN336263.1
MN336263.1_65	28672	29476	-	635	lysis	NA	NA	NA	MN336263.1
MN336263.1_66	29475	29979	-	962	lysis	NA	NA	NA	MN336263.1
MN336263.1_67	30063	30249	-	987	unknown function	DNA, RNA and nucleotide metabolism	2.8059	0.2069	MN336263.1
MN336263.1_68	30311	30440	+	No_PHROG	unknown function	head and packaging	1.0677	0.2180	MN336263.1
MN336263.1_69	30650	30755	+	No_PHROG	unknown function	moron, auxiliary metabolic gene and host takeover	8.4028	0.3868	MN336263.1
MN336263.1_70	30924	31047	-	No_PHROG	unknown function	moron, auxiliary metabolic gene and host takeover	8.6783	0.4323	MN336263.1
MN336263.1_71	31437	31545	+	No_PHROG	unknown function	moron, auxiliary metabolic gene and host takeover	9.2940	0.5876	MN336263.1
MN336263.1_72	31545	31716	+	No_PHROG	unknown function	moron, auxiliary metabolic gene and host takeover	9.5170	0.6828	MN336263.1
MN336263.1_73	31795	32014	-	1257	moron, auxiliary metabolic gene and host takeover	NA	NA	NA	MN336263.1
MN336263.1_74	32127	32268	-	No_PHROG	unknown function	moron, auxiliary metabolic gene and host takeover	9.9152	0.9388	MN336263.1
MN336263.1_75	32491	32701	-	17190	head and packaging	NA	NA	NA	MN336263.1
MN336263.1_76	32713	33046	-	937	other	NA	NA	NA	MN336263.1
MN336263.1_77	33058	33385	-	1481	unknown function	head and packaging	1.6648	0.3656	MN336263.1
MN336263.1_78	33417	33684	-	4526	unknown function	moron, auxiliary metabolic gene and host takeover	9.8784	0.8972	MN336263.1
MN336263.1_79	33778	33871	-	No_PHROG	unknown function	head and packaging	1.7699	0.3733	MN336263.1
MN336263.1_80	33944	34211	+	3395	moron, auxiliary metabolic gene and host takeover	NA	NA	NA	MN336263.1
MN336263.1_81	34188	34467	+	1321	unknown function	head and packaging	5.5026	0.2892	MN336263.1
MN336263.1_82	34547	34874	+	1063	head and packaging	NA	NA	NA	MN336263.1
MN336263.1_83	34888	36706	+	675	head and packaging	NA	NA	NA	MN336263.1
MN336263.1_84	36698	37520	+	1917	head and packaging	NA	NA	NA	MN336263.1
MN336263.1_85	37590	37680	+	3863	unknown function	head and packaging	6.0049	0.2357	MN336263.1
MN336263.1_86	37676	38156	+	1116	moron, auxiliary metabolic gene and host takeover	NA	NA	NA	MN336263.1
MN336263.1_87	38248	39403	+	3094	unknown function	head and packaging	3.4169	0.2183	MN336263.1
MN336263.1_88	39544	39829	+	3937	unknown function	head and packaging	2.0560	0.2751	MN336263.1
MN336263.1_89	39906	40218	+	1108	head and packaging	NA	NA	NA	MN336263.1
MN336263.1_90	40221	41913	+	12	head and packaging	NA	NA	NA	MN336263.1
MN336263.1_91	42139	42880	+	1028	head and packaging	NA	NA	NA	MN336263.1
MN336263.1_92	42898	43855	+	1133	unknown function	head and packaging	9.1700	0.5480	MN336263.1
MN336263.1_93	43970	45362	+	752	head and packaging	NA	NA	NA	MN336263.1
MN336263.1_94	45453	45750	+	1205	unknown function	head and packaging	7.4059	0.3319	MN336263.1
MN336263.1_95	45762	46671	+	772	tail	NA	NA	NA	MN336263.1
MN336263.1_96	46684	47563	+	1004	head and packaging	NA	NA	NA	MN336263.1
MN336263.1_97	47562	48183	+	1127	connector	NA	NA	NA	MN336263.1
MN336263.1_98	48201	49038	+	1000	tail	NA	NA	NA	MN336263.1
MN336263.1_99	49039	49255	+	1151	unknown function	head and packaging	7.7854	0.3732	MN336263.1
MN336263.1_100	49281	51045	+	279	tail	NA	NA	NA	MN336263.1
MN336263.1_101	51117	51546	+	985	head and packaging	NA	NA	NA	MN336263.1
MN336263.1_102	51642	51783	+	2701	unknown function	head and packaging	6.6706	0.3069	MN336263.1
MN336263.1_103	51825	52284	+	1905	unknown function	head and packaging	4.2084	0.2885	MN336263.1
MN336263.1_104	52296	52491	+	4320	moron, auxiliary metabolic gene and host takeover	NA	NA	NA	MN336263.1
MN336263.1_105	52572	52884	+	2754	head and packaging	NA	NA	NA	MN336263.1
MN336263.1_106	53015	53474	+	1038	tail	NA	NA	NA	MN336263.1
MN336263.1_107	53517	54054	+	1316	DNA, RNA and nucleotide metabolism	NA	NA	NA	MN336263.1
MN336263.1_108	54109	58165	+	1047	tail	NA	NA	NA	MN336263.1
MN336263.1_109	58243	60670	+	1015	tail	NA	NA	NA	MN336263.1
MN336263.1_110	60683	61571	+	2677	tail	NA	NA	NA	MN336263.1
MN336263.1_111	61570	64117	+	2204	other	NA	NA	NA	MN336263.1
MN336263.1_112	64223	65015	+	1011	head and packaging	NA	NA	NA	MN336263.1
MN336263.1_113	65014	65539	+	1073	unknown function	head and packaging	5.7721	0.2798	MN336263.1
MN336263.1_114	65538	66243	+	975	tail	NA	NA	NA	MN336263.1
MN336263.1_115	66257	67304	+	6	tail	NA	NA	NA	MN336263.1
MN336263.1_116	67324	70384	+	2386	head and packaging	NA	NA	NA	MN336263.1
MN336263.1_117	70494	71016	+	1394	head and packaging	NA	NA	NA	MN336263.1
MN336263.1_118	71036	74495	+	25864	tail	NA	NA	NA	MN336263.1
MN336263.1_119	74543	74702	+	1074	unknown function	head and packaging	3.3008	0.2539	MN336263.1
MN336263.1_120	74702	76625	+	2665	head and packaging	NA	NA	NA	MN336263.1
MN336263.1_121	76647	77022	+	2671	tail	NA	NA	NA	MN336263.1
MN336263.1_122	77028	78405	+	2691	tail	NA	NA	NA	MN336263.1
MN336263.1_123	78496	80245	+	16	DNA, RNA and nucleotide metabolism	NA	NA	NA	MN336263.1
MN336263.1_124	80256	81870	+	1098	DNA, RNA and nucleotide metabolism	NA	NA	NA	MN336263.1
MN336263.1_125	81862	83305	+	19	DNA, RNA and nucleotide metabolism	NA	NA	NA	MN336263.1
MN336263.1_126	83383	84421	+	100	DNA, RNA and nucleotide metabolism	NA	NA	NA	MN336263.1
MN336263.1_127	84420	84798	+	2773	unknown function	moron, auxiliary metabolic gene and host takeover	8.8001	0.4560	MN336263.1
MN336263.1_128	84797	86717	+	77	DNA, RNA and nucleotide metabolism	NA	NA	NA	MN336263.1
MN336263.1_129	86716	87313	+	1070	moron, auxiliary metabolic gene and host takeover	NA	NA	NA	MN336263.1
MN336263.1_130	87327	88395	+	47	DNA, RNA and nucleotide metabolism	NA	NA	NA	MN336263.1
MN336263.1_131	88461	88800	+	1291	unknown function	moron, auxiliary metabolic gene and host takeover	9.0763	0.5226	MN336263.1
MN336263.1_132	88799	89252	+	1095	head and packaging	NA	NA	NA	MN336263.1
MN336263.1_133	89238	89847	+	244	DNA, RNA and nucleotide metabolism	NA	NA	NA	MN336263.1
MN336263.1_134	89863	90256	+	883	moron, auxiliary metabolic gene and host takeover	NA	NA	NA	MN336263.1
MN336263.1_135	90270	92385	+	84	DNA, RNA and nucleotide metabolism	NA	NA	NA	MN336263.1
MN336263.1_136	92398	93448	+	86	DNA, RNA and nucleotide metabolism	NA	NA	NA	MN336263.1
MN336263.1_137	93465	93795	+	2797	unknown function	moron, auxiliary metabolic gene and host takeover	7.2080	0.2774	MN336263.1
MN336263.1_138	93778	94099	+	22	DNA, RNA and nucleotide metabolism	NA	NA	NA	MN336263.1
MN336263.1_139	94127	94235	-	No_PHROG	unknown function	moron, auxiliary metabolic gene and host takeover	9.6795	0.7701	MN336263.1
MN336263.1_140	94305	94902	+	15477	other	NA	NA	NA	MN336263.1
MN336263.1_141	94911	95217	+	379	DNA, RNA and nucleotide metabolism	NA	NA	NA	MN336263.1
MN336263.1_142	95292	96165	+	4008	DNA, RNA and nucleotide metabolism	NA	NA	NA	MN336263.1
MN336263.1_143	96330	96843	+	2340	DNA, RNA and nucleotide metabolism	NA	NA	NA	MN336263.1
MN336263.1_144	96978	98322	+	17	DNA, RNA and nucleotide metabolism	NA	NA	NA	MN336263.1
MN336263.1_145	98387	98483	+	No_PHROG	unknown function	DNA, RNA and nucleotide metabolism	2.7327	0.2106	MN336263.1
MN336263.1_146	98589	99297	+	59	DNA, RNA and nucleotide metabolism	NA	NA	NA	MN336263.1
MN336263.1_147	99357	99462	-	No_PHROG	unknown function	DNA, RNA and nucleotide metabolism	3.1689	0.2177	MN336263.1
MN336263.1_148	99530	100391	+	2573	DNA, RNA and nucleotide metabolism	NA	NA	NA	MN336263.1
MN336263.1_149	100459	100702	+	3621	unknown function	head and packaging	1.1081	0.1714	MN336263.1
MN336263.1_150	100718	101201	+	1069	DNA, RNA and nucleotide metabolism	NA	NA	NA	MN336263.1
MN336263.1_151	101287	102559	+	2672	DNA, RNA and nucleotide metabolism	NA	NA	NA	MN336263.1
MN336263.1_152	102618	103875	+	97	other	NA	NA	NA	MN336263.1
MN336263.1_153	103878	104232	+	1089	unknown function	moron, auxiliary metabolic gene and host takeover	1.2372	0.2430	MN336263.1
MN336263.1_154	104218	104881	+	1025	transcription regulation	NA	NA	NA	MN336263.1
MN336263.1_155	104886	104985	+	No_PHROG	unknown function	moron, auxiliary metabolic gene and host takeover	4.9543	0.2571	MN336263.1
MN336263.1_156	105008	105641	+	1240	other	NA	NA	NA	MN336263.1
MN336263.1_157	105654	106176	+	341	tail	NA	NA	NA	MN336263.1
MN336263.1_158	106190	106418	+	1696	tail	NA	NA	NA	MN336263.1
MN336263.1_159	106513	106774	+	2673	unknown function	head and packaging	3.1294	0.2131	MN336263.1
MN336263.1_160	106777	107533	+	1850	other	NA	NA	NA	MN336263.1
MN336263.1_161	107525	108776	+	284	DNA, RNA and nucleotide metabolism	NA	NA	NA	MN336263.1
MN336263.1_162	108789	109158	+	2892	unknown function	moron, auxiliary metabolic gene and host takeover	8.1743	0.3865	MN336263.1
MN336263.1_163	109144	109456	+	3644	unknown function	head and packaging	1.2832	0.2207	MN336263.1
MN336263.1_164	109519	110056	+	1080	unknown function	head and packaging	2.7311	0.2156	MN336263.1
MN336263.1_165	110048	110816	+	984	DNA, RNA and nucleotide metabolism	NA	NA	NA	MN336263.1
MN336263.1_166	110793	111240	+	2356	unknown function	head and packaging	3.3574	0.2097	MN336263.1
MN336263.1_167	111239	112103	+	1113	head and packaging	NA	NA	NA	MN336263.1
MN336263.1_168	112474	113206	+	1007	unknown function	head and packaging	7.1522	0.3139	MN336263.1
MN336263.1_169	113223	113682	+	1104	head and packaging	NA	NA	NA	MN336263.1
MN336263.1_170	113746	114190	+	1303	DNA, RNA and nucleotide metabolism	NA	NA	NA	MN336263.1
MN336263.1_171	114206	114911	+	2726	unknown function	head and packaging	2.0780	0.1753	MN336263.1
MN336263.1_172	114972	115371	+	2863	moron, auxiliary metabolic gene and host takeover	NA	NA	NA	MN336263.1
MN336263.1_173	115517	115760	+	3157	unknown function	head and packaging	1.9510	0.1774	MN336263.1
MN336263.1_174	115764	115929	+	6754	unknown function	moron, auxiliary metabolic gene and host takeover	6.0729	0.2084	MN336263.1
MN336263.1_175	115915	116095	+	7869	unknown function	head and packaging	2.1356	0.1944	MN336263.1
MN336263.1_176	116130	116307	+	3664	DNA, RNA and nucleotide metabolism	NA	NA	NA	MN336263.1
MN336263.1_177	116296	116830	+	3854	moron, auxiliary metabolic gene and host takeover	NA	NA	NA	MN336263.1
MN336263.1_178	116844	117093	+	4009	unknown function	moron, auxiliary metabolic gene and host takeover	9.6817	0.7612	MN336263.1
MN336263.1_179	117104	117281	+	3524	unknown function	DNA, RNA and nucleotide metabolism	1.0502	0.2339	MN336263.1
MN336263.1_180	117273	117570	+	3128	unknown function	DNA, RNA and nucleotide metabolism	1.1654	0.2158	MN336263.1
MN336263.1_181	117617	117800	+	3640	moron, auxiliary metabolic gene and host takeover	NA	NA	NA	MN336263.1
MN336263.1_182	117812	118181	+	3669	unknown function	moron, auxiliary metabolic gene and host takeover	8.2082	0.3588	MN336263.1
MN336263.1_183	118193	118541	+	2988	unknown function	moron, auxiliary metabolic gene and host takeover	6.1642	0.2498	MN336263.1
MN336263.1_184	118546	118819	+	3804	unknown function	moron, auxiliary metabolic gene and host takeover	9.6073	0.7249	MN336263.1
MN336263.1_185	118888	119194	+	3143	unknown function	DNA, RNA and nucleotide metabolism	1.6848	0.2238	MN336263.1
MN336263.1_186	119208	119559	+	3752	DNA, RNA and nucleotide metabolism	NA	NA	NA	MN336263.1
MN336263.1_187	119558	120161	+	4208	DNA, RNA and nucleotide metabolism	NA	NA	NA	MN336263.1
MN336263.1_188	120174	120354	+	3701	unknown function	moron, auxiliary metabolic gene and host takeover	6.6389	0.2862	MN336263.1
MN336263.1_189	120482	120581	+	No_PHROG	unknown function	moron, auxiliary metabolic gene and host takeover	9.0561	0.5150	MN336263.1
MN336263.1_190	120580	120982	+	1486	moron, auxiliary metabolic gene and host takeover	NA	NA	NA	MN336263.1
MN336263.1_191	120983	121244	+	11913	unknown function	moron, auxiliary metabolic gene and host takeover	9.3672	0.6134	MN336263.1
MN336263.1_192	121295	121583	+	1486	moron, auxiliary metabolic gene and host takeover	NA	NA	NA	MN336263.1
MN336263.1_193	121593	121710	+	4580	transcription regulation	NA	NA	NA	MN336263.1
MN336263.1_194	121699	121963	+	4584	other	NA	NA	NA	MN336263.1
MN336263.1_195	122039	122219	+	4743	unknown function	moron, auxiliary metabolic gene and host takeover	9.8574	0.8860	MN336263.1
MN336263.1_196	122233	122497	+	4418	unknown function	moron, auxiliary metabolic gene and host takeover	5.4346	0.2710	MN336263.1
MN336263.1_197	122499	122817	+	4081	unknown function	moron, auxiliary metabolic gene and host takeover	5.4252	0.2377	MN336263.1
MN336263.1_198	122817	123498	+	4650	unknown function	DNA, RNA and nucleotide metabolism	2.2050	0.2092	MN336263.1
MN336263.1_199	123586	123745	+	4430	moron, auxiliary metabolic gene and host takeover	NA	NA	NA	MN336263.1
MN336263.1_200	123779	123980	+	3453	unknown function	moron, auxiliary metabolic gene and host takeover	5.8286	0.2182	MN336263.1
MN336263.1_201	123980	124271	+	4096	unknown function	moron, auxiliary metabolic gene and host takeover	8.7219	0.4393	MN336263.1
MN336263.1_202	124362	124671	+	1099	DNA, RNA and nucleotide metabolism	NA	NA	NA	MN336263.1
MN336263.1_203	124667	125576	+	619	other	NA	NA	NA	MN336263.1
MN336263.1_204	125593	127063	+	448	other	NA	NA	NA	MN336263.1
MN336263.1_205	127141	127387	+	4028	unknown function	moron, auxiliary metabolic gene and host takeover	3.8203	0.2615	MN336263.1
MN336263.1_206	127406	127799	+	3847	unknown function	DNA, RNA and nucleotide metabolism	1.4124	0.1976	MN336263.1
MN336263.1_207	127800	128022	+	4340	unknown function	moron, auxiliary metabolic gene and host takeover	3.6596	0.3234	MN336263.1
MN336263.1_208	128087	128399	+	6716	other	NA	NA	NA	MN336263.1
MN336263.1_209	128401	128911	+	4855	lysis	NA	NA	NA	MN336263.1
MN336263.1_210	128912	129242	+	4637	unknown function	DNA, RNA and nucleotide metabolism	1.2263	0.1780	MN336263.1
MN336263.1_211	129247	129442	+	4983	unknown function	moron, auxiliary metabolic gene and host takeover	2.9258	0.2195	MN336263.1
MN336263.1_212	129465	129780	+	5741	unknown function	moron, auxiliary metabolic gene and host takeover	3.1921	0.2413	MN336263.1
MN336263.1_213	129794	129962	+	5729	unknown function	moron, auxiliary metabolic gene and host takeover	4.9671	0.2541	MN336263.1
MN336263.1_214	129998	130100	+	7862	unknown function	moron, auxiliary metabolic gene and host takeover	9.3087	0.5975	MN336263.1
MN336263.1_215	130198	130435	+	24718	unknown function	moron, auxiliary metabolic gene and host takeover	4.2939	0.3991	MN336263.1
MN336263.1_216	130413	130509	-	No_PHROG	unknown function	moron, auxiliary metabolic gene and host takeover	1.6231	0.2128	MN336263.1
MN336263.1_217	130602	130710	+	No_PHROG	unknown function	moron, auxiliary metabolic gene and host takeover	7.3458	0.2851	MN336263.1
MN336263.1_218	130814	131114	+	654	unknown function	integration and excision	1.1042	0.2139	MN336263.1
MN336263.1_219	131129	131315	+	3204	unknown function	moron, auxiliary metabolic gene and host takeover	8.8241	0.4598	MN336263.1
MN336263.1_220	131421	131712	+	654	unknown function	integration and excision	1.9403	0.2262	MN336263.1
MN336263.1_221	131711	131999	+	654	unknown function	integration and excision	1.2209	0.2147	MN336263.1
MN336263.1_222	131998	132292	+	654	unknown function	DNA, RNA and nucleotide metabolism	1.0512	0.2068	MN336263.1
MN336263.1_223	132295	132553	+	1099	DNA, RNA and nucleotide metabolism	NA	NA	NA	MN336263.1
MN336263.1_224	132630	132870	+	1099	DNA, RNA and nucleotide metabolism	NA	NA	NA	MN336263.1
MN336263.1_225	132880	133228	+	3522	unknown function	integration and excision	1.3409	0.2074	MN336263.1
MN336263.1_226	133436	133775	-	3077	unknown function	moron, auxiliary metabolic gene and host takeover	6.2077	0.2846	MN336263.1
MN336263.1_227	133753	133912	+	No_PHROG	unknown function	moron, auxiliary metabolic gene and host takeover	8.2238	0.4265	MN336263.1
MN336263.1_228	133925	134039	-	No_PHROG	unknown function	moron, auxiliary metabolic gene and host takeover	6.8755	0.3178	MN336263.1
MN336263.1_229	134085	134394	+	2601	unknown function	DNA, RNA and nucleotide metabolism	1.6797	0.2189	MN336263.1
MN336263.1_230	134412	134547	-	No_PHROG	unknown function	moron, auxiliary metabolic gene and host takeover	1.7429	0.1888	MN336263.1
MN336263.1_231	134599	134884	+	3164	unknown function	DNA, RNA and nucleotide metabolism	1.3182	0.2100	MN336263.1
MN336263.1_232	134958	135150	+	3388	other	NA	NA	NA	MN336263.1
MN336263.1_233	135136	135232	+	No_PHROG	unknown function	moron, auxiliary metabolic gene and host takeover	6.2689	0.2940	MN336263.1
MN336263.1_234	135258	135399	+	No_PHROG	unknown function	DNA, RNA and nucleotide metabolism	1.7575	0.1761	MN336263.1
MN336263.1_235	135466	135955	-	59	DNA, RNA and nucleotide metabolism	NA	NA	NA	MN336263.1
MN336263.1_236	136076	136220	-	No_PHROG	unknown function	moron, auxiliary metabolic gene and host takeover	5.3290	0.1978	MN336263.1
MN336263.1_237	136292	136388	-	No_PHROG	unknown function	moron, auxiliary metabolic gene and host takeover	6.9066	0.3375	MN336263.1
MN336263.1_238	136513	136627	-	No_PHROG	unknown function	moron, auxiliary metabolic gene and host takeover	5.5776	0.2511	MN336263.1
MN336263.1_239	136648	136972	+	3276	unknown function	integration and excision	1.5704	0.2239	MN336263.1
MN336263.1_240	137071	137308	+	3480	unknown function	integration and excision	3.9842	0.2083	MN336263.1
MN336263.1_241	137387	137858	+	2543	unknown function	integration and excision	2.0534	0.2069	MN336263.1
MN336263.1_242	137916	138090	+	3789	unknown function	head and packaging	1.1031	0.1704	MN336263.1
MN336263.1_243	138089	138230	+	3549	unknown function	moron, auxiliary metabolic gene and host takeover	3.3760	0.1672	MN336263.1
MT926124.1_0	1	97	+	No_PHROG	unknown function	DNA, RNA and nucleotide metabolism	1.0290	0.2158	MT926124.1
MT926124.1_1	232	415	+	10178	unknown function	DNA, RNA and nucleotide metabolism	2.7390	0.1572	MT926124.1
MT926124.1_2	407	710	+	6274	unknown function	head and packaging	1.1210	0.1579	MT926124.1
MT926124.1_3	724	961	+	6346	unknown function	DNA, RNA and nucleotide metabolism	3.0673	0.1904	MT926124.1
MT926124.1_4	984	1353	+	378	DNA, RNA and nucleotide metabolism	NA	NA	NA	MT926124.1
MT926124.1_5	1401	1578	+	7019	unknown function	moron, auxiliary metabolic gene and host takeover	4.3199	0.3040	MT926124.1
MT926124.1_6	1581	1749	+	8543	unknown function	moron, auxiliary metabolic gene and host takeover	8.7179	0.4395	MT926124.1
MT926124.1_7	1775	2234	+	6099	unknown function	DNA, RNA and nucleotide metabolism	2.5464	0.1995	MT926124.1
MT926124.1_8	2281	3529	+	2150	head and packaging	NA	NA	NA	MT926124.1
MT926124.1_9	3543	5829	+	1907	DNA, RNA and nucleotide metabolism	NA	NA	NA	MT926124.1
MT926124.1_10	5825	5921	-	No_PHROG	unknown function	lysis	1.0771	0.1856	MT926124.1
MT926124.1_11	5943	7383	-	1015	tail	NA	NA	NA	MT926124.1
MT926124.1_12	7357	7780	-	199	lysis	NA	NA	NA	MT926124.1
MT926124.1_13	7781	9545	-	2248	tail	NA	NA	NA	MT926124.1
MT926124.1_14	9601	11011	-	9604	tail	NA	NA	NA	MT926124.1
MT926124.1_15	11074	11824	-	635	lysis	NA	NA	NA	MT926124.1
MT926124.1_16	11835	13779	-	287	tail	NA	NA	NA	MT926124.1
MT926124.1_17	13792	14548	-	3225	connector	NA	NA	NA	MT926124.1
MT926124.1_18	14540	15524	-	2038	connector	NA	NA	NA	MT926124.1
MT926124.1_19	15538	16765	-	2006	head and packaging	NA	NA	NA	MT926124.1
MT926124.1_20	16771	16954	-	6289	unknown function	connector	1.9800	0.1797	MT926124.1
MT926124.1_21	16966	17347	-	7102	unknown function	head and packaging	1.0339	0.2323	MT926124.1
NC_007021.1_0	619	727	-	No_PHROG	unknown function	moron, auxiliary metabolic gene and host takeover	9.0213	0.5066	NC_007021.1
NC_007021.1_1	763	1165	+	9084	DNA, RNA and nucleotide metabolism	NA	NA	NA	NC_007021.1
NC_007021.1_2	1283	2144	+	675	head and packaging	NA	NA	NA	NC_007021.1
NC_007021.1_3	2156	2948	+	1917	head and packaging	NA	NA	NA	NC_007021.1
NC_007021.1_4	2934	3570	+	1116	moron, auxiliary metabolic gene and host takeover	NA	NA	NA	NC_007021.1
NC_007021.1_5	3605	4577	+	3094	unknown function	lysis	6.9095	0.2572	NC_007021.1
NC_007021.1_6	4665	5019	+	3937	unknown function	head and packaging	2.7975	0.2205	NC_007021.1
NC_007021.1_7	5087	5408	+	1108	head and packaging	NA	NA	NA	NC_007021.1
NC_007021.1_8	5388	7119	+	12	head and packaging	NA	NA	NA	NC_007021.1
NC_007021.1_9	7222	8053	+	1028	head and packaging	NA	NA	NA	NC_007021.1
NC_007021.1_10	8058	9054	+	1133	unknown function	head and packaging	8.8799	0.4733	NC_007021.1
NC_007021.1_11	9145	10534	+	752	head and packaging	NA	NA	NA	NC_007021.1
NC_007021.1_12	10620	10890	+	1205	unknown function	head and packaging	5.1965	0.2624	NC_007021.1
NC_007021.1_13	10901	11813	+	772	tail	NA	NA	NA	NC_007021.1
NC_007021.1_14	11824	12712	+	1004	head and packaging	NA	NA	NA	NC_007021.1
NC_007021.1_15	12711	13356	+	1127	connector	NA	NA	NA	NC_007021.1
NC_007021.1_16	13386	14214	+	1000	tail	NA	NA	NA	NC_007021.1
NC_007021.1_17	14203	14413	+	1151	unknown function	head and packaging	6.9218	0.4455	NC_007021.1
NC_007021.1_18	14433	16197	+	279	tail	NA	NA	NA	NC_007021.1
NC_007021.1_19	16271	16637	+	985	head and packaging	NA	NA	NA	NC_007021.1
NC_007021.1_20	16702	16951	-	No_PHROG	unknown function	head and packaging	5.1120	0.3510	NC_007021.1
NC_007021.1_21	17025	17229	-	No_PHROG	unknown function	head and packaging	4.5888	0.2019	NC_007021.1
NC_007021.1_22	17391	17538	-	No_PHROG	unknown function	head and packaging	4.2508	0.2076	NC_007021.1
NC_007021.1_23	17653	18967	+	7140	DNA, RNA and nucleotide metabolism	NA	NA	NA	NC_007021.1
NC_007021.1_24	19025	19184	+	8192	unknown function	head and packaging	3.2139	0.2362	NC_007021.1
NC_007021.1_25	19173	19311	+	2701	unknown function	head and packaging	3.3530	0.2198	NC_007021.1
NC_007021.1_26	19346	19802	+	1905	unknown function	head and packaging	2.7990	0.2112	NC_007021.1
NC_007021.1_27	19848	20154	+	2754	head and packaging	NA	NA	NA	NC_007021.1
NC_007021.1_28	20236	20689	+	1038	tail	NA	NA	NA	NC_007021.1
NC_007021.1_29	20762	21221	+	1316	DNA, RNA and nucleotide metabolism	NA	NA	NA	NC_007021.1
NC_007021.1_30	21271	25081	+	1047	tail	NA	NA	NA	NC_007021.1
NC_007021.1_31	25140	27543	+	1015	tail	NA	NA	NA	NC_007021.1
NC_007021.1_32	27555	28413	+	2677	tail	NA	NA	NA	NC_007021.1
NC_007021.1_33	28409	30224	+	24418	other	NA	NA	NA	NC_007021.1
NC_007021.1_34	30313	31093	+	1011	head and packaging	NA	NA	NA	NC_007021.1
NC_007021.1_35	31089	31623	+	1073	unknown function	head and packaging	6.5884	0.3412	NC_007021.1
NC_007021.1_36	31612	32317	+	975	tail	NA	NA	NA	NC_007021.1
NC_007021.1_37	32330	33377	+	6	tail	NA	NA	NA	NC_007021.1
NC_007021.1_38	33387	36519	+	2386	head and packaging	NA	NA	NA	NC_007021.1
NC_007021.1_39	36603	37113	+	1394	head and packaging	NA	NA	NA	NC_007021.1
NC_007021.1_40	37129	40585	+	25864	tail	NA	NA	NA	NC_007021.1
NC_007021.1_41	40635	40803	+	1074	unknown function	head and packaging	3.0786	0.2276	NC_007021.1
NC_007021.1_42	40802	41852	+	2665	head and packaging	NA	NA	NA	NC_007021.1
NC_007021.1_43	41867	42233	+	2671	tail	NA	NA	NA	NC_007021.1
NC_007021.1_44	42241	43570	+	2691	tail	NA	NA	NA	NC_007021.1
NC_007021.1_45	43658	46673	+	16	DNA, RNA and nucleotide metabolism	NA	NA	NA	NC_007021.1
NC_007021.1_46	46678	48166	+	1098	DNA, RNA and nucleotide metabolism	NA	NA	NA	NC_007021.1
NC_007021.1_47	48152	49595	+	19	DNA, RNA and nucleotide metabolism	NA	NA	NA	NC_007021.1
NC_007021.1_48	49655	50675	+	100	DNA, RNA and nucleotide metabolism	NA	NA	NA	NC_007021.1
NC_007021.1_49	50731	51094	+	2773	unknown function	DNA, RNA and nucleotide metabolism	1.8555	0.2906	NC_007021.1
NC_007021.1_50	51097	53008	+	77	DNA, RNA and nucleotide metabolism	NA	NA	NA	NC_007021.1
NC_007021.1_51	53010	53598	+	1070	moron, auxiliary metabolic gene and host takeover	NA	NA	NA	NC_007021.1
NC_007021.1_52	53610	54672	+	47	DNA, RNA and nucleotide metabolism	NA	NA	NA	NC_007021.1
NC_007021.1_53	54726	55035	+	1291	unknown function	moron, auxiliary metabolic gene and host takeover	8.7720	0.4491	NC_007021.1
NC_007021.1_54	55034	55466	+	1095	head and packaging	NA	NA	NA	NC_007021.1
NC_007021.1_55	55455	56055	+	244	DNA, RNA and nucleotide metabolism	NA	NA	NA	NC_007021.1
NC_007021.1_56	56070	56463	+	883	moron, auxiliary metabolic gene and host takeover	NA	NA	NA	NC_007021.1
NC_007021.1_57	56473	57217	+	6132	DNA, RNA and nucleotide metabolism	NA	NA	NA	NC_007021.1
NC_007021.1_58	57619	58669	+	84	DNA, RNA and nucleotide metabolism	NA	NA	NA	NC_007021.1
NC_007021.1_59	58882	59572	+	59	DNA, RNA and nucleotide metabolism	NA	NA	NA	NC_007021.1
NC_007021.1_60	59600	59759	-	No_PHROG	unknown function	moron, auxiliary metabolic gene and host takeover	9.0954	0.5281	NC_007021.1
NC_007021.1_61	59837	60104	+	10616	DNA, RNA and nucleotide metabolism	NA	NA	NA	NC_007021.1
NC_007021.1_62	60119	61169	+	86	DNA, RNA and nucleotide metabolism	NA	NA	NA	NC_007021.1
NC_007021.1_63	61181	61451	+	2797	unknown function	DNA, RNA and nucleotide metabolism	1.1709	0.2474	NC_007021.1
NC_007021.1_64	61452	61761	+	22	DNA, RNA and nucleotide metabolism	NA	NA	NA	NC_007021.1
NC_007021.1_65	61840	62563	+	15477	other	NA	NA	NA	NC_007021.1
NC_007021.1_66	62562	62859	+	379	DNA, RNA and nucleotide metabolism	NA	NA	NA	NC_007021.1
NC_007021.1_67	62938	63250	+	59166	unknown function	DNA, RNA and nucleotide metabolism	2.5468	0.1995	NC_007021.1
NC_007021.1_68	63252	66456	+	17	DNA, RNA and nucleotide metabolism	NA	NA	NA	NC_007021.1
NC_007021.1_69	66505	66709	+	87240	unknown function	DNA, RNA and nucleotide metabolism	2.0544	0.1992	NC_007021.1
NC_007021.1_70	66693	67176	+	1069	DNA, RNA and nucleotide metabolism	NA	NA	NA	NC_007021.1
NC_007021.1_71	67247	68342	+	2672	DNA, RNA and nucleotide metabolism	NA	NA	NA	NC_007021.1
NC_007021.1_72	68395	68494	-	No_PHROG	unknown function	DNA, RNA and nucleotide metabolism	2.1737	0.1829	NC_007021.1
NC_007021.1_73	68484	68730	+	4637	unknown function	DNA, RNA and nucleotide metabolism	2.0156	0.2004	NC_007021.1
NC_007021.1_74	68720	69968	+	97	other	NA	NA	NA	NC_007021.1
NC_007021.1_75	69960	70308	+	1089	unknown function	other	2.7590	0.2655	NC_007021.1
NC_007021.1_76	70300	70936	+	1025	transcription regulation	NA	NA	NA	NC_007021.1
NC_007021.1_77	71006	71645	+	1240	other	NA	NA	NA	NC_007021.1
NC_007021.1_78	71668	72187	+	341	tail	NA	NA	NA	NC_007021.1
NC_007021.1_79	72198	72414	+	1696	tail	NA	NA	NA	NC_007021.1
NC_007021.1_80	72478	72757	+	2673	unknown function	head and packaging	2.0906	0.1914	NC_007021.1
NC_007021.1_81	72756	73491	+	1850	other	NA	NA	NA	NC_007021.1
NC_007021.1_82	73483	74719	+	284	DNA, RNA and nucleotide metabolism	NA	NA	NA	NC_007021.1
NC_007021.1_83	74728	75094	+	2892	unknown function	moron, auxiliary metabolic gene and host takeover	9.7982	0.8376	NC_007021.1
NC_007021.1_84	75146	75683	+	1080	unknown function	DNA, RNA and nucleotide metabolism	4.0779	0.2318	NC_007021.1
NC_007021.1_85	75675	76422	+	984	DNA, RNA and nucleotide metabolism	NA	NA	NA	NC_007021.1
NC_007021.1_86	76405	76825	+	2356	unknown function	head and packaging	1.7322	0.2100	NC_007021.1
NC_007021.1_87	76826	77633	+	1113	head and packaging	NA	NA	NA	NC_007021.1
NC_007021.1_88	77734	77830	+	No_PHROG	unknown function	head and packaging	1.7026	0.2137	NC_007021.1
NC_007021.1_89	77971	78700	+	1007	unknown function	head and packaging	4.6424	0.2913	NC_007021.1
NC_007021.1_90	78715	79180	+	1104	head and packaging	NA	NA	NA	NC_007021.1
NC_007021.1_91	79237	79669	+	1303	DNA, RNA and nucleotide metabolism	NA	NA	NA	NC_007021.1
NC_007021.1_92	79678	80353	+	2726	unknown function	head and packaging	1.5611	0.1564	NC_007021.1
NC_007021.1_93	80345	80741	+	2863	moron, auxiliary metabolic gene and host takeover	NA	NA	NA	NC_007021.1
NC_007021.1_94	80876	81116	+	No_PHROG	unknown function	head and packaging	1.1114	0.2152	NC_007021.1
NC_007021.1_95	81115	81340	+	3664	DNA, RNA and nucleotide metabolism	NA	NA	NA	NC_007021.1
NC_007021.1_96	81336	81501	+	3524	unknown function	DNA, RNA and nucleotide metabolism	1.4165	0.2431	NC_007021.1
NC_007021.1_97	81497	81704	+	No_PHROG	unknown function	DNA, RNA and nucleotide metabolism	1.4862	0.2735	NC_007021.1
NC_007021.1_98	81761	81881	+	No_PHROG	unknown function	head and packaging	1.0632	0.1836	NC_007021.1
NC_007021.1_99	81884	82994	+	506	integration and excision	NA	NA	NA	NC_007021.1
NC_007021.1_100	83171	83372	+	No_PHROG	unknown function	moron, auxiliary metabolic gene and host takeover	9.7570	0.8080	NC_007021.1
NC_007021.1_101	83365	83644	+	106781	unknown function	DNA, RNA and nucleotide metabolism	1.1664	0.2157	NC_007021.1
NC_007021.1_102	83722	84286	+	82872	unknown function	moron, auxiliary metabolic gene and host takeover	6.6776	0.2318	NC_007021.1
NC_007021.1_103	84302	84659	+	90776	unknown function	DNA, RNA and nucleotide metabolism	2.0397	0.2301	NC_007021.1
NC_007021.1_104	84672	84873	+	100126	unknown function	moron, auxiliary metabolic gene and host takeover	7.1187	0.2583	NC_007021.1
NC_007021.1_105	84886	85339	+	42779	unknown function	DNA, RNA and nucleotide metabolism	1.5875	0.1881	NC_007021.1
NC_007021.1_106	85419	85794	+	No_PHROG	unknown function	DNA, RNA and nucleotide metabolism	1.3527	0.2147	NC_007021.1
NC_007021.1_107	85775	86069	+	42304	unknown function	moron, auxiliary metabolic gene and host takeover	7.5333	0.2890	NC_007021.1
NC_007021.1_108	86437	86893	+	59585	unknown function	integration and excision	1.0058	0.2067	NC_007021.1
NC_007021.1_109	86882	87095	+	82174	unknown function	moron, auxiliary metabolic gene and host takeover	5.9893	0.2448	NC_007021.1
NC_007021.1_110	87157	87490	+	34735	unknown function	moron, auxiliary metabolic gene and host takeover	7.6650	0.3002	NC_007021.1
NC_007021.1_111	87586	87676	-	No_PHROG	unknown function	moron, auxiliary metabolic gene and host takeover	9.7827	0.8293	NC_007021.1
NC_007021.1_112	87852	88053	-	No_PHROG	unknown function	moron, auxiliary metabolic gene and host takeover	9.7690	0.8197	NC_007021.1
NC_007021.1_113	88062	88155	-	No_PHROG	unknown function	moron, auxiliary metabolic gene and host takeover	9.8519	0.8792	NC_007021.1
NC_007021.1_114	88235	88508	+	No_PHROG	unknown function	moron, auxiliary metabolic gene and host takeover	8.6582	0.4319	NC_007021.1
NC_007021.1_115	88522	89269	+	7653	moron, auxiliary metabolic gene and host takeover	NA	NA	NA	NC_007021.1
NC_007021.1_116	89366	89774	+	467	unknown function	DNA, RNA and nucleotide metabolism	1.3387	0.2266	NC_007021.1
NC_007021.1_117	89770	89959	+	No_PHROG	unknown function	moron, auxiliary metabolic gene and host takeover	9.6717	0.7613	NC_007021.1
NC_007021.1_118	90004	90502	+	72519	unknown function	integration and excision	2.5561	0.1914	NC_007021.1
NC_007021.1_119	90559	90793	+	43515	unknown function	moron, auxiliary metabolic gene and host takeover	7.7368	0.3067	NC_007021.1
NC_007021.1_120	90816	91119	+	13773	unknown function	integration and excision	1.3602	0.1880	NC_007021.1
NC_007021.1_121	91208	91304	+	No_PHROG	unknown function	moron, auxiliary metabolic gene and host takeover	7.3015	0.2707	NC_007021.1
NC_007021.1_122	91386	91731	+	95678	unknown function	moron, auxiliary metabolic gene and host takeover	7.7767	0.3106	NC_007021.1
NC_007021.1_123	91767	91941	+	No_PHROG	unknown function	moron, auxiliary metabolic gene and host takeover	9.8141	0.8507	NC_007021.1
NC_007021.1_124	91937	92126	+	No_PHROG	unknown function	moron, auxiliary metabolic gene and host takeover	9.7388	0.7989	NC_007021.1
NC_007021.1_125	92136	92352	+	6981	unknown function	moron, auxiliary metabolic gene and host takeover	9.5829	0.7068	NC_007021.1
NC_007021.1_126	92348	92567	+	22787	moron, auxiliary metabolic gene and host takeover	NA	NA	NA	NC_007021.1
NC_007021.1_127	92578	92767	+	No_PHROG	unknown function	moron, auxiliary metabolic gene and host takeover	9.7646	0.8110	NC_007021.1
NC_007021.1_128	92963	93914	+	3396	DNA, RNA and nucleotide metabolism	NA	NA	NA	NC_007021.1
NC_007021.1_129	93996	94176	-	No_PHROG	unknown function	moron, auxiliary metabolic gene and host takeover	8.7895	0.4528	NC_007021.1
NC_007021.1_130	94310	94409	+	No_PHROG	unknown function	moron, auxiliary metabolic gene and host takeover	8.5460	0.4081	NC_007021.1
NC_007021.1_131	94471	94591	+	No_PHROG	unknown function	moron, auxiliary metabolic gene and host takeover	8.8977	0.4760	NC_007021.1
NC_007021.1_132	94574	94847	+	1709	unknown function	moron, auxiliary metabolic gene and host takeover	4.9353	0.1935	NC_007021.1
NC_007021.1_133	95033	95234	+	No_PHROG	unknown function	moron, auxiliary metabolic gene and host takeover	7.6162	0.2959	NC_007021.1
NC_007021.1_134	95260	95392	-	No_PHROG	unknown function	moron, auxiliary metabolic gene and host takeover	8.6698	0.4297	NC_007021.1
NC_007021.1_135	95377	95794	+	12518	unknown function	integration and excision	1.7920	0.1888	NC_007021.1
NC_007021.1_136	95834	95981	-	No_PHROG	unknown function	moron, auxiliary metabolic gene and host takeover	7.3799	0.2766	NC_007021.1
NC_007021.1_137	96019	96373	-	3077	unknown function	moron, auxiliary metabolic gene and host takeover	6.6247	0.2421	NC_007021.1
NC_007021.1_138	96338	96440	+	No_PHROG	unknown function	moron, auxiliary metabolic gene and host takeover	6.7292	0.2367	NC_007021.1
NC_007021.1_139	96534	96678	+	No_PHROG	unknown function	moron, auxiliary metabolic gene and host takeover	7.5981	0.2944	NC_007021.1
NC_007021.1_140	96696	96900	+	105194	unknown function	moron, auxiliary metabolic gene and host takeover	6.2070	0.2246	NC_007021.1
NC_007021.1_141	96901	97054	+	3325	other	NA	NA	NA	NC_007021.1
NC_007021.1_142	97071	97260	+	90142	unknown function	moron, auxiliary metabolic gene and host takeover	6.9833	0.3706	NC_007021.1
NC_007021.1_143	97411	97528	-	No_PHROG	unknown function	moron, auxiliary metabolic gene and host takeover	7.9760	0.4649	NC_007021.1
NC_007021.1_144	97535	97646	+	No_PHROG	unknown function	moron, auxiliary metabolic gene and host takeover	7.2142	0.2848	NC_007021.1
NC_007021.1_145	97829	98432	-	2349	unknown function	moron, auxiliary metabolic gene and host takeover	4.6784	0.2149	NC_007021.1
NC_007021.1_146	98491	98746	-	No_PHROG	unknown function	moron, auxiliary metabolic gene and host takeover	8.5867	0.4149	NC_007021.1
NC_007021.1_147	98827	99049	-	2884	unknown function	moron, auxiliary metabolic gene and host takeover	8.6622	0.4287	NC_007021.1
NC_007021.1_148	99059	99431	-	No_PHROG	unknown function	moron, auxiliary metabolic gene and host takeover	3.2689	0.2105	NC_007021.1
NC_007021.1_149	99420	101685	-	8238	DNA, RNA and nucleotide metabolism	NA	NA	NA	NC_007021.1
NC_007021.1_150	101686	101992	-	95648	unknown function	moron, auxiliary metabolic gene and host takeover	5.3177	0.2262	NC_007021.1
NC_007021.1_151	101991	102249	-	4159	other	NA	NA	NA	NC_007021.1
NC_007021.1_152	102245	102953	-	246	other	NA	NA	NA	NC_007021.1
NC_007021.1_153	103076	103259	-	No_PHROG	unknown function	moron, auxiliary metabolic gene and host takeover	2.1691	0.1971	NC_007021.1
NC_007021.1_154	103266	103824	-	2948	unknown function	moron, auxiliary metabolic gene and host takeover	4.2459	0.2161	NC_007021.1
NC_007021.1_155	103886	104270	-	478	integration and excision	NA	NA	NA	NC_007021.1
NC_007021.1_156	104279	104720	-	56802	unknown function	integration and excision	1.1392	0.2453	NC_007021.1
NC_007021.1_157	104728	105412	-	14215	unknown function	integration and excision	3.5259	0.1806	NC_007021.1
NC_007021.1_158	105504	105732	-	No_PHROG	unknown function	DNA, RNA and nucleotide metabolism	1.4787	0.1816	NC_007021.1
NC_007021.1_159	105718	105955	-	9042	unknown function	DNA, RNA and nucleotide metabolism	1.9031	0.2070	NC_007021.1
NC_007021.1_160	105951	106320	-	98	unknown function	moron, auxiliary metabolic gene and host takeover	8.8694	0.4712	NC_007021.1
NC_007021.1_161	106316	106724	-	3377	DNA, RNA and nucleotide metabolism	NA	NA	NA	NC_007021.1
NC_007021.1_162	106726	106975	-	374	DNA, RNA and nucleotide metabolism	NA	NA	NA	NC_007021.1
NC_007021.1_163	106974	107070	-	1241	unknown function	moron, auxiliary metabolic gene and host takeover	8.1968	0.3567	NC_007021.1
NC_007021.1_164	107151	107244	-	No_PHROG	unknown function	moron, auxiliary metabolic gene and host takeover	8.2887	0.3753	NC_007021.1
NC_007021.1_165	107227	107350	-	No_PHROG	unknown function	moron, auxiliary metabolic gene and host takeover	8.0454	0.3467	NC_007021.1
NC_007021.1_166	107453	107597	-	No_PHROG	unknown function	moron, auxiliary metabolic gene and host takeover	7.4451	0.2813	NC_007021.1
NC_007021.1_167	107764	108139	-	452	DNA, RNA and nucleotide metabolism	NA	NA	NA	NC_007021.1
NC_007021.1_168	108179	108422	-	3143	unknown function	DNA, RNA and nucleotide metabolism	1.4411	0.1791	NC_007021.1
NC_007021.1_169	108461	108563	+	No_PHROG	unknown function	moron, auxiliary metabolic gene and host takeover	5.0432	0.1828	NC_007021.1
NC_007021.1_170	108564	112707	-	19864	tail	NA	NA	NA	NC_007021.1
NC_007021.1_171	112707	113172	-	3319	unknown function	moron, auxiliary metabolic gene and host takeover	4.2133	0.1802	NC_007021.1
NC_007021.1_172	113240	113336	-	No_PHROG	unknown function	moron, auxiliary metabolic gene and host takeover	2.8015	0.2031	NC_007021.1
NC_007021.1_173	113352	113667	-	2861	unknown function	moron, auxiliary metabolic gene and host takeover	5.0997	0.2043	NC_007021.1
NC_007021.1_174	113659	114061	-	2708	other	NA	NA	NA	NC_007021.1
NC_007021.1_175	114050	114140	-	No_PHROG	unknown function	moron, auxiliary metabolic gene and host takeover	8.7861	0.4533	NC_007021.1
NC_007021.1_176	114211	114637	-	135	DNA, RNA and nucleotide metabolism	NA	NA	NA	NC_007021.1
NC_007021.1_177	114646	114814	-	No_PHROG	unknown function	DNA, RNA and nucleotide metabolism	3.1290	0.2143	NC_007021.1
NC_007021.1_178	114813	114957	-	96113	unknown function	integration and excision	1.2169	0.1709	NC_007021.1
NC_007021.1_179	115003	115255	-	2811	head and packaging	NA	NA	NA	NC_007021.1
NC_007021.1_180	115266	115584	-	1274	lysis	NA	NA	NA	NC_007021.1
NC_007021.1_181	115549	116167	-	2642	unknown function	lysis	1.5913	0.2737	NC_007021.1
NC_007021.1_182	116166	116787	-	1817	DNA, RNA and nucleotide metabolism	NA	NA	NA	NC_007021.1
NC_007021.1_183	116792	117260	-	16124	unknown function	DNA, RNA and nucleotide metabolism	1.4289	0.2521	NC_007021.1
NC_007021.1_184	117272	117536	-	3093	unknown function	moron, auxiliary metabolic gene and host takeover	7.9571	0.3803	NC_007021.1
NC_007021.1_185	117606	118344	-	170	other	NA	NA	NA	NC_007021.1
NC_007021.1_186	118471	119140	-	3310	other	NA	NA	NA	NC_007021.1
NC_007021.1_187	119231	119777	-	2995	unknown function	DNA, RNA and nucleotide metabolism	4.6988	0.1965	NC_007021.1
NC_007021.1_188	119773	120199	-	531	DNA, RNA and nucleotide metabolism	NA	NA	NA	NC_007021.1
NC_007021.1_189	120195	120381	-	2706	unknown function	DNA, RNA and nucleotide metabolism	1.2033	0.2950	NC_007021.1
NC_007021.1_190	120392	120965	-	2896	unknown function	DNA, RNA and nucleotide metabolism	2.5836	0.1983	NC_007021.1
NC_007021.1_191	120957	121170	-	3	transcription regulation	NA	NA	NA	NC_007021.1
NC_007021.1_192	121233	121458	-	2770	unknown function	DNA, RNA and nucleotide metabolism	2.0377	0.1942	NC_007021.1
NC_007021.1_193	121600	122128	+	59	DNA, RNA and nucleotide metabolism	NA	NA	NA	NC_007021.1
NC_007021.1_194	122155	123559	-	635	lysis	NA	NA	NA	NC_007021.1
NC_007021.1_195	123524	124082	-	962	lysis	NA	NA	NA	NC_007021.1
NC_007021.1_196	124154	124334	-	987	unknown function	DNA, RNA and nucleotide metabolism	5.5016	0.2646	NC_007021.1
NC_007021.1_197	124526	124619	-	No_PHROG	unknown function	moron, auxiliary metabolic gene and host takeover	6.1007	0.2041	NC_007021.1
NC_007021.1_198	124622	124715	-	No_PHROG	unknown function	moron, auxiliary metabolic gene and host takeover	8.7371	0.4419	NC_007021.1
NC_007021.1_199	124727	124985	+	No_PHROG	unknown function	moron, auxiliary metabolic gene and host takeover	9.1950	0.5540	NC_007021.1
NC_007021.1_200	125097	125271	+	No_PHROG	unknown function	moron, auxiliary metabolic gene and host takeover	9.7993	0.8530	NC_007021.1
NC_007021.1_201	125283	125499	-	1257	moron, auxiliary metabolic gene and host takeover	NA	NA	NA	NC_007021.1
NC_007021.1_202	125660	125753	-	No_PHROG	unknown function	moron, auxiliary metabolic gene and host takeover	8.7876	0.4520	NC_007021.1
NC_007021.1_203	125833	126037	-	1215	unknown function	moron, auxiliary metabolic gene and host takeover	4.8619	0.1876	NC_007021.1
NC_007021.1_204	126055	126388	-	937	other	NA	NA	NA	NC_007021.1
NC_007021.1_205	126401	126722	-	1481	unknown function	moron, auxiliary metabolic gene and host takeover	5.1195	0.2241	NC_007021.1
NC_007021.1_206	126787	127039	-	No_PHROG	unknown function	moron, auxiliary metabolic gene and host takeover	8.6042	0.4246	NC_007021.1
NC_007021.1_207	127158	127533	+	3395	moron, auxiliary metabolic gene and host takeover	NA	NA	NA	NC_007021.1
NC_007021.1_208	127507	127786	+	1321	unknown function	head and packaging	2.0862	0.1746	NC_007021.1
NC_007021.1_209	127778	128192	+	1063	head and packaging	NA	NA	NA	NC_007021.1
NC_007021.1_210	128197	128446	+	5340	head and packaging	NA	NA	NA	NC_007021.1
NC_007021.1_211	128633	128735	-	No_PHROG	unknown function	moron, auxiliary metabolic gene and host takeover	4.3948	0.2337	NC_007021.1
NC_007021.1_212	128936	129887	+	559	DNA, RNA and nucleotide metabolism	NA	NA	NA	NC_007021.1
NC_007021.1_213	129990	130623	+	12876	head and packaging	NA	NA	NA	NC_007021.1
NC_007056.1_0	40	412	+	2538	head and packaging	NA	NA	NA	NC_007056.1
NC_007056.1_1	395	1661	+	2	head and packaging	NA	NA	NA	NC_007056.1
NC_007056.1_2	1753	3091	+	64	head and packaging	NA	NA	NA	NC_007056.1
NC_007056.1_3	3053	4001	+	115	head and packaging	NA	NA	NA	NC_007056.1
NC_007056.1_4	3997	4108	+	No_PHROG	unknown function	head and packaging	5.5752	0.1911	NC_007056.1
NC_007056.1_5	4111	4336	+	2881	DNA, RNA and nucleotide metabolism	NA	NA	NA	NC_007056.1
NC_007056.1_6	4348	4438	+	No_PHROG	unknown function	head and packaging	7.2108	0.2639	NC_007056.1
NC_007056.1_7	4450	5047	+	194	head and packaging	NA	NA	NA	NC_007056.1
NC_007056.1_8	5063	5891	+	544	head and packaging	NA	NA	NA	NC_007056.1
NC_007056.1_9	5909	6191	+	390	transcription regulation	NA	NA	NA	NC_007056.1
NC_007056.1_10	6190	6487	+	1161	connector	NA	NA	NA	NC_007056.1
NC_007056.1_11	6491	6827	+	25	connector	NA	NA	NA	NC_007056.1
NC_007056.1_12	6813	7221	+	5	connector	NA	NA	NA	NC_007056.1
NC_007056.1_13	7232	7655	+	176	connector	NA	NA	NA	NC_007056.1
NC_007056.1_14	7658	8201	+	238	tail	NA	NA	NA	NC_007056.1
NC_007056.1_15	8263	8767	+	183	tail	NA	NA	NA	NC_007056.1
NC_007056.1_16	8817	9096	+	1404	tail	NA	NA	NA	NC_007056.1
NC_007056.1_17	9114	12027	+	58	tail	NA	NA	NA	NC_007056.1
NC_007056.1_18	12039	12972	+	33	tail	NA	NA	NA	NC_007056.1
NC_007056.1_19	12984	14844	+	663	head and packaging	NA	NA	NA	NC_007056.1
NC_007056.1_20	14855	16586	+	31144	tail	NA	NA	NA	NC_007056.1
NC_007056.1_21	16600	18337	+	257	tail	NA	NA	NA	NC_007056.1
NC_007056.1_22	18333	18666	+	1766	tail	NA	NA	NA	NC_007056.1
NC_007056.1_23	18662	18797	+	134	unknown function	moron, auxiliary metabolic gene and host takeover	1.2705	0.2990	NC_007056.1
NC_007056.1_24	18819	19116	+	276	unknown function	lysis	1.0174	0.2407	NC_007056.1
NC_007056.1_25	19243	21136	+	759	other	NA	NA	NA	NC_007056.1
NC_007056.1_26	21152	23879	+	19519	connector	NA	NA	NA	NC_007056.1
NC_007056.1_27	23924	24359	+	962	lysis	NA	NA	NA	NC_007056.1
NC_007056.1_28	24339	25788	+	635	lysis	NA	NA	NA	NC_007056.1
NC_007056.1_29	25850	26051	+	No_PHROG	unknown function	lysis	3.5102	0.3767	NC_007056.1
NC_007056.1_30	26109	26226	+	No_PHROG	unknown function	moron, auxiliary metabolic gene and host takeover	8.2895	0.3689	NC_007056.1
NC_007056.1_31	26337	26427	+	No_PHROG	unknown function	lysis	1.3488	0.2798	NC_007056.1
NC_007056.1_32	26578	26668	-	No_PHROG	unknown function	lysis	2.0647	0.2934	NC_007056.1
NC_007056.1_33	26735	26834	+	No_PHROG	unknown function	lysis	2.2145	0.2536	NC_007056.1
NC_007056.1_34	27016	27124	+	No_PHROG	unknown function	integration and excision	2.0272	0.1930	NC_007056.1
NC_007056.1_35	27228	28263	-	1	integration and excision	NA	NA	NA	NC_007056.1
NC_007056.1_36	28324	29158	-	2657	transcription regulation	NA	NA	NA	NC_007056.1
NC_007056.1_37	29195	29660	-	87	other	NA	NA	NA	NC_007056.1
NC_007056.1_38	29683	30013	-	8	transcription regulation	NA	NA	NA	NC_007056.1
NC_007056.1_39	30177	30387	+	3	transcription regulation	NA	NA	NA	NC_007056.1
NC_007056.1_40	30425	31337	+	12047	DNA, RNA and nucleotide metabolism	NA	NA	NA	NC_007056.1
NC_007056.1_41	31329	32100	+	1033	DNA, RNA and nucleotide metabolism	NA	NA	NA	NC_007056.1
NC_007056.1_42	32159	32339	+	1534	unknown function	DNA, RNA and nucleotide metabolism	5.0737	0.2829	NC_007056.1
NC_007056.1_43	32328	32568	-	3240	unknown function	DNA, RNA and nucleotide metabolism	2.5451	0.2216	NC_007056.1
NC_007056.1_44	32624	33401	+	373	transcription regulation	NA	NA	NA	NC_007056.1
NC_007056.1_45	33435	33585	+	2312	unknown function	moron, auxiliary metabolic gene and host takeover	2.9604	0.2578	NC_007056.1
NC_007056.1_46	33553	33712	+	No_PHROG	unknown function	DNA, RNA and nucleotide metabolism	1.5083	0.2035	NC_007056.1
NC_007056.1_47	33732	33876	+	1263	unknown function	DNA, RNA and nucleotide metabolism	1.2200	0.1961	NC_007056.1
NC_007056.1_48	33885	34545	-	7948	unknown function	moron, auxiliary metabolic gene and host takeover	8.8241	0.4598	NC_007056.1
NC_007056.1_49	34692	34998	+	netflax	moron, auxiliary metabolic gene and host takeover	NA	NA	NA	NC_007056.1
NC_007056.1_50	35002	35158	+	No_PHROG	unknown function	moron, auxiliary metabolic gene and host takeover	9.6780	0.7652	NC_007056.1
NC_007056.1_51	35228	35348	-	No_PHROG	unknown function	moron, auxiliary metabolic gene and host takeover	5.7215	0.2990	NC_007056.1
NC_007056.1_52	35389	35659	+	3119	unknown function	integration and excision	3.9779	0.1920	NC_007056.1
NC_007056.1_53	35655	35874	+	946	unknown function	DNA, RNA and nucleotide metabolism	2.7593	0.2476	NC_007056.1
NC_007056.1_54	35870	36494	+	155	DNA, RNA and nucleotide metabolism	NA	NA	NA	NC_007056.1
NC_007056.1_55	36493	36892	+	44	DNA, RNA and nucleotide metabolism	NA	NA	NA	NC_007056.1
NC_007056.1_56	36903	37575	+	398	DNA, RNA and nucleotide metabolism	NA	NA	NA	NC_007056.1
NC_007056.1_57	37571	37778	+	3	transcription regulation	NA	NA	NA	NC_007056.1
NC_007056.1_58	37770	38475	+	186	DNA, RNA and nucleotide metabolism	NA	NA	NA	NC_007056.1
NC_007056.1_59	38479	38827	+	2289	DNA, RNA and nucleotide metabolism	NA	NA	NA	NC_007056.1
NC_007056.1_60	38819	40058	+	19	DNA, RNA and nucleotide metabolism	NA	NA	NA	NC_007056.1
NC_007056.1_61	40054	40273	+	3161	unknown function	DNA, RNA and nucleotide metabolism	5.3143	0.2686	NC_007056.1
NC_007056.1_62	40259	40676	+	140	DNA, RNA and nucleotide metabolism	NA	NA	NA	NC_007056.1
NC_007056.1_63	40677	41106	+	108033	unknown function	DNA, RNA and nucleotide metabolism	3.5889	0.2459	NC_007056.1
NC_007056.1_64	41105	41300	+	4943	other	NA	NA	NA	NC_007056.1
NC_007056.1_65	41292	41601	+	108151	other	NA	NA	NA	NC_007056.1
NC_007056.1_66	41597	41810	+	433	other	NA	NA	NA	NC_007056.1
NC_007056.1_67	41822	42002	+	433	other	NA	NA	NA	NC_007056.1
NC_007056.1_68	42020	42401	+	467	unknown function	integration and excision	1.3546	0.2774	NC_007056.1
NC_007056.1_69	42397	42637	+	12537	unknown function	moron, auxiliary metabolic gene and host takeover	5.5729	0.3717	NC_007056.1
NC_007056.1_70	42620	42896	+	4159	other	NA	NA	NA	NC_007056.1
NC_007056.1_71	42879	43239	+	452	DNA, RNA and nucleotide metabolism	NA	NA	NA	NC_007056.1
NC_007056.1_72	43239	43329	+	No_PHROG	unknown function	moron, auxiliary metabolic gene and host takeover	3.4987	0.2112	NC_007056.1
NC_007056.1_73	43348	43486	+	No_PHROG	unknown function	moron, auxiliary metabolic gene and host takeover	9.3485	0.6087	NC_007056.1
NC_007056.1_74	43486	43648	+	4872	unknown function	DNA, RNA and nucleotide metabolism	1.8968	0.2286	NC_007056.1
NC_007056.1_75	43658	44168	+	135	DNA, RNA and nucleotide metabolism	NA	NA	NA	NC_007056.1
NC_007056.1_76	44221	44329	+	No_PHROG	unknown function	moron, auxiliary metabolic gene and host takeover	7.1333	0.3171	NC_007056.1
NC_007056.1_77	44329	44479	+	1367	unknown function	moron, auxiliary metabolic gene and host takeover	8.0781	0.4776	NC_007056.1
NC_007056.1_78	44478	44898	+	36	transcription regulation	NA	NA	NA	NC_007056.1
NC_007056.1_79	44910	45000	-	No_PHROG	unknown function	moron, auxiliary metabolic gene and host takeover	7.6047	0.2984	NC_007056.1
NC_007056.1_80	45017	45152	-	No_PHROG	unknown function	DNA, RNA and nucleotide metabolism	1.0480	0.2172	NC_007056.1
NC_007056.1_81	45112	45208	-	No_PHROG	unknown function	moron, auxiliary metabolic gene and host takeover	6.3199	0.2415	NC_007056.1
NC_019726.1_0	2	581	-	1098	DNA, RNA and nucleotide metabolism	NA	NA	NA	NC_019726.1
NC_019726.1_1	592	2341	-	16	DNA, RNA and nucleotide metabolism	NA	NA	NA	NC_019726.1
NC_019726.1_2	2432	3809	-	2691	tail	NA	NA	NA	NC_019726.1
NC_019726.1_3	3815	4187	-	2671	tail	NA	NA	NA	NC_019726.1
NC_019726.1_4	4208	6131	-	2665	head and packaging	NA	NA	NA	NC_019726.1
NC_019726.1_5	6131	6290	-	1074	unknown function	connector	1.4271	0.2211	NC_019726.1
NC_019726.1_6	6338	9797	-	25864	tail	NA	NA	NA	NC_019726.1
NC_019726.1_7	9817	10339	-	1394	head and packaging	NA	NA	NA	NC_019726.1
NC_019726.1_8	10449	13404	-	2386	head and packaging	NA	NA	NA	NC_019726.1
NC_019726.1_9	13529	14576	-	6	tail	NA	NA	NA	NC_019726.1
NC_019726.1_10	14590	15295	-	975	tail	NA	NA	NA	NC_019726.1
NC_019726.1_11	15294	15819	-	1073	unknown function	head and packaging	6.7631	0.3456	NC_019726.1
NC_019726.1_12	15818	16610	-	1011	head and packaging	NA	NA	NA	NC_019726.1
NC_019726.1_13	16716	19263	-	2204	other	NA	NA	NA	NC_019726.1
NC_019726.1_14	19262	20150	-	2677	tail	NA	NA	NA	NC_019726.1
NC_019726.1_15	20163	22590	-	1015	tail	NA	NA	NA	NC_019726.1
NC_019726.1_16	22669	26728	-	1047	tail	NA	NA	NA	NC_019726.1
NC_019726.1_17	26780	27317	-	1316	DNA, RNA and nucleotide metabolism	NA	NA	NA	NC_019726.1
NC_019726.1_18	27360	27819	-	1038	tail	NA	NA	NA	NC_019726.1
NC_019726.1_19	27950	28262	-	2754	head and packaging	NA	NA	NA	NC_019726.1
NC_019726.1_20	28334	28526	-	4320	moron, auxiliary metabolic gene and host takeover	NA	NA	NA	NC_019726.1
NC_019726.1_21	28538	28997	-	1905	unknown function	head and packaging	2.0965	0.2328	NC_019726.1
NC_019726.1_22	29038	29149	-	2701	unknown function	head and packaging	2.7888	0.1905	NC_019726.1
NC_019726.1_23	29168	29327	-	8192	unknown function	head and packaging	4.3903	0.2100	NC_019726.1
NC_019726.1_24	29415	29844	-	985	head and packaging	NA	NA	NA	NC_019726.1
NC_019726.1_25	29916	31680	-	279	tail	NA	NA	NA	NC_019726.1
NC_019726.1_26	31706	31922	-	1151	unknown function	head and packaging	5.4316	0.4100	NC_019726.1
NC_019726.1_27	31923	32760	-	1000	tail	NA	NA	NA	NC_019726.1
NC_019726.1_28	32778	33399	-	1127	connector	NA	NA	NA	NC_019726.1
NC_019726.1_29	33398	34277	-	1004	head and packaging	NA	NA	NA	NC_019726.1
NC_019726.1_30	34290	35199	-	772	tail	NA	NA	NA	NC_019726.1
NC_019726.1_31	35211	35508	-	1205	unknown function	head and packaging	6.9735	0.3219	NC_019726.1
NC_019726.1_32	35599	36991	-	752	head and packaging	NA	NA	NA	NC_019726.1
NC_019726.1_33	37106	38063	-	1133	unknown function	head and packaging	8.6300	0.4254	NC_019726.1
NC_019726.1_34	38081	38822	-	1028	head and packaging	NA	NA	NA	NC_019726.1
NC_019726.1_35	39048	40740	-	12	head and packaging	NA	NA	NA	NC_019726.1
NC_019726.1_36	40743	41055	-	1108	head and packaging	NA	NA	NA	NC_019726.1
NC_019726.1_37	41132	41417	-	3937	unknown function	head and packaging	1.6287	0.2247	NC_019726.1
NC_019726.1_38	41559	42726	-	3094	unknown function	head and packaging	1.6500	0.2128	NC_019726.1
NC_019726.1_39	42818	43298	-	1116	moron, auxiliary metabolic gene and host takeover	NA	NA	NA	NC_019726.1
NC_019726.1_40	43294	43384	-	3863	unknown function	head and packaging	5.1105	0.2240	NC_019726.1
NC_019726.1_41	43454	44285	-	1917	head and packaging	NA	NA	NA	NC_019726.1
NC_019726.1_42	44277	46095	-	675	head and packaging	NA	NA	NA	NC_019726.1
NC_019726.1_43	46109	46436	-	1063	head and packaging	NA	NA	NA	NC_019726.1
NC_019726.1_44	46516	46795	-	1321	unknown function	head and packaging	1.3832	0.3088	NC_019726.1
NC_019726.1_45	46772	47039	-	3395	moron, auxiliary metabolic gene and host takeover	NA	NA	NA	NC_019726.1
NC_019726.1_46	47112	47205	+	No_PHROG	unknown function	head and packaging	1.3143	0.2035	NC_019726.1
NC_019726.1_47	47299	47566	+	4526	unknown function	moron, auxiliary metabolic gene and host takeover	9.4617	0.6541	NC_019726.1
NC_019726.1_48	47598	47925	+	1481	unknown function	head and packaging	1.5531	0.2188	NC_019726.1
NC_019726.1_49	47937	48270	+	937	other	NA	NA	NA	NC_019726.1
NC_019726.1_50	48282	48492	+	17190	head and packaging	NA	NA	NA	NC_019726.1
NC_019726.1_51	48715	48856	+	No_PHROG	unknown function	moron, auxiliary metabolic gene and host takeover	9.2935	0.5874	NC_019726.1
NC_019726.1_52	48969	49188	+	1257	moron, auxiliary metabolic gene and host takeover	NA	NA	NA	NC_019726.1
NC_019726.1_53	49287	49440	-	No_PHROG	unknown function	DNA, RNA and nucleotide metabolism	1.4052	0.2891	NC_019726.1
NC_019726.1_54	49440	49548	-	No_PHROG	unknown function	moron, auxiliary metabolic gene and host takeover	7.9350	0.3263	NC_019726.1
NC_019726.1_55	49938	50061	+	No_PHROG	unknown function	moron, auxiliary metabolic gene and host takeover	6.8238	0.2394	NC_019726.1
NC_019726.1_56	50229	50334	-	No_PHROG	unknown function	moron, auxiliary metabolic gene and host takeover	5.8111	0.1939	NC_019726.1
NC_019726.1_57	50544	50673	-	No_PHROG	unknown function	head and packaging	1.6547	0.1610	NC_019726.1
NC_019726.1_58	50735	50921	+	987	unknown function	DNA, RNA and nucleotide metabolism	3.3818	0.1997	NC_019726.1
NC_019726.1_59	51005	51509	+	962	lysis	NA	NA	NA	NC_019726.1
NC_019726.1_60	51508	52996	+	635	lysis	NA	NA	NA	NC_019726.1
NC_019726.1_61	53109	53418	+	3667	unknown function	lysis	3.2084	0.2897	NC_019726.1
NC_019726.1_62	53417	54212	+	200	other	NA	NA	NA	NC_019726.1
NC_019726.1_63	54409	55102	+	3310	other	NA	NA	NA	NC_019726.1
NC_019726.1_64	55178	55907	+	374	DNA, RNA and nucleotide metabolism	NA	NA	NA	NC_019726.1
NC_019726.1_65	56034	56262	+	2770	unknown function	moron, auxiliary metabolic gene and host takeover	4.8120	0.2229	NC_019726.1
NC_019726.1_66	56264	56495	+	3	transcription regulation	NA	NA	NA	NC_019726.1
NC_019726.1_67	56484	57126	+	2896	unknown function	integration and excision	1.0958	0.1763	NC_019726.1
NC_019726.1_68	57148	57340	+	2706	unknown function	moron, auxiliary metabolic gene and host takeover	9.1835	0.5541	NC_019726.1
NC_019726.1_69	57329	57755	+	531	DNA, RNA and nucleotide metabolism	NA	NA	NA	NC_019726.1
NC_019726.1_70	57770	58385	+	2995	unknown function	DNA, RNA and nucleotide metabolism	1.4099	0.2167	NC_019726.1
NC_019726.1_71	58436	59177	+	170	other	NA	NA	NA	NC_019726.1
NC_019726.1_72	59245	59470	+	3093	unknown function	lysis	1.4043	0.2597	NC_019726.1
NC_019726.1_73	59469	60366	+	548	DNA, RNA and nucleotide metabolism	NA	NA	NA	NC_019726.1
NC_019726.1_74	60358	60985	+	1817	DNA, RNA and nucleotide metabolism	NA	NA	NA	NC_019726.1
NC_019726.1_75	60977	61556	+	2642	unknown function	lysis	1.7429	0.3807	NC_019726.1
NC_019726.1_76	61562	61736	+	1274	lysis	NA	NA	NA	NC_019726.1
NC_019726.1_77	61752	62016	+	2811	head and packaging	NA	NA	NA	NC_019726.1
NC_019726.1_78	62093	64142	+	3200	unknown function	integration and excision	1.7469	0.2027	NC_019726.1
NC_019726.1_79	64141	64303	+	2966	unknown function	moron, auxiliary metabolic gene and host takeover	6.7999	0.2558	NC_019726.1
NC_019726.1_80	64346	64535	+	3048	unknown function	moron, auxiliary metabolic gene and host takeover	7.4480	0.3001	NC_019726.1
NC_019726.1_81	64534	64837	+	715	other	NA	NA	NA	NC_019726.1
NC_019726.1_82	64969	65386	+	2708	other	NA	NA	NA	NC_019726.1
NC_019726.1_83	65378	65705	+	2861	unknown function	moron, auxiliary metabolic gene and host takeover	5.7894	0.2724	NC_019726.1
NC_019726.1_84	65730	65841	-	No_PHROG	unknown function	moron, auxiliary metabolic gene and host takeover	7.1355	0.2592	NC_019726.1
NC_019726.1_85	65856	66975	+	249	moron, auxiliary metabolic gene and host takeover	NA	NA	NA	NC_019726.1
NC_019726.1_86	66986	67832	+	1909	head and packaging	NA	NA	NA	NC_019726.1
NC_019726.1_87	67831	68110	+	3751	moron, auxiliary metabolic gene and host takeover	NA	NA	NA	NC_019726.1
NC_019726.1_88	68112	68277	+	152	transcription regulation	NA	NA	NA	NC_019726.1
NC_019726.1_89	68279	68813	+	3702	unknown function	moron, auxiliary metabolic gene and host takeover	5.4716	0.1960	NC_019726.1
NC_019726.1_90	68812	69349	+	3635	unknown function	moron, auxiliary metabolic gene and host takeover	5.1359	0.2063	NC_019726.1
NC_019726.1_91	69398	69881	+	3319	unknown function	moron, auxiliary metabolic gene and host takeover	6.4143	0.2184	NC_019726.1
NC_019726.1_92	69921	70095	+	3504	other	NA	NA	NA	NC_019726.1
NC_019726.1_93	70193	70583	+	28554	other	NA	NA	NA	NC_019726.1
NC_019726.1_94	70584	70824	+	3697	unknown function	moron, auxiliary metabolic gene and host takeover	8.4383	0.3907	NC_019726.1
NC_019726.1_95	70835	70940	+	5230	unknown function	moron, auxiliary metabolic gene and host takeover	9.3348	0.6035	NC_019726.1
NC_019726.1_96	71002	71740	+	3464	DNA, RNA and nucleotide metabolism	NA	NA	NA	NC_019726.1
NC_019726.1_97	71729	71924	+	3950	unknown function	moron, auxiliary metabolic gene and host takeover	6.8066	0.2413	NC_019726.1
NC_019726.1_98	71924	72143	+	3686	unknown function	moron, auxiliary metabolic gene and host takeover	8.5912	0.4155	NC_019726.1
NC_019726.1_99	72146	72695	+	2948	unknown function	moron, auxiliary metabolic gene and host takeover	8.1519	0.3516	NC_019726.1
NC_019726.1_100	72809	72911	+	No_PHROG	unknown function	DNA, RNA and nucleotide metabolism	1.0641	0.1729	NC_019726.1
NC_019726.1_101	73142	73310	-	No_PHROG	unknown function	head and packaging	1.4376	0.1722	NC_019726.1
NC_019726.1_102	73303	73396	-	No_PHROG	unknown function	head and packaging	1.5835	0.1854	NC_019726.1
NC_019726.1_103	73399	73522	-	No_PHROG	unknown function	head and packaging	1.3205	0.1861	NC_019726.1
NC_019726.1_104	73603	75454	+	13015	head and packaging	NA	NA	NA	NC_019726.1
NC_019726.1_105	75545	76253	+	246	other	NA	NA	NA	NC_019726.1
NC_019726.1_106	76249	76648	+	3857	unknown function	DNA, RNA and nucleotide metabolism	2.5893	0.2052	NC_019726.1
NC_019726.1_107	76660	77149	+	1017	unknown function	DNA, RNA and nucleotide metabolism	8.6252	0.4217	NC_019726.1
NC_019726.1_108	77160	77703	+	4045	unknown function	DNA, RNA and nucleotide metabolism	4.8900	0.2486	NC_019726.1
NC_019726.1_109	77716	78148	+	2349	unknown function	integration and excision	1.2634	0.1988	NC_019726.1
NC_019726.1_110	78140	78623	+	3619	unknown function	moron, auxiliary metabolic gene and host takeover	9.7549	0.8142	NC_019726.1
NC_019726.1_111	78622	78871	+	21704	moron, auxiliary metabolic gene and host takeover	NA	NA	NA	NC_019726.1
NC_019726.1_112	78867	79059	+	4249	unknown function	moron, auxiliary metabolic gene and host takeover	9.8536	0.8850	NC_019726.1
NC_019726.1_113	79061	79496	+	98	unknown function	moron, auxiliary metabolic gene and host takeover	8.6917	0.4349	NC_019726.1
NC_019726.1_114	79495	79732	+	2884	unknown function	moron, auxiliary metabolic gene and host takeover	9.7150	0.7892	NC_019726.1
NC_019726.1_115	79834	80125	+	8073	unknown function	DNA, RNA and nucleotide metabolism	1.0539	0.2160	NC_019726.1
NC_019726.1_116	80275	80377	-	22992	unknown function	moron, auxiliary metabolic gene and host takeover	7.0095	0.2817	NC_019726.1
NC_019726.1_117	80453	80711	-	23311	unknown function	moron, auxiliary metabolic gene and host takeover	7.2027	0.2642	NC_019726.1
NC_019726.1_118	80795	81071	-	3549	unknown function	DNA, RNA and nucleotide metabolism	1.4664	0.1955	NC_019726.1
NC_019726.1_119	81070	81244	-	3789	unknown function	DNA, RNA and nucleotide metabolism	1.0829	0.1879	NC_019726.1
NC_019726.1_120	81247	81511	-	11460	unknown function	moron, auxiliary metabolic gene and host takeover	6.4952	0.2222	NC_019726.1
NC_019726.1_121	81588	81873	-	4534	unknown function	moron, auxiliary metabolic gene and host takeover	8.5449	0.4078	NC_019726.1
NC_019726.1_122	81952	82231	-	3480	unknown function	integration and excision	1.0594	0.1885	NC_019726.1
NC_019726.1_123	82259	82391	-	27205	unknown function	moron, auxiliary metabolic gene and host takeover	9.7417	0.8058	NC_019726.1
NC_019726.1_124	82429	82594	-	6946	unknown function	moron, auxiliary metabolic gene and host takeover	3.6227	0.2334	NC_019726.1
NC_019726.1_125	82664	82802	-	10435	unknown function	moron, auxiliary metabolic gene and host takeover	7.8120	0.3276	NC_019726.1
NC_019726.1_126	82842	82998	+	No_PHROG	unknown function	moron, auxiliary metabolic gene and host takeover	8.6931	0.4342	NC_019726.1
NC_019726.1_127	83006	83141	+	No_PHROG	unknown function	moron, auxiliary metabolic gene and host takeover	9.1927	0.5540	NC_019726.1
NC_019726.1_128	83271	83502	-	No_PHROG	unknown function	moron, auxiliary metabolic gene and host takeover	9.2111	0.5597	NC_019726.1
NC_019726.1_129	83593	83995	-	3543	unknown function	moron, auxiliary metabolic gene and host takeover	8.8028	0.4556	NC_019726.1
NC_019726.1_130	84094	84418	-	3276	unknown function	moron, auxiliary metabolic gene and host takeover	7.6064	0.3018	NC_019726.1
NC_019726.1_131	84585	84717	-	3837	unknown function	moron, auxiliary metabolic gene and host takeover	3.3527	0.1825	NC_019726.1
NC_019726.1_132	84789	84948	-	3325	other	NA	NA	NA	NC_019726.1
NC_019726.1_133	85058	85178	-	No_PHROG	unknown function	moron, auxiliary metabolic gene and host takeover	8.9159	0.4803	NC_019726.1
NC_019726.1_134	85170	85359	-	No_PHROG	unknown function	moron, auxiliary metabolic gene and host takeover	7.4145	0.2961	NC_019726.1
NC_019726.1_135	85470	85743	-	12335	unknown function	integration and excision	1.1224	0.1691	NC_019726.1
NC_019726.1_136	85792	86080	-	3164	unknown function	DNA, RNA and nucleotide metabolism	1.1839	0.1812	NC_019726.1
NC_019726.1_137	86132	86267	+	No_PHROG	unknown function	lysis	1.5580	0.1888	NC_019726.1
NC_019726.1_138	86285	86594	-	2601	unknown function	DNA, RNA and nucleotide metabolism	2.0318	0.1994	NC_019726.1
NC_019726.1_139	86640	86805	+	No_PHROG	unknown function	moron, auxiliary metabolic gene and host takeover	7.0133	0.2632	NC_019726.1
NC_019726.1_140	86904	87243	+	3077	unknown function	moron, auxiliary metabolic gene and host takeover	5.8970	0.2426	NC_019726.1
NC_019726.1_141	87447	87795	-	3522	unknown function	moron, auxiliary metabolic gene and host takeover	5.9550	0.2337	NC_019726.1
NC_019726.1_142	87805	88045	-	1099	DNA, RNA and nucleotide metabolism	NA	NA	NA	NC_019726.1
NC_019726.1_143	88094	88352	-	1099	DNA, RNA and nucleotide metabolism	NA	NA	NA	NC_019726.1
NC_019726.1_144	88355	88682	-	654	unknown function	DNA, RNA and nucleotide metabolism	1.0130	0.2261	NC_019726.1
NC_019726.1_145	88756	88942	-	3204	unknown function	moron, auxiliary metabolic gene and host takeover	8.9153	0.4799	NC_019726.1
NC_019726.1_146	88957	89257	-	654	unknown function	DNA, RNA and nucleotide metabolism	1.7738	0.2065	NC_019726.1
NC_019726.1_147	89268	89577	-	12287	unknown function	integration and excision	1.4821	0.1899	NC_019726.1
NC_019726.1_148	89671	89833	-	9675	unknown function	DNA, RNA and nucleotide metabolism	1.4058	0.1704	NC_019726.1
NC_019726.1_149	89936	90044	-	No_PHROG	unknown function	moron, auxiliary metabolic gene and host takeover	4.8750	0.1857	NC_019726.1
NC_019726.1_150	90218	90359	-	24718	unknown function	moron, auxiliary metabolic gene and host takeover	5.7518	0.2468	NC_019726.1
NC_019726.1_151	90511	90898	-	11628	unknown function	DNA, RNA and nucleotide metabolism	1.3800	0.2172	NC_019726.1
NC_019726.1_152	90916	91270	-	10962	unknown function	DNA, RNA and nucleotide metabolism	1.2478	0.2068	NC_019726.1
NC_019726.1_153	91286	91481	-	4983	unknown function	DNA, RNA and nucleotide metabolism	1.2436	0.2045	NC_019726.1
NC_019726.1_154	91484	91640	-	13028	unknown function	moron, auxiliary metabolic gene and host takeover	7.8234	0.3525	NC_019726.1
NC_019726.1_155	91629	91869	-	11635	unknown function	DNA, RNA and nucleotide metabolism	1.2013	0.2012	NC_019726.1
NC_019726.1_156	91871	92183	-	6716	other	NA	NA	NA	NC_019726.1
NC_019726.1_157	92186	92483	-	654	unknown function	DNA, RNA and nucleotide metabolism	1.6359	0.1918	NC_019726.1
NC_019726.1_158	92547	92745	-	4340	unknown function	moron, auxiliary metabolic gene and host takeover	6.5376	0.2476	NC_019726.1
NC_019726.1_159	92746	93139	-	3847	unknown function	DNA, RNA and nucleotide metabolism	1.5250	0.1576	NC_019726.1
NC_019726.1_160	93155	93401	-	4028	unknown function	DNA, RNA and nucleotide metabolism	1.0935	0.2063	NC_019726.1
NC_019726.1_161	93479	94949	-	448	other	NA	NA	NA	NC_019726.1
NC_019726.1_162	94966	95875	-	619	other	NA	NA	NA	NC_019726.1
NC_019726.1_163	95871	96180	-	1099	DNA, RNA and nucleotide metabolism	NA	NA	NA	NC_019726.1
NC_019726.1_164	96273	96564	-	4096	unknown function	moron, auxiliary metabolic gene and host takeover	8.1559	0.3571	NC_019726.1
NC_019726.1_165	96564	96765	-	3453	unknown function	DNA, RNA and nucleotide metabolism	2.1612	0.2082	NC_019726.1
NC_019726.1_166	96777	97002	-	7618	unknown function	DNA, RNA and nucleotide metabolism	2.3465	0.1903	NC_019726.1
NC_019726.1_167	97017	97176	-	4430	moron, auxiliary metabolic gene and host takeover	NA	NA	NA	NC_019726.1
NC_019726.1_168	97253	97934	-	4650	unknown function	DNA, RNA and nucleotide metabolism	5.4995	0.2376	NC_019726.1
NC_019726.1_169	97934	98252	-	4081	unknown function	DNA, RNA and nucleotide metabolism	2.5196	0.1688	NC_019726.1
NC_019726.1_170	98254	98518	-	4418	unknown function	DNA, RNA and nucleotide metabolism	1.5285	0.1661	NC_019726.1
NC_019726.1_171	98532	98712	-	4743	unknown function	moron, auxiliary metabolic gene and host takeover	9.3720	0.6151	NC_019726.1
NC_019726.1_172	98764	98995	-	6981	unknown function	moron, auxiliary metabolic gene and host takeover	9.2140	0.5604	NC_019726.1
NC_019726.1_173	98994	99315	-	7962	unknown function	moron, auxiliary metabolic gene and host takeover	6.3410	0.2254	NC_019726.1
NC_019726.1_174	99295	99823	-	547	other	NA	NA	NA	NC_019726.1
NC_019726.1_175	99819	100056	-	7553	transcription regulation	NA	NA	NA	NC_019726.1
NC_019726.1_176	100060	100465	-	6562	unknown function	DNA, RNA and nucleotide metabolism	1.9991	0.1960	NC_019726.1
NC_019726.1_177	100464	100770	-	654	unknown function	DNA, RNA and nucleotide metabolism	2.7001	0.1640	NC_019726.1
NC_019726.1_178	100846	101110	-	32014	unknown function	lysis	1.2673	0.1746	NC_019726.1
NC_019726.1_179	101099	101216	-	4580	transcription regulation	NA	NA	NA	NC_019726.1
NC_019726.1_180	101226	101514	-	1486	moron, auxiliary metabolic gene and host takeover	NA	NA	NA	NC_019726.1
NC_019726.1_181	101530	101824	-	5835	unknown function	moron, auxiliary metabolic gene and host takeover	7.8794	0.4487	NC_019726.1
NC_019726.1_182	101825	102236	-	1486	moron, auxiliary metabolic gene and host takeover	NA	NA	NA	NC_019726.1
NC_019726.1_183	102235	102334	-	No_PHROG	unknown function	moron, auxiliary metabolic gene and host takeover	7.7461	0.3087	NC_019726.1
NC_019726.1_184	102462	102642	-	3701	unknown function	DNA, RNA and nucleotide metabolism	2.0357	0.2042	NC_019726.1
NC_019726.1_185	102655	103258	-	4208	DNA, RNA and nucleotide metabolism	NA	NA	NA	NC_019726.1
NC_019726.1_186	103257	103608	-	3752	DNA, RNA and nucleotide metabolism	NA	NA	NA	NC_019726.1
NC_019726.1_187	103622	103928	-	3143	unknown function	head and packaging	1.0364	0.1646	NC_019726.1
NC_019726.1_188	103997	104270	-	3804	unknown function	moron, auxiliary metabolic gene and host takeover	8.3814	0.3831	NC_019726.1
NC_019726.1_189	104275	104623	-	2988	unknown function	head and packaging	1.1415	0.1771	NC_019726.1
NC_019726.1_190	104635	105004	-	3669	unknown function	DNA, RNA and nucleotide metabolism	1.2506	0.2131	NC_019726.1
NC_019726.1_191	105016	105199	-	3640	moron, auxiliary metabolic gene and host takeover	NA	NA	NA	NC_019726.1
NC_019726.1_192	105246	105543	-	3128	unknown function	head and packaging	1.2157	0.1897	NC_019726.1
NC_019726.1_193	105535	105712	-	3524	unknown function	DNA, RNA and nucleotide metabolism	1.3972	0.1948	NC_019726.1
NC_019726.1_194	105723	105972	-	4009	unknown function	moron, auxiliary metabolic gene and host takeover	8.7866	0.4535	NC_019726.1
NC_019726.1_195	105986	106631	-	3854	moron, auxiliary metabolic gene and host takeover	NA	NA	NA	NC_019726.1
NC_019726.1_196	106711	106945	-	6850	unknown function	DNA, RNA and nucleotide metabolism	1.3690	0.1943	NC_019726.1
NC_019726.1_197	106937	107189	-	6867	unknown function	moron, auxiliary metabolic gene and host takeover	9.4871	0.6620	NC_019726.1
NC_019726.1_198	107178	107355	-	3664	DNA, RNA and nucleotide metabolism	NA	NA	NA	NC_019726.1
NC_019726.1_199	107390	107948	-	5958	head and packaging	NA	NA	NA	NC_019726.1
NC_019726.1_200	107952	108195	-	3157	unknown function	head and packaging	1.7647	0.1562	NC_019726.1
NC_019726.1_201	108341	108740	-	2863	moron, auxiliary metabolic gene and host takeover	NA	NA	NA	NC_019726.1
NC_019726.1_202	108801	109506	-	2726	unknown function	head and packaging	1.8326	0.1684	NC_019726.1
NC_019726.1_203	109522	109966	-	1303	DNA, RNA and nucleotide metabolism	NA	NA	NA	NC_019726.1
NC_019726.1_204	110030	110489	-	1104	head and packaging	NA	NA	NA	NC_019726.1
NC_019726.1_205	110506	111238	-	1007	unknown function	head and packaging	7.6950	0.3029	NC_019726.1
NC_019726.1_206	111609	112473	-	1113	head and packaging	NA	NA	NA	NC_019726.1
NC_019726.1_207	112472	112919	-	2356	unknown function	head and packaging	3.0908	0.1712	NC_019726.1
NC_019726.1_208	112896	113664	-	984	DNA, RNA and nucleotide metabolism	NA	NA	NA	NC_019726.1
NC_019726.1_209	113656	114193	-	1080	unknown function	head and packaging	2.9026	0.1824	NC_019726.1
NC_019726.1_210	114256	114568	-	3644	unknown function	DNA, RNA and nucleotide metabolism	2.7544	0.1878	NC_019726.1
NC_019726.1_211	114554	114923	-	2892	unknown function	moron, auxiliary metabolic gene and host takeover	8.4134	0.4010	NC_019726.1
NC_019726.1_212	114936	116187	-	284	DNA, RNA and nucleotide metabolism	NA	NA	NA	NC_019726.1
NC_019726.1_213	116179	116935	-	1850	other	NA	NA	NA	NC_019726.1
NC_019726.1_214	116938	117199	-	2673	unknown function	head and packaging	1.7103	0.1776	NC_019726.1
NC_019726.1_215	117293	117521	-	1696	tail	NA	NA	NA	NC_019726.1
NC_019726.1_216	117535	118057	-	341	tail	NA	NA	NA	NC_019726.1
NC_019726.1_217	118070	118703	-	1240	other	NA	NA	NA	NC_019726.1
NC_019726.1_218	118749	118842	-	No_PHROG	unknown function	lysis	1.9502	0.1956	NC_019726.1
NC_019726.1_219	118829	119492	-	1025	transcription regulation	NA	NA	NA	NC_019726.1
NC_019726.1_220	119478	119832	-	1089	unknown function	moron, auxiliary metabolic gene and host takeover	1.0622	0.2205	NC_019726.1
NC_019726.1_221	119835	121092	-	97	other	NA	NA	NA	NC_019726.1
NC_019726.1_222	121151	122423	-	2672	DNA, RNA and nucleotide metabolism	NA	NA	NA	NC_019726.1
NC_019726.1_223	122509	122992	-	1069	DNA, RNA and nucleotide metabolism	NA	NA	NA	NC_019726.1
NC_019726.1_224	123008	123293	-	3621	unknown function	DNA, RNA and nucleotide metabolism	1.3689	0.1925	NC_019726.1
NC_019726.1_225	123320	125651	-	17	DNA, RNA and nucleotide metabolism	NA	NA	NA	NC_019726.1
NC_019726.1_226	125786	126257	-	2340	DNA, RNA and nucleotide metabolism	NA	NA	NA	NC_019726.1
NC_019726.1_227	126290	126443	+	No_PHROG	unknown function	moron, auxiliary metabolic gene and host takeover	5.4135	0.2361	NC_019726.1
NC_019726.1_228	126464	127337	-	4008	DNA, RNA and nucleotide metabolism	NA	NA	NA	NC_019726.1
NC_019726.1_229	127412	127718	-	379	DNA, RNA and nucleotide metabolism	NA	NA	NA	NC_019726.1
NC_019726.1_230	127727	128324	-	15477	other	NA	NA	NA	NC_019726.1
NC_019726.1_231	128311	128419	-	No_PHROG	unknown function	moron, auxiliary metabolic gene and host takeover	7.8549	0.3185	NC_019726.1
NC_019726.1_232	128530	128863	-	22	DNA, RNA and nucleotide metabolism	NA	NA	NA	NC_019726.1
NC_019726.1_233	128834	129164	-	2797	unknown function	DNA, RNA and nucleotide metabolism	1.4428	0.2282	NC_019726.1
NC_019726.1_234	129181	130231	-	86	DNA, RNA and nucleotide metabolism	NA	NA	NA	NC_019726.1
NC_019726.1_235	130244	132359	-	84	DNA, RNA and nucleotide metabolism	NA	NA	NA	NC_019726.1
NC_019726.1_236	132373	132766	-	883	moron, auxiliary metabolic gene and host takeover	NA	NA	NA	NC_019726.1
NC_019726.1_237	132782	133391	-	244	DNA, RNA and nucleotide metabolism	NA	NA	NA	NC_019726.1
NC_019726.1_238	133377	133830	-	1095	head and packaging	NA	NA	NA	NC_019726.1
NC_019726.1_239	133829	134168	-	1291	unknown function	DNA, RNA and nucleotide metabolism	1.0680	0.2223	NC_019726.1
NC_019726.1_240	134233	135301	-	47	DNA, RNA and nucleotide metabolism	NA	NA	NA	NC_019726.1
NC_019726.1_241	135315	135912	-	1070	moron, auxiliary metabolic gene and host takeover	NA	NA	NA	NC_019726.1
NC_019726.1_242	135911	137831	-	77	DNA, RNA and nucleotide metabolism	NA	NA	NA	NC_019726.1
NC_019726.1_243	137830	138208	-	2773	unknown function	DNA, RNA and nucleotide metabolism	1.7715	0.2145	NC_019726.1
NC_019726.1_244	138207	139233	-	100	DNA, RNA and nucleotide metabolism	NA	NA	NA	NC_019726.1
NC_019726.1_245	139311	140754	-	19	DNA, RNA and nucleotide metabolism	NA	NA	NA	NC_019726.1
NC_019726.1_246	140746	141835	-	1098	DNA, RNA and nucleotide metabolism	NA	NA	NA	NC_019726.1
NC_021863.1_0	0	1386	-	95	integration and excision	NA	NA	NA	NC_021863.1
NC_021863.1_1	1397	1568	-	No_PHROG	unknown function	integration and excision	5.1422	0.2603	NC_021863.1
NC_021863.1_2	1592	2273	-	1412	moron, auxiliary metabolic gene and host takeover	NA	NA	NA	NC_021863.1
NC_021863.1_3	2304	3030	-	2700	moron, auxiliary metabolic gene and host takeover	NA	NA	NA	NC_021863.1
NC_021863.1_4	3057	3732	-	1914	other	NA	NA	NA	NC_021863.1
NC_021863.1_5	3748	4081	-	netflax	moron, auxiliary metabolic gene and host takeover	NA	NA	NA	NC_021863.1
NC_021863.1_6	4093	4234	-	No_PHROG	unknown function	transcription regulation	8.7552	0.4472	NC_021863.1
NC_021863.1_7	4223	4538	+	3	transcription regulation	NA	NA	NA	NC_021863.1
NC_021863.1_8	4537	5302	+	130	transcription regulation	NA	NA	NA	NC_021863.1
NC_021863.1_9	5397	5514	+	845	unknown function	transcription regulation	8.9579	0.4943	NC_021863.1
NC_021863.1_10	5566	5743	+	2312	unknown function	transcription regulation	9.1276	0.5366	NC_021863.1
NC_021863.1_11	5717	5948	-	2222	unknown function	transcription regulation	9.3916	0.6266	NC_021863.1
NC_021863.1_12	5997	6135	+	3785	unknown function	other	1.0439	0.4007	NC_021863.1
NC_021863.1_13	6127	6289	+	369	unknown function	moron, auxiliary metabolic gene and host takeover	8.8651	0.4687	NC_021863.1
NC_021863.1_14	6385	6646	+	401	other	NA	NA	NA	NC_021863.1
NC_021863.1_15	6660	7140	+	253	DNA, RNA and nucleotide metabolism	NA	NA	NA	NC_021863.1
NC_021863.1_16	7139	7778	+	155	DNA, RNA and nucleotide metabolism	NA	NA	NA	NC_021863.1
NC_021863.1_17	7777	8203	+	44	DNA, RNA and nucleotide metabolism	NA	NA	NA	NC_021863.1
NC_021863.1_18	8216	8891	+	398	DNA, RNA and nucleotide metabolism	NA	NA	NA	NC_021863.1
NC_021863.1_19	8887	9007	+	19309	unknown function	moron, auxiliary metabolic gene and host takeover	1.3625	0.3126	NC_021863.1
NC_021863.1_20	9000	9651	-	3634	DNA, RNA and nucleotide metabolism	NA	NA	NA	NC_021863.1
NC_021863.1_21	9705	10476	+	428	DNA, RNA and nucleotide metabolism	NA	NA	NA	NC_021863.1
NC_021863.1_22	10485	11265	+	50	DNA, RNA and nucleotide metabolism	NA	NA	NA	NC_021863.1
NC_021863.1_23	11258	11417	+	809	transcription regulation	NA	NA	NA	NC_021863.1
NC_021863.1_24	11429	11651	+	433	other	NA	NA	NA	NC_021863.1
NC_021863.1_25	11660	12065	+	190	DNA, RNA and nucleotide metabolism	NA	NA	NA	NC_021863.1
NC_021863.1_26	12069	12255	+	299	unknown function	DNA, RNA and nucleotide metabolism	3.4615	0.2382	NC_021863.1
NC_021863.1_27	12255	12618	+	201	DNA, RNA and nucleotide metabolism	NA	NA	NA	NC_021863.1
NC_021863.1_28	12618	12867	+	258	other	NA	NA	NA	NC_021863.1
NC_021863.1_29	12879	13260	+	467	unknown function	other	8.1389	0.3506	NC_021863.1
NC_021863.1_30	13259	13604	+	98	unknown function	DNA, RNA and nucleotide metabolism	3.1004	0.3519	NC_021863.1
NC_021863.1_31	13600	13909	+	1034	unknown function	other	9.1612	0.5515	NC_021863.1
NC_021863.1_32	13901	14150	+	266	unknown function	moron, auxiliary metabolic gene and host takeover	4.5201	0.2905	NC_021863.1
NC_021863.1_33	14142	14679	+	173	DNA, RNA and nucleotide metabolism	NA	NA	NA	NC_021863.1
NC_021863.1_34	14715	14952	+	278	transcription regulation	NA	NA	NA	NC_021863.1
NC_021863.1_35	14976	15213	+	555	unknown function	transcription regulation	8.8595	0.4688	NC_021863.1
NC_021863.1_36	15202	15379	+	152	transcription regulation	NA	NA	NA	NC_021863.1
NC_021863.1_37	15379	15745	+	2409	unknown function	moron, auxiliary metabolic gene and host takeover	5.6118	0.3152	NC_021863.1
NC_021863.1_38	15745	15892	+	1367	unknown function	moron, auxiliary metabolic gene and host takeover	7.5238	0.3259	NC_021863.1
NC_021863.1_39	15915	16338	+	36	transcription regulation	NA	NA	NA	NC_021863.1
NC_021863.1_40	16381	16498	-	No_PHROG	unknown function	DNA, RNA and nucleotide metabolism	2.2885	0.1789	NC_021863.1
NC_021863.1_41	16550	16712	-	No_PHROG	unknown function	head and packaging	2.1605	0.1743	NC_021863.1
NC_021863.1_42	16665	17160	+	1595	head and packaging	NA	NA	NA	NC_021863.1
NC_021863.1_43	17152	18361	+	2	head and packaging	NA	NA	NA	NC_021863.1
NC_021863.1_44	18314	19793	+	64	head and packaging	NA	NA	NA	NC_021863.1
NC_021863.1_45	19731	20712	+	115	head and packaging	NA	NA	NA	NC_021863.1
NC_021863.1_46	20809	21406	+	194	head and packaging	NA	NA	NA	NC_021863.1
NC_021863.1_47	21426	22251	+	544	head and packaging	NA	NA	NA	NC_021863.1
NC_021863.1_48	22267	22594	+	390	transcription regulation	NA	NA	NA	NC_021863.1
NC_021863.1_49	22593	22908	+	1161	connector	NA	NA	NA	NC_021863.1
NC_021863.1_50	22900	23236	+	25	connector	NA	NA	NA	NC_021863.1
NC_021863.1_51	23285	23636	+	5	connector	NA	NA	NA	NC_021863.1
NC_021863.1_52	23648	24086	+	176	connector	NA	NA	NA	NC_021863.1
NC_021863.1_53	24072	24633	+	238	tail	NA	NA	NA	NC_021863.1
NC_021863.1_54	24694	25189	+	183	tail	NA	NA	NA	NC_021863.1
NC_021863.1_55	25209	25551	+	1404	tail	NA	NA	NA	NC_021863.1
NC_021863.1_56	25553	28523	+	58	tail	NA	NA	NA	NC_021863.1
NC_021863.1_57	28537	29473	+	33	tail	NA	NA	NA	NC_021863.1
NC_021863.1_58	29483	31370	+	663	head and packaging	NA	NA	NA	NC_021863.1
NC_021863.1_59	31382	33281	+	287	tail	NA	NA	NA	NC_021863.1
NC_021863.1_60	33280	35104	+	257	tail	NA	NA	NA	NC_021863.1
NC_021863.1_61	35103	35511	+	300	tail	NA	NA	NA	NC_021863.1
NC_021863.1_62	35482	35659	+	134	unknown function	tail	8.3241	0.3759	NC_021863.1
NC_021863.1_63	35699	35999	+	276	unknown function	moron, auxiliary metabolic gene and host takeover	1.0345	0.3096	NC_021863.1
NC_021863.1_64	36135	38010	+	759	other	NA	NA	NA	NC_021863.1
NC_021863.1_65	38022	39195	+	1125	tail	NA	NA	NA	NC_021863.1
NC_021863.1_66	39200	39596	+	376	tail	NA	NA	NA	NC_021863.1
NC_021863.1_67	39652	40090	+	962	lysis	NA	NA	NA	NC_021863.1
NC_021863.1_68	40070	41516	+	635	lysis	NA	NA	NA	NC_021863.1
NC_021863.1_69	41544	41634	+	No_PHROG	unknown function	lysis	5.9450	0.3367	NC_021863.1
NC_021863.1_70	41782	41911	+	4761	unknown function	lysis	8.7225	0.4500	NC_021863.1
NC_021863.1_71	41981	42092	+	35522	unknown function	lysis	2.1323	0.3902	NC_021863.1
NC_021863.1_72	42078	42279	+	1529	transcription regulation	NA	NA	NA	NC_021863.1
NC_021863.1_73	42510	42651	+	No_PHROG	unknown function	integration and excision	2.0826	0.1648	NC_021863.1
NC_023009.1_0	2	128	+	7733	unknown function	DNA, RNA and nucleotide metabolism	1.5106	0.1783	NC_023009.1
NC_023009.1_1	212	392	+	4863	DNA, RNA and nucleotide metabolism	NA	NA	NA	NC_023009.1
NC_023009.1_2	475	577	+	22992	unknown function	lysis	1.4175	0.2266	NC_023009.1
NC_023009.1_3	646	742	-	No_PHROG	unknown function	lysis	1.1867	0.2705	NC_023009.1
NC_023009.1_4	725	962	-	2884	unknown function	moron, auxiliary metabolic gene and host takeover	8.4300	0.3911	NC_023009.1
NC_023009.1_5	963	1449	-	7534	unknown function	moron, auxiliary metabolic gene and host takeover	7.1738	0.2620	NC_023009.1
NC_023009.1_6	1461	1869	-	5770	unknown function	moron, auxiliary metabolic gene and host takeover	9.2475	0.5728	NC_023009.1
NC_023009.1_7	1868	2300	-	4355	unknown function	moron, auxiliary metabolic gene and host takeover	8.2244	0.3614	NC_023009.1
NC_023009.1_8	2302	2494	-	4249	unknown function	moron, auxiliary metabolic gene and host takeover	9.7378	0.8030	NC_023009.1
NC_023009.1_9	2490	2976	-	3619	unknown function	moron, auxiliary metabolic gene and host takeover	9.6451	0.7389	NC_023009.1
NC_023009.1_10	2968	3400	-	2349	unknown function	moron, auxiliary metabolic gene and host takeover	5.6216	0.2574	NC_023009.1
NC_023009.1_11	3413	3956	-	4045	unknown function	DNA, RNA and nucleotide metabolism	2.7058	0.2499	NC_023009.1
NC_023009.1_12	3967	4456	-	1017	unknown function	DNA, RNA and nucleotide metabolism	9.1745	0.5507	NC_023009.1
NC_023009.1_13	4468	4867	-	3857	unknown function	DNA, RNA and nucleotide metabolism	1.9540	0.2052	NC_023009.1
NC_023009.1_14	4863	5571	-	246	other	NA	NA	NA	NC_023009.1
NC_023009.1_15	5670	6225	-	2981	unknown function	moron, auxiliary metabolic gene and host takeover	6.0754	0.2040	NC_023009.1
NC_023009.1_16	6240	6558	-	4178	tail	NA	NA	NA	NC_023009.1
NC_023009.1_17	6626	6740	+	No_PHROG	unknown function	moron, auxiliary metabolic gene and host takeover	5.5996	0.2408	NC_023009.1
NC_023009.1_18	6748	6925	+	No_PHROG	unknown function	moron, auxiliary metabolic gene and host takeover	5.4206	0.2421	NC_023009.1
NC_023009.1_19	6921	7050	-	No_PHROG	unknown function	moron, auxiliary metabolic gene and host takeover	3.8148	0.2083	NC_023009.1
NC_023009.1_20	7127	7328	-	27748	unknown function	moron, auxiliary metabolic gene and host takeover	1.9034	0.2615	NC_023009.1
NC_023009.1_21	7327	7429	-	No_PHROG	unknown function	moron, auxiliary metabolic gene and host takeover	2.8703	0.2095	NC_023009.1
NC_023009.1_22	7543	8092	-	2948	unknown function	moron, auxiliary metabolic gene and host takeover	7.9885	0.3321	NC_023009.1
NC_023009.1_23	8095	8314	-	3686	unknown function	moron, auxiliary metabolic gene and host takeover	7.2379	0.3143	NC_023009.1
NC_023009.1_24	8314	8509	-	3950	unknown function	moron, auxiliary metabolic gene and host takeover	4.5585	0.2671	NC_023009.1
NC_023009.1_25	8498	9236	-	3464	DNA, RNA and nucleotide metabolism	NA	NA	NA	NC_023009.1
NC_023009.1_26	9298	9403	-	5230	unknown function	moron, auxiliary metabolic gene and host takeover	8.3721	0.3810	NC_023009.1
NC_023009.1_27	9414	9654	-	3697	unknown function	moron, auxiliary metabolic gene and host takeover	6.6288	0.2989	NC_023009.1
NC_023009.1_28	9655	10045	-	28554	other	NA	NA	NA	NC_023009.1
NC_023009.1_29	10143	10317	-	3504	other	NA	NA	NA	NC_023009.1
NC_023009.1_30	10357	10840	-	3319	unknown function	DNA, RNA and nucleotide metabolism	1.0064	0.2265	NC_023009.1
NC_023009.1_31	10889	11432	-	3635	unknown function	moron, auxiliary metabolic gene and host takeover	4.7409	0.1923	NC_023009.1
NC_023009.1_32	11431	11965	-	3702	unknown function	moron, auxiliary metabolic gene and host takeover	3.9945	0.2304	NC_023009.1
NC_023009.1_33	11967	12132	-	152	transcription regulation	NA	NA	NA	NC_023009.1
NC_023009.1_34	12134	12410	-	3751	moron, auxiliary metabolic gene and host takeover	NA	NA	NA	NC_023009.1
NC_023009.1_35	12409	13255	-	1909	head and packaging	NA	NA	NA	NC_023009.1
NC_023009.1_36	13266	14385	-	249	moron, auxiliary metabolic gene and host takeover	NA	NA	NA	NC_023009.1
NC_023009.1_37	14400	14508	+	No_PHROG	unknown function	DNA, RNA and nucleotide metabolism	1.8155	0.1630	NC_023009.1
NC_023009.1_38	14538	14754	-	2861	unknown function	DNA, RNA and nucleotide metabolism	1.3721	0.1976	NC_023009.1
NC_023009.1_39	14827	15274	-	2708	other	NA	NA	NA	NC_023009.1
NC_023009.1_40	15407	15710	-	715	other	NA	NA	NA	NC_023009.1
NC_023009.1_41	15709	15898	-	3048	unknown function	DNA, RNA and nucleotide metabolism	1.4093	0.2201	NC_023009.1
NC_023009.1_42	15941	16103	-	2966	unknown function	DNA, RNA and nucleotide metabolism	1.3617	0.2144	NC_023009.1
NC_023009.1_43	16102	18151	-	3200	unknown function	DNA, RNA and nucleotide metabolism	3.9424	0.1989	NC_023009.1
NC_023009.1_44	18228	18492	-	2811	head and packaging	NA	NA	NA	NC_023009.1
NC_023009.1_45	18508	18682	-	1274	lysis	NA	NA	NA	NC_023009.1
NC_023009.1_46	18688	19267	-	2642	unknown function	lysis	2.7412	0.3917	NC_023009.1
NC_023009.1_47	19259	19886	-	1817	DNA, RNA and nucleotide metabolism	NA	NA	NA	NC_023009.1
NC_023009.1_48	19878	20775	-	548	DNA, RNA and nucleotide metabolism	NA	NA	NA	NC_023009.1
NC_023009.1_49	20774	20999	-	3093	unknown function	lysis	3.9073	0.2426	NC_023009.1
NC_023009.1_50	21067	21808	-	170	other	NA	NA	NA	NC_023009.1
NC_023009.1_51	21859	22474	-	2995	unknown function	DNA, RNA and nucleotide metabolism	2.0447	0.2393	NC_023009.1
NC_023009.1_52	22489	22915	-	531	DNA, RNA and nucleotide metabolism	NA	NA	NA	NC_023009.1
NC_023009.1_53	22904	23096	-	2706	unknown function	moron, auxiliary metabolic gene and host takeover	7.3989	0.3505	NC_023009.1
NC_023009.1_54	23118	23760	-	2896	unknown function	DNA, RNA and nucleotide metabolism	2.9797	0.2121	NC_023009.1
NC_023009.1_55	23749	23980	-	3	transcription regulation	NA	NA	NA	NC_023009.1
NC_023009.1_56	23982	24177	-	2770	unknown function	lysis	1.0731	0.2188	NC_023009.1
NC_023009.1_57	24317	24950	-	3310	other	NA	NA	NA	NC_023009.1
NC_023009.1_58	25136	25772	-	374	DNA, RNA and nucleotide metabolism	NA	NA	NA	NC_023009.1
NC_023009.1_59	25838	26630	-	200	other	NA	NA	NA	NC_023009.1
NC_023009.1_60	26629	26938	-	3667	unknown function	moron, auxiliary metabolic gene and host takeover	5.5463	0.2378	NC_023009.1
NC_023009.1_61	27050	27680	-	833	lysis	NA	NA	NA	NC_023009.1
NC_023009.1_62	27915	28005	-	No_PHROG	unknown function	DNA, RNA and nucleotide metabolism	1.3496	0.1724	NC_023009.1
NC_023009.1_63	27950	28451	-	59	DNA, RNA and nucleotide metabolism	NA	NA	NA	NC_023009.1
NC_023009.1_64	28543	28645	+	No_PHROG	unknown function	lysis	3.5616	0.1887	NC_023009.1
NC_023009.1_65	28610	29414	-	635	lysis	NA	NA	NA	NC_023009.1
NC_023009.1_66	29413	29917	-	962	lysis	NA	NA	NA	NC_023009.1
NC_023009.1_67	30001	30187	-	987	unknown function	DNA, RNA and nucleotide metabolism	3.3870	0.2004	NC_023009.1
NC_023009.1_68	30249	30378	+	No_PHROG	unknown function	moron, auxiliary metabolic gene and host takeover	5.5369	0.1830	NC_023009.1
NC_023009.1_69	30588	30693	+	No_PHROG	unknown function	moron, auxiliary metabolic gene and host takeover	7.9807	0.3320	NC_023009.1
NC_023009.1_70	30862	30985	-	No_PHROG	unknown function	moron, auxiliary metabolic gene and host takeover	8.3712	0.3823	NC_023009.1
NC_023009.1_71	31375	31483	+	No_PHROG	unknown function	moron, auxiliary metabolic gene and host takeover	9.2396	0.5702	NC_023009.1
NC_023009.1_72	31483	31654	+	No_PHROG	unknown function	moron, auxiliary metabolic gene and host takeover	9.4716	0.6591	NC_023009.1
NC_023009.1_73	31733	31952	-	1257	moron, auxiliary metabolic gene and host takeover	NA	NA	NA	NC_023009.1
NC_023009.1_74	32065	32206	-	No_PHROG	unknown function	moron, auxiliary metabolic gene and host takeover	9.9364	0.9515	NC_023009.1
NC_023009.1_75	32255	32396	-	No_PHROG	unknown function	moron, auxiliary metabolic gene and host takeover	9.9334	0.9490	NC_023009.1
NC_023009.1_76	32445	32586	-	No_PHROG	unknown function	moron, auxiliary metabolic gene and host takeover	9.9300	0.9497	NC_023009.1
NC_023009.1_77	32999	33209	-	17190	head and packaging	NA	NA	NA	NC_023009.1
NC_023009.1_78	33221	33554	-	937	other	NA	NA	NA	NC_023009.1
NC_023009.1_79	33566	33893	-	1481	unknown function	head and packaging	1.3777	0.3669	NC_023009.1
NC_023009.1_80	33925	34192	-	4526	unknown function	moron, auxiliary metabolic gene and host takeover	9.9184	0.9427	NC_023009.1
NC_023009.1_81	34286	34379	-	No_PHROG	unknown function	head and packaging	1.3914	0.3804	NC_023009.1
NC_023009.1_82	34452	34719	+	3395	moron, auxiliary metabolic gene and host takeover	NA	NA	NA	NC_023009.1
NC_023009.1_83	34696	34975	+	1321	unknown function	head and packaging	4.0813	0.2801	NC_023009.1
NC_023009.1_84	35055	35382	+	1063	head and packaging	NA	NA	NA	NC_023009.1
NC_023009.1_85	35396	37214	+	675	head and packaging	NA	NA	NA	NC_023009.1
NC_023009.1_86	37206	38028	+	1917	head and packaging	NA	NA	NA	NC_023009.1
NC_023009.1_87	38098	38188	+	3863	unknown function	head and packaging	5.9002	0.2349	NC_023009.1
NC_023009.1_88	38184	38664	+	1116	moron, auxiliary metabolic gene and host takeover	NA	NA	NA	NC_023009.1
NC_023009.1_89	38756	39917	+	3094	unknown function	head and packaging	3.2396	0.2313	NC_023009.1
NC_023009.1_90	40059	40344	+	3937	unknown function	head and packaging	1.8300	0.2655	NC_023009.1
NC_023009.1_91	40421	40733	+	1108	head and packaging	NA	NA	NA	NC_023009.1
NC_023009.1_92	40736	42428	+	12	head and packaging	NA	NA	NA	NC_023009.1
NC_023009.1_93	42654	43395	+	1028	head and packaging	NA	NA	NA	NC_023009.1
NC_023009.1_94	43413	44370	+	1133	unknown function	head and packaging	9.0725	0.5207	NC_023009.1
NC_023009.1_95	44485	45877	+	752	head and packaging	NA	NA	NA	NC_023009.1
NC_023009.1_96	45968	46265	+	1205	unknown function	head and packaging	7.1510	0.2957	NC_023009.1
NC_023009.1_97	46277	47186	+	772	tail	NA	NA	NA	NC_023009.1
NC_023009.1_98	47199	47970	+	1004	head and packaging	NA	NA	NA	NC_023009.1
NC_023009.1_99	48077	48698	+	1127	connector	NA	NA	NA	NC_023009.1
NC_023009.1_100	48716	49553	+	1000	tail	NA	NA	NA	NC_023009.1
NC_023009.1_101	49554	49770	+	1151	unknown function	head and packaging	8.3726	0.4203	NC_023009.1
NC_023009.1_102	49796	51560	+	279	tail	NA	NA	NA	NC_023009.1
NC_023009.1_103	51632	52061	+	985	head and packaging	NA	NA	NA	NC_023009.1
NC_023009.1_104	52157	52298	+	2701	unknown function	head and packaging	7.3903	0.3142	NC_023009.1
NC_023009.1_105	52340	52799	+	1905	unknown function	head and packaging	4.7192	0.3201	NC_023009.1
NC_023009.1_106	52811	53006	+	4320	moron, auxiliary metabolic gene and host takeover	NA	NA	NA	NC_023009.1
NC_023009.1_107	53087	53399	+	2754	head and packaging	NA	NA	NA	NC_023009.1
NC_023009.1_108	53530	53989	+	1038	tail	NA	NA	NA	NC_023009.1
NC_023009.1_109	54032	54389	+	1316	DNA, RNA and nucleotide metabolism	NA	NA	NA	NC_023009.1
NC_023009.1_110	54421	54592	-	No_PHROG	unknown function	head and packaging	2.5592	0.2343	NC_023009.1
NC_023009.1_111	54624	58680	+	1047	tail	NA	NA	NA	NC_023009.1
NC_023009.1_112	58758	61185	+	1015	tail	NA	NA	NA	NC_023009.1
NC_023009.1_113	61198	62086	+	2677	tail	NA	NA	NA	NC_023009.1
NC_023009.1_114	62085	64632	+	2204	other	NA	NA	NA	NC_023009.1
NC_023009.1_115	64738	65530	+	1011	head and packaging	NA	NA	NA	NC_023009.1
NC_023009.1_116	65529	66054	+	1073	unknown function	head and packaging	5.7649	0.2620	NC_023009.1
NC_023009.1_117	66053	66758	+	975	tail	NA	NA	NA	NC_023009.1
NC_023009.1_118	66772	67819	+	6	tail	NA	NA	NA	NC_023009.1
NC_023009.1_119	67839	70899	+	2386	head and packaging	NA	NA	NA	NC_023009.1
NC_023009.1_120	71009	71531	+	1394	head and packaging	NA	NA	NA	NC_023009.1
NC_023009.1_121	71551	75010	+	25864	tail	NA	NA	NA	NC_023009.1
NC_023009.1_122	75058	75217	+	1074	unknown function	head and packaging	2.9624	0.2557	NC_023009.1
NC_023009.1_123	75217	77140	+	2665	head and packaging	NA	NA	NA	NC_023009.1
NC_023009.1_124	77162	77537	+	2671	tail	NA	NA	NA	NC_023009.1
NC_023009.1_125	77543	78920	+	2691	tail	NA	NA	NA	NC_023009.1
NC_023009.1_126	79011	80760	+	16	DNA, RNA and nucleotide metabolism	NA	NA	NA	NC_023009.1
NC_023009.1_127	80771	82385	+	1098	DNA, RNA and nucleotide metabolism	NA	NA	NA	NC_023009.1
NC_023009.1_128	82377	83820	+	19	DNA, RNA and nucleotide metabolism	NA	NA	NA	NC_023009.1
NC_023009.1_129	83898	84936	+	100	DNA, RNA and nucleotide metabolism	NA	NA	NA	NC_023009.1
NC_023009.1_130	84935	85313	+	2773	unknown function	moron, auxiliary metabolic gene and host takeover	8.9397	0.4869	NC_023009.1
NC_023009.1_131	85312	87232	+	77	DNA, RNA and nucleotide metabolism	NA	NA	NA	NC_023009.1
NC_023009.1_132	87231	87828	+	1070	moron, auxiliary metabolic gene and host takeover	NA	NA	NA	NC_023009.1
NC_023009.1_133	87842	87956	+	No_PHROG	unknown function	moron, auxiliary metabolic gene and host takeover	9.4240	0.6366	NC_023009.1
NC_023009.1_134	88030	88909	+	47	DNA, RNA and nucleotide metabolism	NA	NA	NA	NC_023009.1
NC_023009.1_135	88975	89314	+	1291	unknown function	moron, auxiliary metabolic gene and host takeover	8.5960	0.4162	NC_023009.1
NC_023009.1_136	89313	89766	+	1095	head and packaging	NA	NA	NA	NC_023009.1
NC_023009.1_137	89752	90361	+	244	DNA, RNA and nucleotide metabolism	NA	NA	NA	NC_023009.1
NC_023009.1_138	90377	90770	+	883	moron, auxiliary metabolic gene and host takeover	NA	NA	NA	NC_023009.1
NC_023009.1_139	90784	92899	+	84	DNA, RNA and nucleotide metabolism	NA	NA	NA	NC_023009.1
NC_023009.1_140	92912	93962	+	86	DNA, RNA and nucleotide metabolism	NA	NA	NA	NC_023009.1
NC_023009.1_141	93979	94309	+	2797	unknown function	moron, auxiliary metabolic gene and host takeover	7.0405	0.2602	NC_023009.1
NC_023009.1_142	94292	94613	+	22	DNA, RNA and nucleotide metabolism	NA	NA	NA	NC_023009.1
NC_023009.1_143	94641	94749	-	No_PHROG	unknown function	moron, auxiliary metabolic gene and host takeover	9.5344	0.6858	NC_023009.1
NC_023009.1_144	94819	95416	+	15477	other	NA	NA	NA	NC_023009.1
NC_023009.1_145	95425	95731	+	379	DNA, RNA and nucleotide metabolism	NA	NA	NA	NC_023009.1
NC_023009.1_146	95806	96679	+	4008	DNA, RNA and nucleotide metabolism	NA	NA	NA	NC_023009.1
NC_023009.1_147	96844	97357	+	2340	DNA, RNA and nucleotide metabolism	NA	NA	NA	NC_023009.1
NC_023009.1_148	97492	98836	+	17	DNA, RNA and nucleotide metabolism	NA	NA	NA	NC_023009.1
NC_023009.1_149	98901	98997	+	No_PHROG	unknown function	DNA, RNA and nucleotide metabolism	1.7306	0.2244	NC_023009.1
NC_023009.1_150	99103	99811	+	59	DNA, RNA and nucleotide metabolism	NA	NA	NA	NC_023009.1
NC_023009.1_151	99871	99976	-	No_PHROG	unknown function	DNA, RNA and nucleotide metabolism	2.0929	0.2032	NC_023009.1
NC_023009.1_152	100044	100713	+	2573	DNA, RNA and nucleotide metabolism	NA	NA	NA	NC_023009.1
NC_023009.1_153	100789	100906	+	2573	DNA, RNA and nucleotide metabolism	NA	NA	NA	NC_023009.1
NC_023009.1_154	100974	101217	+	3621	unknown function	DNA, RNA and nucleotide metabolism	1.3190	0.1908	NC_023009.1
NC_023009.1_155	101233	101716	+	1069	DNA, RNA and nucleotide metabolism	NA	NA	NA	NC_023009.1
NC_023009.1_156	101707	101812	-	No_PHROG	unknown function	moron, auxiliary metabolic gene and host takeover	7.6192	0.4020	NC_023009.1
NC_023009.1_157	101925	102072	+	No_PHROG	unknown function	DNA, RNA and nucleotide metabolism	1.2219	0.2500	NC_023009.1
NC_023009.1_158	102132	102252	+	No_PHROG	unknown function	DNA, RNA and nucleotide metabolism	1.3218	0.2303	NC_023009.1
NC_023009.1_159	102251	103073	+	2672	DNA, RNA and nucleotide metabolism	NA	NA	NA	NC_023009.1
NC_023009.1_160	103132	104389	+	97	other	NA	NA	NA	NC_023009.1
NC_023009.1_161	104392	104746	+	1089	unknown function	moron, auxiliary metabolic gene and host takeover	1.8747	0.2338	NC_023009.1
NC_023009.1_162	104732	105395	+	1025	transcription regulation	NA	NA	NA	NC_023009.1
NC_023009.1_163	105400	105499	+	No_PHROG	unknown function	moron, auxiliary metabolic gene and host takeover	5.6968	0.2313	NC_023009.1
NC_023009.1_164	105522	106155	+	1240	other	NA	NA	NA	NC_023009.1
NC_023009.1_165	106168	106690	+	341	tail	NA	NA	NA	NC_023009.1
NC_023009.1_166	106704	106932	+	1696	tail	NA	NA	NA	NC_023009.1
NC_023009.1_167	107027	107288	+	2673	unknown function	head and packaging	2.5910	0.2091	NC_023009.1
NC_023009.1_168	107291	107750	+	2721	unknown function	head and packaging	1.5732	0.2189	NC_023009.1
NC_023009.1_169	107727	108048	+	1850	other	NA	NA	NA	NC_023009.1
NC_023009.1_170	108040	109291	+	284	DNA, RNA and nucleotide metabolism	NA	NA	NA	NC_023009.1
NC_023009.1_171	109304	109673	+	2892	unknown function	moron, auxiliary metabolic gene and host takeover	8.3539	0.3789	NC_023009.1
NC_023009.1_172	109659	109971	+	3644	unknown function	head and packaging	1.1388	0.1975	NC_023009.1
NC_023009.1_173	110034	110571	+	1080	unknown function	head and packaging	2.5806	0.1963	NC_023009.1
NC_023009.1_174	110563	111331	+	984	DNA, RNA and nucleotide metabolism	NA	NA	NA	NC_023009.1
NC_023009.1_175	111308	111755	+	2356	unknown function	head and packaging	3.3208	0.1810	NC_023009.1
NC_023009.1_176	111754	112618	+	1113	head and packaging	NA	NA	NA	NC_023009.1
NC_023009.1_177	112989	113721	+	1007	unknown function	head and packaging	6.8663	0.2833	NC_023009.1
NC_023009.1_178	113738	114197	+	1104	head and packaging	NA	NA	NA	NC_023009.1
NC_023009.1_179	114261	114705	+	1303	DNA, RNA and nucleotide metabolism	NA	NA	NA	NC_023009.1
NC_023009.1_180	114721	115426	+	2726	unknown function	head and packaging	1.4367	0.1703	NC_023009.1
NC_023009.1_181	115487	115886	+	2863	moron, auxiliary metabolic gene and host takeover	NA	NA	NA	NC_023009.1
NC_023009.1_182	116032	116275	+	3157	unknown function	head and packaging	1.0295	0.1779	NC_023009.1
NC_023009.1_183	116279	116444	+	6754	unknown function	moron, auxiliary metabolic gene and host takeover	7.0768	0.2549	NC_023009.1
NC_023009.1_184	116430	116523	+	20161	unknown function	DNA, RNA and nucleotide metabolism	1.2443	0.1826	NC_023009.1
NC_023009.1_185	116611	116770	+	4430	moron, auxiliary metabolic gene and host takeover	NA	NA	NA	NC_023009.1
NC_023009.1_186	116804	117005	+	3453	unknown function	DNA, RNA and nucleotide metabolism	1.5084	0.1951	NC_023009.1
NC_023009.1_187	117005	117296	+	4096	unknown function	moron, auxiliary metabolic gene and host takeover	9.0855	0.5239	NC_023009.1
NC_023009.1_188	117387	117696	+	1099	DNA, RNA and nucleotide metabolism	NA	NA	NA	NC_023009.1
NC_023009.1_189	117692	118601	+	619	other	NA	NA	NA	NC_023009.1
NC_023009.1_190	118618	120088	+	448	other	NA	NA	NA	NC_023009.1
NC_023009.1_191	120431	120824	+	3847	unknown function	DNA, RNA and nucleotide metabolism	1.1824	0.2168	NC_023009.1
NC_023009.1_192	120825	121047	+	4340	unknown function	moron, auxiliary metabolic gene and host takeover	7.0730	0.3342	NC_023009.1
NC_023009.1_193	121112	121424	+	6716	other	NA	NA	NA	NC_023009.1
NC_023009.1_194	121426	121936	+	4855	lysis	NA	NA	NA	NC_023009.1
NC_023009.1_195	121937	122267	+	4637	unknown function	DNA, RNA and nucleotide metabolism	1.0399	0.2018	NC_023009.1
NC_023009.1_196	122272	122467	+	4983	unknown function	moron, auxiliary metabolic gene and host takeover	4.7671	0.2510	NC_023009.1
NC_023009.1_197	122490	122805	+	5741	unknown function	moron, auxiliary metabolic gene and host takeover	6.1232	0.2528	NC_023009.1
NC_023009.1_198	122819	122987	+	5729	unknown function	moron, auxiliary metabolic gene and host takeover	7.5406	0.2913	NC_023009.1
NC_023009.1_199	123023	123125	+	7862	unknown function	moron, auxiliary metabolic gene and host takeover	9.9162	0.9366	NC_023009.1
NC_023009.1_200	123223	123718	+	No_PHROG	unknown function	DNA, RNA and nucleotide metabolism	3.6871	0.3710	NC_023009.1
NC_023009.1_201	123724	123847	+	24718	unknown function	moron, auxiliary metabolic gene and host takeover	9.4510	0.6481	NC_023009.1
NC_023009.1_202	123832	123928	-	No_PHROG	unknown function	moron, auxiliary metabolic gene and host takeover	2.3983	0.2894	NC_023009.1
NC_023009.1_203	124021	124129	+	No_PHROG	unknown function	moron, auxiliary metabolic gene and host takeover	9.0198	0.5075	NC_023009.1
NC_023009.1_204	124233	124533	+	654	unknown function	moron, auxiliary metabolic gene and host takeover	7.8884	0.3214	NC_023009.1
NC_023009.1_205	124548	124647	+	No_PHROG	unknown function	moron, auxiliary metabolic gene and host takeover	7.9293	0.3261	NC_023009.1
NC_023009.1_206	124624	124735	+	3204	unknown function	moron, auxiliary metabolic gene and host takeover	9.5968	0.7237	NC_023009.1
NC_023009.1_207	124841	125132	+	654	unknown function	integration and excision	1.6098	0.2489	NC_023009.1
NC_023009.1_208	125131	125419	+	654	unknown function	moron, auxiliary metabolic gene and host takeover	7.3138	0.2845	NC_023009.1
NC_023009.1_209	125418	125712	+	654	unknown function	moron, auxiliary metabolic gene and host takeover	6.6268	0.2816	NC_023009.1
NC_023009.1_210	125715	125973	+	1099	DNA, RNA and nucleotide metabolism	NA	NA	NA	NC_023009.1
NC_023009.1_211	126050	126290	+	1099	DNA, RNA and nucleotide metabolism	NA	NA	NA	NC_023009.1
NC_023009.1_212	126300	126648	+	3522	unknown function	moron, auxiliary metabolic gene and host takeover	6.5877	0.2743	NC_023009.1
NC_023009.1_213	126996	127095	+	No_PHROG	unknown function	moron, auxiliary metabolic gene and host takeover	8.5513	0.4871	NC_023009.1
NC_023009.1_214	127091	127187	+	No_PHROG	unknown function	moron, auxiliary metabolic gene and host takeover	8.0755	0.3876	NC_023009.1
NC_047722.1_0	84	180	-	No_PHROG	unknown function	head and packaging	1.0939	0.1614	NC_047722.1
NC_047722.1_1	273	381	+	No_PHROG	unknown function	DNA, RNA and nucleotide metabolism	1.4322	0.1779	NC_047722.1
NC_047722.1_2	485	785	+	654	unknown function	DNA, RNA and nucleotide metabolism	3.5525	0.2116	NC_047722.1
NC_047722.1_3	800	986	+	3204	unknown function	moron, auxiliary metabolic gene and host takeover	8.0621	0.3604	NC_047722.1
NC_047722.1_4	1092	1383	+	654	unknown function	integration and excision	2.3158	0.2016	NC_047722.1
NC_047722.1_5	1382	1670	+	654	unknown function	integration and excision	1.2508	0.2084	NC_047722.1
NC_047722.1_6	1669	1963	+	654	unknown function	DNA, RNA and nucleotide metabolism	1.9768	0.2132	NC_047722.1
NC_047722.1_7	1966	2224	+	1099	DNA, RNA and nucleotide metabolism	NA	NA	NA	NC_047722.1
NC_047722.1_8	2301	2541	+	1099	DNA, RNA and nucleotide metabolism	NA	NA	NA	NC_047722.1
NC_047722.1_9	2551	2899	+	3522	unknown function	integration and excision	1.0315	0.1835	NC_047722.1
NC_047722.1_10	3107	3446	-	3077	unknown function	DNA, RNA and nucleotide metabolism	1.4630	0.2238	NC_047722.1
NC_047722.1_11	3424	3574	+	No_PHROG	unknown function	DNA, RNA and nucleotide metabolism	1.2097	0.2427	NC_047722.1
NC_047722.1_12	3597	3711	-	No_PHROG	unknown function	DNA, RNA and nucleotide metabolism	1.4631	0.2006	NC_047722.1
NC_047722.1_13	3757	4066	+	2601	unknown function	DNA, RNA and nucleotide metabolism	2.8168	0.2004	NC_047722.1
NC_047722.1_14	4084	4282	-	No_PHROG	unknown function	DNA, RNA and nucleotide metabolism	1.8784	0.2334	NC_047722.1
NC_047722.1_15	4271	4556	+	3164	unknown function	DNA, RNA and nucleotide metabolism	2.5466	0.1950	NC_047722.1
NC_047722.1_16	4630	4822	+	3388	other	NA	NA	NA	NC_047722.1
NC_047722.1_17	4808	4904	+	No_PHROG	unknown function	DNA, RNA and nucleotide metabolism	1.0294	0.1729	NC_047722.1
NC_047722.1_18	4930	5071	+	No_PHROG	unknown function	DNA, RNA and nucleotide metabolism	2.6421	0.1608	NC_047722.1
NC_047722.1_19	5138	5627	-	59	DNA, RNA and nucleotide metabolism	NA	NA	NA	NC_047722.1
NC_047722.1_20	5785	5953	+	3325	other	NA	NA	NA	NC_047722.1
NC_047722.1_21	6022	6154	+	3837	unknown function	DNA, RNA and nucleotide metabolism	2.6417	0.1762	NC_047722.1
NC_047722.1_22	6321	6645	+	3276	unknown function	DNA, RNA and nucleotide metabolism	1.3773	0.2236	NC_047722.1
NC_047722.1_23	6744	6981	+	3480	unknown function	integration and excision	1.0826	0.1757	NC_047722.1
NC_047722.1_24	7060	7531	+	2543	unknown function	DNA, RNA and nucleotide metabolism	1.0239	0.2195	NC_047722.1
NC_047722.1_25	7589	7763	+	3789	unknown function	DNA, RNA and nucleotide metabolism	1.6032	0.1919	NC_047722.1
NC_047722.1_26	7762	8032	+	3549	unknown function	DNA, RNA and nucleotide metabolism	1.8088	0.1986	NC_047722.1
NC_047722.1_27	8116	8338	+	30315	unknown function	DNA, RNA and nucleotide metabolism	1.1388	0.1938	NC_047722.1
NC_047722.1_28	8411	8513	+	22992	unknown function	moron, auxiliary metabolic gene and host takeover	5.7287	0.2474	NC_047722.1
NC_047722.1_29	8528	8651	-	No_PHROG	unknown function	moron, auxiliary metabolic gene and host takeover	6.7460	0.2685	NC_047722.1
NC_047722.1_30	8634	8871	-	2884	unknown function	moron, auxiliary metabolic gene and host takeover	8.7206	0.4411	NC_047722.1
NC_047722.1_31	8870	9044	-	4355	unknown function	moron, auxiliary metabolic gene and host takeover	9.5670	0.7053	NC_047722.1
NC_047722.1_32	9050	9305	-	16296	unknown function	DNA, RNA and nucleotide metabolism	2.5471	0.2129	NC_047722.1
NC_047722.1_33	9307	9499	-	4249	unknown function	moron, auxiliary metabolic gene and host takeover	9.7041	0.7732	NC_047722.1
NC_047722.1_34	9495	9981	-	3619	unknown function	moron, auxiliary metabolic gene and host takeover	9.4463	0.6453	NC_047722.1
NC_047722.1_35	9973	10405	-	2349	unknown function	DNA, RNA and nucleotide metabolism	2.2205	0.1773	NC_047722.1
NC_047722.1_36	10418	10961	-	4045	unknown function	DNA, RNA and nucleotide metabolism	6.1019	0.2344	NC_047722.1
NC_047722.1_37	10972	11461	-	1017	unknown function	DNA, RNA and nucleotide metabolism	9.6614	0.7516	NC_047722.1
NC_047722.1_38	11473	11872	-	3857	unknown function	DNA, RNA and nucleotide metabolism	4.7755	0.2173	NC_047722.1
NC_047722.1_39	11868	12576	-	246	other	NA	NA	NA	NC_047722.1
NC_047722.1_40	12675	13230	-	2981	unknown function	DNA, RNA and nucleotide metabolism	1.6663	0.1826	NC_047722.1
NC_047722.1_41	13245	13563	-	4178	tail	NA	NA	NA	NC_047722.1
NC_047722.1_42	13631	13745	+	No_PHROG	unknown function	DNA, RNA and nucleotide metabolism	1.1862	0.1586	NC_047722.1
NC_047722.1_43	13753	13930	+	No_PHROG	unknown function	DNA, RNA and nucleotide metabolism	1.6436	0.1636	NC_047722.1
NC_047722.1_44	13926	14055	-	No_PHROG	unknown function	DNA, RNA and nucleotide metabolism	1.6203	0.1519	NC_047722.1
NC_047722.1_45	14132	14333	-	27748	unknown function	DNA, RNA and nucleotide metabolism	1.3069	0.1893	NC_047722.1
NC_047722.1_46	14332	14434	-	No_PHROG	unknown function	DNA, RNA and nucleotide metabolism	2.5014	0.1519	NC_047722.1
NC_047722.1_47	14548	15097	-	2948	unknown function	moron, auxiliary metabolic gene and host takeover	8.0443	0.3383	NC_047722.1
NC_047722.1_48	15100	15319	-	3686	unknown function	moron, auxiliary metabolic gene and host takeover	6.9428	0.2465	NC_047722.1
NC_047722.1_49	15319	15514	-	3950	unknown function	DNA, RNA and nucleotide metabolism	1.6913	0.2138	NC_047722.1
NC_047722.1_50	15503	16241	-	3464	DNA, RNA and nucleotide metabolism	NA	NA	NA	NC_047722.1
NC_047722.1_51	16303	16408	-	5230	unknown function	moron, auxiliary metabolic gene and host takeover	8.3693	0.3809	NC_047722.1
NC_047722.1_52	16419	16659	-	3697	unknown function	DNA, RNA and nucleotide metabolism	1.0097	0.2225	NC_047722.1
NC_047722.1_53	16660	17050	-	28554	other	NA	NA	NA	NC_047722.1
NC_047722.1_54	17148	17322	-	3504	other	NA	NA	NA	NC_047722.1
NC_047722.1_55	17362	17845	-	3319	unknown function	DNA, RNA and nucleotide metabolism	1.4762	0.2030	NC_047722.1
NC_047722.1_56	17894	18437	-	3635	unknown function	DNA, RNA and nucleotide metabolism	1.3314	0.1853	NC_047722.1
NC_047722.1_57	18436	18970	-	3702	unknown function	DNA, RNA and nucleotide metabolism	1.0329	0.2141	NC_047722.1
NC_047722.1_58	18972	19137	-	152	transcription regulation	NA	NA	NA	NC_047722.1
NC_047722.1_59	19139	19418	-	3751	moron, auxiliary metabolic gene and host takeover	NA	NA	NA	NC_047722.1
NC_047722.1_60	19417	20263	-	1909	head and packaging	NA	NA	NA	NC_047722.1
NC_047722.1_61	20274	21393	-	249	moron, auxiliary metabolic gene and host takeover	NA	NA	NA	NC_047722.1
NC_047722.1_62	21416	21518	-	No_PHROG	unknown function	DNA, RNA and nucleotide metabolism	2.0928	0.1605	NC_047722.1
NC_047722.1_63	21545	21872	-	2861	unknown function	DNA, RNA and nucleotide metabolism	1.2945	0.1873	NC_047722.1
NC_047722.1_64	21864	22281	-	2708	other	NA	NA	NA	NC_047722.1
NC_047722.1_65	22413	22716	-	715	other	NA	NA	NA	NC_047722.1
NC_047722.1_66	22715	22904	-	3048	unknown function	DNA, RNA and nucleotide metabolism	1.2401	0.2124	NC_047722.1
NC_047722.1_67	22947	23109	-	2966	unknown function	DNA, RNA and nucleotide metabolism	1.0499	0.2056	NC_047722.1
NC_047722.1_68	23108	25157	-	3200	unknown function	DNA, RNA and nucleotide metabolism	2.3464	0.1883	NC_047722.1
NC_047722.1_69	25234	25498	-	2811	head and packaging	NA	NA	NA	NC_047722.1
NC_047722.1_70	25514	25688	-	1274	lysis	NA	NA	NA	NC_047722.1
NC_047722.1_71	25694	26273	-	2642	unknown function	lysis	2.7569	0.3737	NC_047722.1
NC_047722.1_72	26265	26892	-	1817	DNA, RNA and nucleotide metabolism	NA	NA	NA	NC_047722.1
NC_047722.1_73	26884	27781	-	548	DNA, RNA and nucleotide metabolism	NA	NA	NA	NC_047722.1
NC_047722.1_74	27780	28005	-	3093	unknown function	lysis	3.5397	0.2357	NC_047722.1
NC_047722.1_75	28073	28814	-	170	other	NA	NA	NA	NC_047722.1
NC_047722.1_76	28865	29480	-	2995	unknown function	DNA, RNA and nucleotide metabolism	2.2660	0.2232	NC_047722.1
NC_047722.1_77	29495	29921	-	531	DNA, RNA and nucleotide metabolism	NA	NA	NA	NC_047722.1
NC_047722.1_78	29910	30102	-	2706	unknown function	moron, auxiliary metabolic gene and host takeover	8.2856	0.3705	NC_047722.1
NC_047722.1_79	30124	30766	-	2896	unknown function	DNA, RNA and nucleotide metabolism	2.7254	0.2009	NC_047722.1
NC_047722.1_80	30755	30986	-	3	transcription regulation	NA	NA	NA	NC_047722.1
NC_047722.1_81	30988	31216	-	2770	unknown function	lysis	1.1758	0.2258	NC_047722.1
NC_047722.1_82	31325	32018	-	3310	other	NA	NA	NA	NC_047722.1
NC_047722.1_83	32204	32840	-	374	DNA, RNA and nucleotide metabolism	NA	NA	NA	NC_047722.1
NC_047722.1_84	32906	33698	-	200	other	NA	NA	NA	NC_047722.1
NC_047722.1_85	33697	34006	-	3667	unknown function	lysis	1.2525	0.2421	NC_047722.1
NC_047722.1_86	34118	34748	-	833	lysis	NA	NA	NA	NC_047722.1
NC_047722.1_87	34983	35073	-	No_PHROG	unknown function	DNA, RNA and nucleotide metabolism	1.3789	0.1681	NC_047722.1
NC_047722.1_88	35018	35519	-	59	DNA, RNA and nucleotide metabolism	NA	NA	NA	NC_047722.1
NC_047722.1_89	35611	35713	+	No_PHROG	unknown function	lysis	3.4817	0.1799	NC_047722.1
NC_047722.1_90	35678	36482	-	635	lysis	NA	NA	NA	NC_047722.1
NC_047722.1_91	36481	36985	-	962	lysis	NA	NA	NA	NC_047722.1
NC_047722.1_92	37069	37255	-	987	unknown function	DNA, RNA and nucleotide metabolism	3.0148	0.1917	NC_047722.1
NC_047722.1_93	37317	37446	+	No_PHROG	unknown function	moron, auxiliary metabolic gene and host takeover	7.3755	0.2759	NC_047722.1
NC_047722.1_94	37656	37761	+	No_PHROG	unknown function	moron, auxiliary metabolic gene and host takeover	8.8960	0.4784	NC_047722.1
NC_047722.1_95	37930	38053	-	No_PHROG	unknown function	moron, auxiliary metabolic gene and host takeover	8.8403	0.4656	NC_047722.1
NC_047722.1_96	38443	38551	+	No_PHROG	unknown function	moron, auxiliary metabolic gene and host takeover	9.3599	0.6124	NC_047722.1
NC_047722.1_97	38551	38722	+	No_PHROG	unknown function	moron, auxiliary metabolic gene and host takeover	9.4674	0.6640	NC_047722.1
NC_047722.1_98	38801	39020	-	1257	moron, auxiliary metabolic gene and host takeover	NA	NA	NA	NC_047722.1
NC_047722.1_99	39133	39274	-	No_PHROG	unknown function	moron, auxiliary metabolic gene and host takeover	9.9021	0.9192	NC_047722.1
NC_047722.1_100	39497	39707	-	17190	head and packaging	NA	NA	NA	NC_047722.1
NC_047722.1_101	39719	40052	-	937	other	NA	NA	NA	NC_047722.1
NC_047722.1_102	40064	40391	-	1481	unknown function	head and packaging	1.9781	0.3470	NC_047722.1
NC_047722.1_103	40423	40690	-	4526	unknown function	moron, auxiliary metabolic gene and host takeover	9.8573	0.8909	NC_047722.1
NC_047722.1_104	40784	40877	-	No_PHROG	unknown function	head and packaging	1.6045	0.3665	NC_047722.1
NC_047722.1_105	40950	41217	+	3395	moron, auxiliary metabolic gene and host takeover	NA	NA	NA	NC_047722.1
NC_047722.1_106	41194	41473	+	1321	unknown function	head and packaging	5.6294	0.2809	NC_047722.1
NC_047722.1_107	41553	41880	+	1063	head and packaging	NA	NA	NA	NC_047722.1
NC_047722.1_108	41894	43712	+	675	head and packaging	NA	NA	NA	NC_047722.1
NC_047722.1_109	43704	44526	+	1917	head and packaging	NA	NA	NA	NC_047722.1
NC_047722.1_110	44596	44686	+	3863	unknown function	head and packaging	5.3745	0.2326	NC_047722.1
NC_047722.1_111	44682	45162	+	1116	moron, auxiliary metabolic gene and host takeover	NA	NA	NA	NC_047722.1
NC_047722.1_112	45254	46397	+	3094	unknown function	head and packaging	2.7517	0.2216	NC_047722.1
NC_047722.1_113	46482	46824	+	3937	unknown function	moron, auxiliary metabolic gene and host takeover	7.3188	0.3021	NC_047722.1
NC_047722.1_114	46901	47213	+	1108	head and packaging	NA	NA	NA	NC_047722.1
NC_047722.1_115	47216	48908	+	12	head and packaging	NA	NA	NA	NC_047722.1
NC_047722.1_116	49134	49875	+	1028	head and packaging	NA	NA	NA	NC_047722.1
NC_047722.1_117	49893	50850	+	1133	unknown function	head and packaging	9.1383	0.5392	NC_047722.1
NC_047722.1_118	50965	52357	+	752	head and packaging	NA	NA	NA	NC_047722.1
NC_047722.1_119	52448	52745	+	1205	unknown function	head and packaging	8.0110	0.3357	NC_047722.1
NC_047722.1_120	52757	53666	+	772	tail	NA	NA	NA	NC_047722.1
NC_047722.1_121	53679	54558	+	1004	head and packaging	NA	NA	NA	NC_047722.1
NC_047722.1_122	54557	55178	+	1127	connector	NA	NA	NA	NC_047722.1
NC_047722.1_123	55196	56033	+	1000	tail	NA	NA	NA	NC_047722.1
NC_047722.1_124	56034	56250	+	1151	unknown function	head and packaging	8.0812	0.3985	NC_047722.1
NC_047722.1_125	56276	58040	+	279	tail	NA	NA	NA	NC_047722.1
NC_047722.1_126	58112	58541	+	985	head and packaging	NA	NA	NA	NC_047722.1
NC_047722.1_127	58637	58778	+	2701	unknown function	head and packaging	7.0842	0.3177	NC_047722.1
NC_047722.1_128	58820	59279	+	1905	unknown function	head and packaging	4.3967	0.3171	NC_047722.1
NC_047722.1_129	59291	59486	+	4320	moron, auxiliary metabolic gene and host takeover	NA	NA	NA	NC_047722.1
NC_047722.1_130	59567	59879	+	2754	head and packaging	NA	NA	NA	NC_047722.1
NC_047722.1_131	60010	60469	+	1038	tail	NA	NA	NA	NC_047722.1
NC_047722.1_132	60512	61049	+	1316	DNA, RNA and nucleotide metabolism	NA	NA	NA	NC_047722.1
NC_047722.1_133	61101	65160	+	1047	tail	NA	NA	NA	NC_047722.1
NC_047722.1_134	65238	67665	+	1015	tail	NA	NA	NA	NC_047722.1
NC_047722.1_135	67678	68566	+	2677	tail	NA	NA	NA	NC_047722.1
NC_047722.1_136	68565	71112	+	2204	other	NA	NA	NA	NC_047722.1
NC_047722.1_137	71218	72010	+	1011	head and packaging	NA	NA	NA	NC_047722.1
NC_047722.1_138	72009	72534	+	1073	unknown function	head and packaging	5.6503	0.2593	NC_047722.1
NC_047722.1_139	72533	73238	+	975	tail	NA	NA	NA	NC_047722.1
NC_047722.1_140	73252	74299	+	6	tail	NA	NA	NA	NC_047722.1
NC_047722.1_141	74319	77379	+	2386	head and packaging	NA	NA	NA	NC_047722.1
NC_047722.1_142	77489	78011	+	1394	head and packaging	NA	NA	NA	NC_047722.1
NC_047722.1_143	78031	81490	+	25864	tail	NA	NA	NA	NC_047722.1
NC_047722.1_144	81538	81697	+	1074	unknown function	head and packaging	2.5961	0.2510	NC_047722.1
NC_047722.1_145	81697	83620	+	2665	head and packaging	NA	NA	NA	NC_047722.1
NC_047722.1_146	83642	84017	+	2671	tail	NA	NA	NA	NC_047722.1
NC_047722.1_147	84023	85400	+	2691	tail	NA	NA	NA	NC_047722.1
NC_047722.1_148	85491	87240	+	16	DNA, RNA and nucleotide metabolism	NA	NA	NA	NC_047722.1
NC_047722.1_149	87251	88865	+	1098	DNA, RNA and nucleotide metabolism	NA	NA	NA	NC_047722.1
NC_047722.1_150	88857	90300	+	19	DNA, RNA and nucleotide metabolism	NA	NA	NA	NC_047722.1
NC_047722.1_151	90378	91416	+	100	DNA, RNA and nucleotide metabolism	NA	NA	NA	NC_047722.1
NC_047722.1_152	91415	91793	+	2773	unknown function	moron, auxiliary metabolic gene and host takeover	8.8690	0.4708	NC_047722.1
NC_047722.1_153	91792	93712	+	77	DNA, RNA and nucleotide metabolism	NA	NA	NA	NC_047722.1
NC_047722.1_154	93711	94308	+	1070	moron, auxiliary metabolic gene and host takeover	NA	NA	NA	NC_047722.1
NC_047722.1_155	94322	95390	+	47	DNA, RNA and nucleotide metabolism	NA	NA	NA	NC_047722.1
NC_047722.1_156	95456	95795	+	1291	unknown function	moron, auxiliary metabolic gene and host takeover	8.4153	0.3870	NC_047722.1
NC_047722.1_157	95794	96247	+	1095	head and packaging	NA	NA	NA	NC_047722.1
NC_047722.1_158	96233	96842	+	244	DNA, RNA and nucleotide metabolism	NA	NA	NA	NC_047722.1
NC_047722.1_159	96858	97251	+	883	moron, auxiliary metabolic gene and host takeover	NA	NA	NA	NC_047722.1
NC_047722.1_160	97265	99380	+	84	DNA, RNA and nucleotide metabolism	NA	NA	NA	NC_047722.1
NC_047722.1_161	99393	100443	+	86	DNA, RNA and nucleotide metabolism	NA	NA	NA	NC_047722.1
NC_047722.1_162	100460	100790	+	2797	unknown function	moron, auxiliary metabolic gene and host takeover	7.2576	0.2920	NC_047722.1
NC_047722.1_163	100773	101094	+	22	DNA, RNA and nucleotide metabolism	NA	NA	NA	NC_047722.1
NC_047722.1_164	101122	101230	-	No_PHROG	unknown function	moron, auxiliary metabolic gene and host takeover	9.7221	0.7907	NC_047722.1
NC_047722.1_165	101300	101897	+	15477	other	NA	NA	NA	NC_047722.1
NC_047722.1_166	101906	102212	+	379	DNA, RNA and nucleotide metabolism	NA	NA	NA	NC_047722.1
NC_047722.1_167	102287	103160	+	4008	DNA, RNA and nucleotide metabolism	NA	NA	NA	NC_047722.1
NC_047722.1_168	103325	103838	+	2340	DNA, RNA and nucleotide metabolism	NA	NA	NA	NC_047722.1
NC_047722.1_169	103973	105317	+	17	DNA, RNA and nucleotide metabolism	NA	NA	NA	NC_047722.1
NC_047722.1_170	105382	105478	+	No_PHROG	unknown function	DNA, RNA and nucleotide metabolism	1.8755	0.2303	NC_047722.1
NC_047722.1_171	105584	106292	+	59	DNA, RNA and nucleotide metabolism	NA	NA	NA	NC_047722.1
NC_047722.1_172	106352	106457	-	No_PHROG	unknown function	DNA, RNA and nucleotide metabolism	2.0158	0.2066	NC_047722.1
NC_047722.1_173	106525	107386	+	2573	DNA, RNA and nucleotide metabolism	NA	NA	NA	NC_047722.1
NC_047722.1_174	107454	107697	+	3621	unknown function	head and packaging	1.3032	0.1798	NC_047722.1
NC_047722.1_175	107713	108196	+	1069	DNA, RNA and nucleotide metabolism	NA	NA	NA	NC_047722.1
NC_047722.1_176	108282	109554	+	2672	DNA, RNA and nucleotide metabolism	NA	NA	NA	NC_047722.1
NC_047722.1_177	109613	110870	+	97	other	NA	NA	NA	NC_047722.1
NC_047722.1_178	110873	111227	+	1089	unknown function	DNA, RNA and nucleotide metabolism	1.1735	0.2197	NC_047722.1
NC_047722.1_179	111213	111876	+	1025	transcription regulation	NA	NA	NA	NC_047722.1
NC_047722.1_180	111881	111980	+	No_PHROG	unknown function	moron, auxiliary metabolic gene and host takeover	4.0896	0.2155	NC_047722.1
NC_047722.1_181	112003	112636	+	1240	other	NA	NA	NA	NC_047722.1
NC_047722.1_182	112649	113171	+	341	tail	NA	NA	NA	NC_047722.1
NC_047722.1_183	113185	113413	+	1696	tail	NA	NA	NA	NC_047722.1
NC_047722.1_184	113508	113769	+	2673	unknown function	head and packaging	2.8819	0.1905	NC_047722.1
NC_047722.1_185	113772	114528	+	1850	other	NA	NA	NA	NC_047722.1
NC_047722.1_186	114520	115771	+	284	DNA, RNA and nucleotide metabolism	NA	NA	NA	NC_047722.1
NC_047722.1_187	115784	116153	+	2892	unknown function	moron, auxiliary metabolic gene and host takeover	7.5833	0.3325	NC_047722.1
NC_047722.1_188	116139	116451	+	3644	unknown function	head and packaging	1.4785	0.2060	NC_047722.1
NC_047722.1_189	116514	117051	+	1080	unknown function	head and packaging	3.0187	0.2042	NC_047722.1
NC_047722.1_190	117043	117811	+	984	DNA, RNA and nucleotide metabolism	NA	NA	NA	NC_047722.1
NC_047722.1_191	117788	118235	+	2356	unknown function	head and packaging	3.5162	0.1857	NC_047722.1
NC_047722.1_192	118234	119098	+	1113	head and packaging	NA	NA	NA	NC_047722.1
NC_047722.1_193	119469	120201	+	1007	unknown function	head and packaging	6.3431	0.2806	NC_047722.1
NC_047722.1_194	120218	120677	+	1104	head and packaging	NA	NA	NA	NC_047722.1
NC_047722.1_195	120741	121185	+	1303	DNA, RNA and nucleotide metabolism	NA	NA	NA	NC_047722.1
NC_047722.1_196	121201	121906	+	2726	unknown function	head and packaging	1.5584	0.1665	NC_047722.1
NC_047722.1_197	121967	122366	+	2863	moron, auxiliary metabolic gene and host takeover	NA	NA	NA	NC_047722.1
NC_047722.1_198	122512	122755	+	3157	unknown function	head and packaging	1.4910	0.1750	NC_047722.1
NC_047722.1_199	122759	122924	+	6754	unknown function	moron, auxiliary metabolic gene and host takeover	5.6606	0.2004	NC_047722.1
NC_047722.1_200	122910	123090	+	7869	unknown function	head and packaging	1.2126	0.1856	NC_047722.1
NC_047722.1_201	123125	123302	+	3664	DNA, RNA and nucleotide metabolism	NA	NA	NA	NC_047722.1
NC_047722.1_202	123291	123825	+	3854	moron, auxiliary metabolic gene and host takeover	NA	NA	NA	NC_047722.1
NC_047722.1_203	123839	124088	+	4009	unknown function	moron, auxiliary metabolic gene and host takeover	9.4672	0.6537	NC_047722.1
NC_047722.1_204	124099	124276	+	3524	unknown function	moron, auxiliary metabolic gene and host takeover	6.4466	0.2691	NC_047722.1
NC_047722.1_205	124268	124565	+	3128	unknown function	moron, auxiliary metabolic gene and host takeover	6.3901	0.2316	NC_047722.1
NC_047722.1_206	124603	124795	+	3640	moron, auxiliary metabolic gene and host takeover	NA	NA	NA	NC_047722.1
NC_047722.1_207	124807	125176	+	3669	unknown function	moron, auxiliary metabolic gene and host takeover	7.9146	0.3492	NC_047722.1
NC_047722.1_208	125188	125536	+	2988	unknown function	moron, auxiliary metabolic gene and host takeover	5.8883	0.2381	NC_047722.1
NC_047722.1_209	125541	125814	+	3804	unknown function	moron, auxiliary metabolic gene and host takeover	9.5166	0.6786	NC_047722.1
NC_047722.1_210	125883	126189	+	3143	unknown function	DNA, RNA and nucleotide metabolism	1.1364	0.2152	NC_047722.1
NC_047722.1_211	126203	126554	+	3752	DNA, RNA and nucleotide metabolism	NA	NA	NA	NC_047722.1
NC_047722.1_212	126553	127156	+	4208	DNA, RNA and nucleotide metabolism	NA	NA	NA	NC_047722.1
NC_047722.1_213	127169	127349	+	3701	unknown function	moron, auxiliary metabolic gene and host takeover	7.2188	0.2648	NC_047722.1
NC_047722.1_214	127477	127576	+	No_PHROG	unknown function	moron, auxiliary metabolic gene and host takeover	8.9273	0.4832	NC_047722.1
NC_047722.1_215	127575	127977	+	1486	moron, auxiliary metabolic gene and host takeover	NA	NA	NA	NC_047722.1
NC_047722.1_216	127978	128272	+	5835	unknown function	moron, auxiliary metabolic gene and host takeover	8.7763	0.4832	NC_047722.1
NC_047722.1_217	128288	128576	+	1486	moron, auxiliary metabolic gene and host takeover	NA	NA	NA	NC_047722.1
NC_047722.1_218	128586	128703	+	4580	transcription regulation	NA	NA	NA	NC_047722.1
NC_047722.1_219	128692	128956	+	4584	other	NA	NA	NA	NC_047722.1
NC_047722.1_220	129032	129212	+	4743	unknown function	moron, auxiliary metabolic gene and host takeover	9.7671	0.8194	NC_047722.1
NC_047722.1_221	129226	129490	+	4418	unknown function	moron, auxiliary metabolic gene and host takeover	4.9767	0.2298	NC_047722.1
NC_047722.1_222	129492	129810	+	4081	unknown function	moron, auxiliary metabolic gene and host takeover	4.8945	0.2148	NC_047722.1
NC_047722.1_223	129810	130491	+	4650	unknown function	DNA, RNA and nucleotide metabolism	1.9826	0.2162	NC_047722.1
NC_047722.1_224	130579	130738	+	4430	moron, auxiliary metabolic gene and host takeover	NA	NA	NA	NC_047722.1
NC_047722.1_225	130772	130973	+	3453	unknown function	moron, auxiliary metabolic gene and host takeover	4.9997	0.2132	NC_047722.1
NC_047722.1_226	130973	131264	+	4096	unknown function	moron, auxiliary metabolic gene and host takeover	8.5110	0.4020	NC_047722.1
NC_047722.1_227	131355	131664	+	1099	DNA, RNA and nucleotide metabolism	NA	NA	NA	NC_047722.1
NC_047722.1_228	131660	132569	+	619	other	NA	NA	NA	NC_047722.1
NC_047722.1_229	132586	134056	+	448	other	NA	NA	NA	NC_047722.1
NC_047722.1_230	134134	134380	+	4028	unknown function	moron, auxiliary metabolic gene and host takeover	2.4327	0.3076	NC_047722.1
NC_047722.1_231	134399	134792	+	3847	unknown function	DNA, RNA and nucleotide metabolism	1.6270	0.2027	NC_047722.1
NC_047722.1_232	134793	135015	+	4340	unknown function	moron, auxiliary metabolic gene and host takeover	4.2640	0.3081	NC_047722.1
NC_047722.1_233	135080	135392	+	6716	other	NA	NA	NA	NC_047722.1
NC_047722.1_234	135394	135904	+	4855	lysis	NA	NA	NA	NC_047722.1
NC_047722.1_235	135905	136235	+	4637	unknown function	DNA, RNA and nucleotide metabolism	1.5079	0.1574	NC_047722.1
NC_047722.1_236	136240	136435	+	4983	unknown function	DNA, RNA and nucleotide metabolism	1.1635	0.1773	NC_047722.1
NC_047722.1_237	136458	136773	+	5741	unknown function	moron, auxiliary metabolic gene and host takeover	2.3576	0.1835	NC_047722.1
NC_047722.1_238	136787	136955	+	5729	unknown function	moron, auxiliary metabolic gene and host takeover	3.0462	0.1861	NC_047722.1
NC_047722.1_239	136991	137093	+	7862	unknown function	moron, auxiliary metabolic gene and host takeover	8.7846	0.4533	NC_047722.1
NC_047722.1_240	137067	137175	-	No_PHROG	unknown function	moron, auxiliary metabolic gene and host takeover	5.1165	0.1936	NC_047722.1
NC_047722.1_241	137276	137372	-	No_PHROG	unknown function	transcription regulation	6.2044	0.2085	NC_047722.1
NC_047722.1_242	137465	137573	+	No_PHROG	unknown function	moron, auxiliary metabolic gene and host takeover	5.0487	0.1933	NC_047722.1
NC_047722.1_243	137677	137977	+	654	unknown function	DNA, RNA and nucleotide metabolism	1.0407	0.1779	NC_047722.1
NC_047722.1_244	137992	138178	+	3204	unknown function	moron, auxiliary metabolic gene and host takeover	7.3679	0.3432	NC_047722.1
NC_047722.1_245	138284	138575	+	654	unknown function	DNA, RNA and nucleotide metabolism	1.0310	0.1806	NC_047722.1
NC_047722.1_246	138574	138862	+	654	unknown function	DNA, RNA and nucleotide metabolism	1.3363	0.2148	NC_047722.1
NC_047722.1_247	138861	139155	+	654	unknown function	DNA, RNA and nucleotide metabolism	1.4903	0.2010	NC_047722.1
NC_047722.1_248	139158	139416	+	1099	DNA, RNA and nucleotide metabolism	NA	NA	NA	NC_047722.1
NC_047722.1_249	139493	139733	+	1099	DNA, RNA and nucleotide metabolism	NA	NA	NA	NC_047722.1
NC_047722.1_250	139743	140091	+	3522	unknown function	integration and excision	1.3334	0.1892	NC_047722.1
NC_047722.1_251	140299	140638	-	3077	unknown function	DNA, RNA and nucleotide metabolism	1.2132	0.2218	NC_047722.1
NC_047722.1_252	140616	140766	+	No_PHROG	unknown function	moron, auxiliary metabolic gene and host takeover	6.4901	0.3192	NC_047722.1
NC_047722.1_253	140789	140903	-	No_PHROG	unknown function	moron, auxiliary metabolic gene and host takeover	6.0029	0.2914	NC_047722.1
NC_047722.1_254	140949	141258	+	2601	unknown function	DNA, RNA and nucleotide metabolism	1.9871	0.2117	NC_047722.1
NC_047722.1_255	141276	141474	-	No_PHROG	unknown function	moron, auxiliary metabolic gene and host takeover	6.6247	0.3178	NC_047722.1
NC_047722.1_256	141463	141748	+	3164	unknown function	DNA, RNA and nucleotide metabolism	1.8016	0.2040	NC_047722.1
NC_047722.1_257	141822	142014	+	3388	other	NA	NA	NA	NC_047722.1
NC_047722.1_258	142000	142096	+	No_PHROG	unknown function	moron, auxiliary metabolic gene and host takeover	4.7815	0.2626	NC_047722.1
NC_047722.1_259	142122	142263	+	No_PHROG	unknown function	DNA, RNA and nucleotide metabolism	1.5707	0.1793	NC_047722.1
NC_047722.1_260	142330	142819	-	59	DNA, RNA and nucleotide metabolism	NA	NA	NA	NC_047722.1
NC_047722.1_261	142977	143145	+	3325	other	NA	NA	NA	NC_047722.1
NC_047722.1_262	143214	143346	+	3837	unknown function	DNA, RNA and nucleotide metabolism	1.7773	0.2001	NC_047722.1
NC_047722.1_263	143513	143837	+	3276	unknown function	DNA, RNA and nucleotide metabolism	1.1940	0.2635	NC_047722.1
NC_047722.1_264	143936	144173	+	3480	unknown function	integration and excision	1.2590	0.1994	NC_047722.1
NC_047722.1_265	144252	144723	+	2543	unknown function	DNA, RNA and nucleotide metabolism	1.2927	0.2120	NC_047722.1
NC_047722.1_266	144781	144955	+	3789	unknown function	DNA, RNA and nucleotide metabolism	1.6358	0.1900	NC_047722.1
NC_047722.1_267	144954	145224	+	3549	unknown function	DNA, RNA and nucleotide metabolism	1.7956	0.1861	NC_047722.1
NC_047722.1_268	145308	145530	+	30315	unknown function	DNA, RNA and nucleotide metabolism	1.1666	0.1757	NC_047722.1
NC_047722.1_269	145521	145614	-	No_PHROG	unknown function	head and packaging	1.0935	0.1646	NC_047722.1
NC_047723.1_0	84	180	-	No_PHROG	unknown function	head and packaging	1.0345	0.1625	NC_047723.1
NC_047723.1_1	273	381	+	No_PHROG	unknown function	DNA, RNA and nucleotide metabolism	1.2503	0.1780	NC_047723.1
NC_047723.1_2	485	785	+	654	unknown function	DNA, RNA and nucleotide metabolism	3.5110	0.2035	NC_047723.1
NC_047723.1_3	800	986	+	3204	unknown function	moron, auxiliary metabolic gene and host takeover	8.0982	0.3482	NC_047723.1
NC_047723.1_4	1092	1380	+	654	unknown function	integration and excision	1.2760	0.1968	NC_047723.1
NC_047723.1_5	1379	1706	+	654	unknown function	DNA, RNA and nucleotide metabolism	1.1065	0.2580	NC_047723.1
NC_047723.1_6	1721	2015	+	654	unknown function	DNA, RNA and nucleotide metabolism	1.9468	0.2148	NC_047723.1
NC_047723.1_7	2018	2276	+	1099	DNA, RNA and nucleotide metabolism	NA	NA	NA	NC_047723.1
NC_047723.1_8	2353	2593	+	1099	DNA, RNA and nucleotide metabolism	NA	NA	NA	NC_047723.1
NC_047723.1_9	2603	2951	+	3522	unknown function	DNA, RNA and nucleotide metabolism	1.5537	0.1839	NC_047723.1
NC_047723.1_10	3160	3499	-	3077	unknown function	DNA, RNA and nucleotide metabolism	1.3566	0.2260	NC_047723.1
NC_047723.1_11	3477	3627	+	No_PHROG	unknown function	DNA, RNA and nucleotide metabolism	1.2532	0.2403	NC_047723.1
NC_047723.1_12	3650	3764	-	No_PHROG	unknown function	DNA, RNA and nucleotide metabolism	1.6390	0.2007	NC_047723.1
NC_047723.1_13	3810	4119	+	2601	unknown function	DNA, RNA and nucleotide metabolism	2.4985	0.1911	NC_047723.1
NC_047723.1_14	4137	4272	-	No_PHROG	unknown function	DNA, RNA and nucleotide metabolism	1.3629	0.1550	NC_047723.1
NC_047723.1_15	4324	4609	+	3164	unknown function	DNA, RNA and nucleotide metabolism	1.7910	0.1892	NC_047723.1
NC_047723.1_16	4683	4875	+	3388	other	NA	NA	NA	NC_047723.1
NC_047723.1_17	4861	4957	+	No_PHROG	unknown function	lysis	1.0587	0.1739	NC_047723.1
NC_047723.1_18	4983	5124	+	No_PHROG	unknown function	DNA, RNA and nucleotide metabolism	2.8815	0.1610	NC_047723.1
NC_047723.1_19	5191	5680	-	59	DNA, RNA and nucleotide metabolism	NA	NA	NA	NC_047723.1
NC_047723.1_20	5847	6006	+	3325	other	NA	NA	NA	NC_047723.1
NC_047723.1_21	6173	6497	+	3276	unknown function	DNA, RNA and nucleotide metabolism	1.3115	0.2520	NC_047723.1
NC_047723.1_22	6596	6833	+	3480	unknown function	DNA, RNA and nucleotide metabolism	2.0668	0.1860	NC_047723.1
NC_047723.1_23	6911	7382	+	2543	unknown function	moron, auxiliary metabolic gene and host takeover	6.0588	0.2152	NC_047723.1
NC_047723.1_24	7440	7614	+	3789	unknown function	DNA, RNA and nucleotide metabolism	1.4640	0.2001	NC_047723.1
NC_047723.1_25	7613	7883	+	3549	unknown function	DNA, RNA and nucleotide metabolism	1.5631	0.2044	NC_047723.1
NC_047723.1_26	7967	8189	+	30315	unknown function	DNA, RNA and nucleotide metabolism	1.0409	0.2012	NC_047723.1
NC_047723.1_27	8262	8364	+	22992	unknown function	moron, auxiliary metabolic gene and host takeover	6.1924	0.2616	NC_047723.1
NC_047723.1_28	8433	8529	-	No_PHROG	unknown function	moron, auxiliary metabolic gene and host takeover	6.0774	0.2489	NC_047723.1
NC_047723.1_29	8512	8749	-	2884	unknown function	moron, auxiliary metabolic gene and host takeover	7.8265	0.3360	NC_047723.1
NC_047723.1_30	8748	9180	-	16296	unknown function	moron, auxiliary metabolic gene and host takeover	8.4611	0.3959	NC_047723.1
NC_047723.1_31	9182	9374	-	4249	unknown function	moron, auxiliary metabolic gene and host takeover	9.7280	0.7928	NC_047723.1
NC_047723.1_32	9370	9856	-	3619	unknown function	moron, auxiliary metabolic gene and host takeover	9.5942	0.7129	NC_047723.1
NC_047723.1_33	9848	10280	-	2349	unknown function	DNA, RNA and nucleotide metabolism	2.1974	0.1815	NC_047723.1
NC_047723.1_34	10293	10836	-	4045	unknown function	DNA, RNA and nucleotide metabolism	6.1535	0.2502	NC_047723.1
NC_047723.1_35	10847	11336	-	1017	unknown function	DNA, RNA and nucleotide metabolism	9.6993	0.7774	NC_047723.1
NC_047723.1_36	11348	11747	-	3857	unknown function	DNA, RNA and nucleotide metabolism	4.5139	0.2094	NC_047723.1
NC_047723.1_37	11743	12451	-	246	other	NA	NA	NA	NC_047723.1
NC_047723.1_38	12550	13105	-	2981	unknown function	DNA, RNA and nucleotide metabolism	1.6050	0.1957	NC_047723.1
NC_047723.1_39	13120	13438	-	4178	tail	NA	NA	NA	NC_047723.1
NC_047723.1_40	13506	13620	+	No_PHROG	unknown function	DNA, RNA and nucleotide metabolism	1.2203	0.1577	NC_047723.1
NC_047723.1_41	13628	13805	+	No_PHROG	unknown function	DNA, RNA and nucleotide metabolism	1.5644	0.1646	NC_047723.1
NC_047723.1_42	13801	13930	-	No_PHROG	unknown function	DNA, RNA and nucleotide metabolism	1.6161	0.1537	NC_047723.1
NC_047723.1_43	14007	14208	-	27748	unknown function	DNA, RNA and nucleotide metabolism	1.3507	0.1852	NC_047723.1
NC_047723.1_44	14207	14309	-	No_PHROG	unknown function	DNA, RNA and nucleotide metabolism	2.4710	0.1614	NC_047723.1
NC_047723.1_45	14423	14972	-	2948	unknown function	moron, auxiliary metabolic gene and host takeover	7.6900	0.3021	NC_047723.1
NC_047723.1_46	14975	15194	-	3686	unknown function	moron, auxiliary metabolic gene and host takeover	7.5970	0.2939	NC_047723.1
NC_047723.1_47	15194	15389	-	3950	unknown function	DNA, RNA and nucleotide metabolism	1.7728	0.2139	NC_047723.1
NC_047723.1_48	15378	16116	-	3464	DNA, RNA and nucleotide metabolism	NA	NA	NA	NC_047723.1
NC_047723.1_49	16178	16283	-	5230	unknown function	moron, auxiliary metabolic gene and host takeover	8.6258	0.4222	NC_047723.1
NC_047723.1_50	16294	16534	-	3697	unknown function	moron, auxiliary metabolic gene and host takeover	7.2153	0.2649	NC_047723.1
NC_047723.1_51	16535	16925	-	28554	other	NA	NA	NA	NC_047723.1
NC_047723.1_52	17023	17197	-	3504	other	NA	NA	NA	NC_047723.1
NC_047723.1_53	17237	17720	-	3319	unknown function	DNA, RNA and nucleotide metabolism	1.5590	0.2053	NC_047723.1
NC_047723.1_54	17769	18312	-	3635	unknown function	DNA, RNA and nucleotide metabolism	1.4328	0.1869	NC_047723.1
NC_047723.1_55	18311	18845	-	3702	unknown function	DNA, RNA and nucleotide metabolism	1.1511	0.2123	NC_047723.1
NC_047723.1_56	18847	19012	-	152	transcription regulation	NA	NA	NA	NC_047723.1
NC_047723.1_57	19014	19293	-	3751	moron, auxiliary metabolic gene and host takeover	NA	NA	NA	NC_047723.1
NC_047723.1_58	19292	20138	-	1909	head and packaging	NA	NA	NA	NC_047723.1
NC_047723.1_59	20149	21268	-	249	moron, auxiliary metabolic gene and host takeover	NA	NA	NA	NC_047723.1
NC_047723.1_60	21291	21393	-	No_PHROG	unknown function	DNA, RNA and nucleotide metabolism	2.0871	0.1649	NC_047723.1
NC_047723.1_61	21420	21747	-	2861	unknown function	DNA, RNA and nucleotide metabolism	1.2173	0.1890	NC_047723.1
NC_047723.1_62	21739	22156	-	2708	other	NA	NA	NA	NC_047723.1
NC_047723.1_63	22288	22591	-	715	other	NA	NA	NA	NC_047723.1
NC_047723.1_64	22590	22779	-	3048	unknown function	DNA, RNA and nucleotide metabolism	1.4893	0.2118	NC_047723.1
NC_047723.1_65	22822	22984	-	2966	unknown function	DNA, RNA and nucleotide metabolism	1.0325	0.2116	NC_047723.1
NC_047723.1_66	22983	25032	-	3200	unknown function	integration and excision	1.0958	0.2012	NC_047723.1
NC_047723.1_67	25109	25373	-	2811	head and packaging	NA	NA	NA	NC_047723.1
NC_047723.1_68	25389	25563	-	1274	lysis	NA	NA	NA	NC_047723.1
NC_047723.1_69	25569	26148	-	2642	unknown function	lysis	2.0669	0.3663	NC_047723.1
NC_047723.1_70	26140	26767	-	1817	DNA, RNA and nucleotide metabolism	NA	NA	NA	NC_047723.1
NC_047723.1_71	26759	27656	-	548	DNA, RNA and nucleotide metabolism	NA	NA	NA	NC_047723.1
NC_047723.1_72	27655	27880	-	3093	unknown function	lysis	3.2479	0.2342	NC_047723.1
NC_047723.1_73	27948	28689	-	170	other	NA	NA	NA	NC_047723.1
NC_047723.1_74	28740	29355	-	2995	unknown function	DNA, RNA and nucleotide metabolism	2.1285	0.2286	NC_047723.1
NC_047723.1_75	29370	29796	-	531	DNA, RNA and nucleotide metabolism	NA	NA	NA	NC_047723.1
NC_047723.1_76	29785	29977	-	2706	unknown function	moron, auxiliary metabolic gene and host takeover	8.2586	0.3740	NC_047723.1
NC_047723.1_77	29999	30641	-	2896	unknown function	integration and excision	1.0100	0.1875	NC_047723.1
NC_047723.1_78	30630	30861	-	3	transcription regulation	NA	NA	NA	NC_047723.1
NC_047723.1_79	30863	31091	-	2770	unknown function	lysis	1.1884	0.2262	NC_047723.1
NC_047723.1_80	31200	31893	-	3310	other	NA	NA	NA	NC_047723.1
NC_047723.1_81	32079	32715	-	374	DNA, RNA and nucleotide metabolism	NA	NA	NA	NC_047723.1
NC_047723.1_82	32781	33573	-	200	other	NA	NA	NA	NC_047723.1
NC_047723.1_83	33572	33881	-	3667	unknown function	lysis	1.1813	0.2501	NC_047723.1
NC_047723.1_84	33993	34623	-	833	lysis	NA	NA	NA	NC_047723.1
NC_047723.1_85	34858	34948	-	No_PHROG	unknown function	DNA, RNA and nucleotide metabolism	1.2816	0.1738	NC_047723.1
NC_047723.1_86	34893	35394	-	59	DNA, RNA and nucleotide metabolism	NA	NA	NA	NC_047723.1
NC_047723.1_87	35486	35588	+	No_PHROG	unknown function	lysis	3.3226	0.1853	NC_047723.1
NC_047723.1_88	35553	36357	-	635	lysis	NA	NA	NA	NC_047723.1
NC_047723.1_89	36356	36860	-	962	lysis	NA	NA	NA	NC_047723.1
NC_047723.1_90	36944	37130	-	987	unknown function	DNA, RNA and nucleotide metabolism	3.7172	0.1961	NC_047723.1
NC_047723.1_91	37192	37321	+	No_PHROG	unknown function	moron, auxiliary metabolic gene and host takeover	6.6569	0.2303	NC_047723.1
NC_047723.1_92	37531	37636	+	No_PHROG	unknown function	moron, auxiliary metabolic gene and host takeover	8.8358	0.4648	NC_047723.1
NC_047723.1_93	37805	37928	-	No_PHROG	unknown function	moron, auxiliary metabolic gene and host takeover	9.0028	0.5032	NC_047723.1
NC_047723.1_94	38318	38426	+	No_PHROG	unknown function	moron, auxiliary metabolic gene and host takeover	9.4114	0.6321	NC_047723.1
NC_047723.1_95	38426	38597	+	No_PHROG	unknown function	moron, auxiliary metabolic gene and host takeover	9.4793	0.6658	NC_047723.1
NC_047723.1_96	38676	38895	-	1257	moron, auxiliary metabolic gene and host takeover	NA	NA	NA	NC_047723.1
NC_047723.1_97	39008	39149	-	No_PHROG	unknown function	moron, auxiliary metabolic gene and host takeover	9.8784	0.9026	NC_047723.1
NC_047723.1_98	39372	39582	-	17190	head and packaging	NA	NA	NA	NC_047723.1
NC_047723.1_99	39594	39927	-	937	other	NA	NA	NA	NC_047723.1
NC_047723.1_100	39939	40266	-	1481	unknown function	head and packaging	2.5810	0.3331	NC_047723.1
NC_047723.1_101	40298	40565	-	4526	unknown function	moron, auxiliary metabolic gene and host takeover	9.8662	0.8962	NC_047723.1
NC_047723.1_102	40659	40752	-	No_PHROG	unknown function	head and packaging	1.8298	0.3767	NC_047723.1
NC_047723.1_103	40825	41092	+	3395	moron, auxiliary metabolic gene and host takeover	NA	NA	NA	NC_047723.1
NC_047723.1_104	41069	41348	+	1321	unknown function	head and packaging	6.0246	0.2789	NC_047723.1
NC_047723.1_105	41428	41755	+	1063	head and packaging	NA	NA	NA	NC_047723.1
NC_047723.1_106	41769	43587	+	675	head and packaging	NA	NA	NA	NC_047723.1
NC_047723.1_107	43579	44401	+	1917	head and packaging	NA	NA	NA	NC_047723.1
NC_047723.1_108	44471	44561	+	3863	unknown function	head and packaging	6.2421	0.2417	NC_047723.1
NC_047723.1_109	44557	45037	+	1116	moron, auxiliary metabolic gene and host takeover	NA	NA	NA	NC_047723.1
NC_047723.1_110	45129	46272	+	3094	unknown function	head and packaging	2.8829	0.2263	NC_047723.1
NC_047723.1_111	46356	46698	+	3937	unknown function	head and packaging	1.2895	0.2872	NC_047723.1
NC_047723.1_112	46775	47087	+	1108	head and packaging	NA	NA	NA	NC_047723.1
NC_047723.1_113	47090	48782	+	12	head and packaging	NA	NA	NA	NC_047723.1
NC_047723.1_114	49008	49749	+	1028	head and packaging	NA	NA	NA	NC_047723.1
NC_047723.1_115	49767	50718	+	1133	unknown function	head and packaging	9.2447	0.5722	NC_047723.1
NC_047723.1_116	50833	52225	+	752	head and packaging	NA	NA	NA	NC_047723.1
NC_047723.1_117	52316	52613	+	1205	unknown function	head and packaging	8.3416	0.3763	NC_047723.1
NC_047723.1_118	52625	53534	+	772	tail	NA	NA	NA	NC_047723.1
NC_047723.1_119	53547	54426	+	1004	head and packaging	NA	NA	NA	NC_047723.1
NC_047723.1_120	54425	55046	+	1127	connector	NA	NA	NA	NC_047723.1
NC_047723.1_121	55064	55901	+	1000	tail	NA	NA	NA	NC_047723.1
NC_047723.1_122	55902	56118	+	1151	unknown function	head and packaging	8.2019	0.4548	NC_047723.1
NC_047723.1_123	56144	57908	+	279	tail	NA	NA	NA	NC_047723.1
NC_047723.1_124	57980	58337	+	985	head and packaging	NA	NA	NA	NC_047723.1
NC_047723.1_125	58321	58426	-	No_PHROG	unknown function	head and packaging	7.6258	0.3454	NC_047723.1
NC_047723.1_126	59029	60472	+	7140	DNA, RNA and nucleotide metabolism	NA	NA	NA	NC_047723.1
NC_047723.1_127	60518	60659	+	2701	unknown function	head and packaging	4.3381	0.3219	NC_047723.1
NC_047723.1_128	60701	61160	+	1905	unknown function	head and packaging	2.4100	0.3100	NC_047723.1
NC_047723.1_129	61172	61367	+	4320	moron, auxiliary metabolic gene and host takeover	NA	NA	NA	NC_047723.1
NC_047723.1_130	61448	61760	+	2754	head and packaging	NA	NA	NA	NC_047723.1
NC_047723.1_131	61891	62350	+	1038	tail	NA	NA	NA	NC_047723.1
NC_047723.1_132	62393	62930	+	1316	DNA, RNA and nucleotide metabolism	NA	NA	NA	NC_047723.1
NC_047723.1_133	62985	67041	+	1047	tail	NA	NA	NA	NC_047723.1
NC_047723.1_134	67119	69546	+	1015	tail	NA	NA	NA	NC_047723.1
NC_047723.1_135	69559	70447	+	2677	tail	NA	NA	NA	NC_047723.1
NC_047723.1_136	70446	72993	+	2204	other	NA	NA	NA	NC_047723.1
NC_047723.1_137	73098	73890	+	1011	head and packaging	NA	NA	NA	NC_047723.1
NC_047723.1_138	73889	74414	+	1073	unknown function	connector	1.2575	0.2452	NC_047723.1
NC_047723.1_139	74413	75118	+	975	tail	NA	NA	NA	NC_047723.1
NC_047723.1_140	75132	76179	+	6	tail	NA	NA	NA	NC_047723.1
NC_047723.1_141	76199	79259	+	2386	head and packaging	NA	NA	NA	NC_047723.1
NC_047723.1_142	79369	79891	+	1394	head and packaging	NA	NA	NA	NC_047723.1
NC_047723.1_143	79911	83370	+	25864	tail	NA	NA	NA	NC_047723.1
NC_047723.1_144	83418	83577	+	1074	unknown function	head and packaging	2.3575	0.2504	NC_047723.1
NC_047723.1_145	83577	85500	+	2665	head and packaging	NA	NA	NA	NC_047723.1
NC_047723.1_146	85522	85897	+	2671	tail	NA	NA	NA	NC_047723.1
NC_047723.1_147	85903	87280	+	2691	tail	NA	NA	NA	NC_047723.1
NC_047723.1_148	87370	89119	+	16	DNA, RNA and nucleotide metabolism	NA	NA	NA	NC_047723.1
NC_047723.1_149	89130	90744	+	1098	DNA, RNA and nucleotide metabolism	NA	NA	NA	NC_047723.1
NC_047723.1_150	90736	92179	+	19	DNA, RNA and nucleotide metabolism	NA	NA	NA	NC_047723.1
NC_047723.1_151	92257	93295	+	100	DNA, RNA and nucleotide metabolism	NA	NA	NA	NC_047723.1
NC_047723.1_152	93294	93672	+	2773	unknown function	moron, auxiliary metabolic gene and host takeover	8.5646	0.4120	NC_047723.1
NC_047723.1_153	93671	95591	+	77	DNA, RNA and nucleotide metabolism	NA	NA	NA	NC_047723.1
NC_047723.1_154	95590	96187	+	1070	moron, auxiliary metabolic gene and host takeover	NA	NA	NA	NC_047723.1
NC_047723.1_155	96201	97269	+	47	DNA, RNA and nucleotide metabolism	NA	NA	NA	NC_047723.1
NC_047723.1_156	97334	97673	+	1291	unknown function	moron, auxiliary metabolic gene and host takeover	7.8940	0.3345	NC_047723.1
NC_047723.1_157	97672	98125	+	1095	head and packaging	NA	NA	NA	NC_047723.1
NC_047723.1_158	98111	98720	+	244	DNA, RNA and nucleotide metabolism	NA	NA	NA	NC_047723.1
NC_047723.1_159	98736	99129	+	883	moron, auxiliary metabolic gene and host takeover	NA	NA	NA	NC_047723.1
NC_047723.1_160	99143	101258	+	84	DNA, RNA and nucleotide metabolism	NA	NA	NA	NC_047723.1
NC_047723.1_161	101271	102321	+	86	DNA, RNA and nucleotide metabolism	NA	NA	NA	NC_047723.1
NC_047723.1_162	102338	102668	+	2797	unknown function	moron, auxiliary metabolic gene and host takeover	7.0903	0.2791	NC_047723.1
NC_047723.1_163	102651	102972	+	22	DNA, RNA and nucleotide metabolism	NA	NA	NA	NC_047723.1
NC_047723.1_164	103000	103108	-	No_PHROG	unknown function	moron, auxiliary metabolic gene and host takeover	9.7477	0.8126	NC_047723.1
NC_047723.1_165	103178	103775	+	15477	other	NA	NA	NA	NC_047723.1
NC_047723.1_166	103784	104090	+	379	DNA, RNA and nucleotide metabolism	NA	NA	NA	NC_047723.1
NC_047723.1_167	104165	105038	+	4008	DNA, RNA and nucleotide metabolism	NA	NA	NA	NC_047723.1
NC_047723.1_168	105203	105716	+	2340	DNA, RNA and nucleotide metabolism	NA	NA	NA	NC_047723.1
NC_047723.1_169	105851	107195	+	17	DNA, RNA and nucleotide metabolism	NA	NA	NA	NC_047723.1
NC_047723.1_170	107260	107356	+	No_PHROG	unknown function	DNA, RNA and nucleotide metabolism	1.9271	0.2335	NC_047723.1
NC_047723.1_171	107462	108170	+	59	DNA, RNA and nucleotide metabolism	NA	NA	NA	NC_047723.1
NC_047723.1_172	108230	108335	-	No_PHROG	unknown function	DNA, RNA and nucleotide metabolism	2.0339	0.2077	NC_047723.1
NC_047723.1_173	108403	109264	+	2573	DNA, RNA and nucleotide metabolism	NA	NA	NA	NC_047723.1
NC_047723.1_174	109332	109575	+	3621	unknown function	head and packaging	1.3102	0.1798	NC_047723.1
NC_047723.1_175	109591	110074	+	1069	DNA, RNA and nucleotide metabolism	NA	NA	NA	NC_047723.1
NC_047723.1_176	110160	111432	+	2672	DNA, RNA and nucleotide metabolism	NA	NA	NA	NC_047723.1
NC_047723.1_177	111491	112748	+	97	other	NA	NA	NA	NC_047723.1
NC_047723.1_178	112751	113105	+	1089	unknown function	DNA, RNA and nucleotide metabolism	1.2331	0.2198	NC_047723.1
NC_047723.1_179	113091	113754	+	1025	transcription regulation	NA	NA	NA	NC_047723.1
NC_047723.1_180	113759	113858	+	No_PHROG	unknown function	moron, auxiliary metabolic gene and host takeover	4.5834	0.2218	NC_047723.1
NC_047723.1_181	113881	114514	+	1240	other	NA	NA	NA	NC_047723.1
NC_047723.1_182	114527	115049	+	341	tail	NA	NA	NA	NC_047723.1
NC_047723.1_183	115063	115291	+	1696	tail	NA	NA	NA	NC_047723.1
NC_047723.1_184	115385	115646	+	2673	unknown function	head and packaging	2.8512	0.1933	NC_047723.1
NC_047723.1_185	115649	116405	+	1850	other	NA	NA	NA	NC_047723.1
NC_047723.1_186	116397	117648	+	284	DNA, RNA and nucleotide metabolism	NA	NA	NA	NC_047723.1
NC_047723.1_187	117661	118030	+	2892	unknown function	moron, auxiliary metabolic gene and host takeover	7.8037	0.3448	NC_047723.1
NC_047723.1_188	118016	118328	+	3644	unknown function	head and packaging	1.3196	0.2056	NC_047723.1
NC_047723.1_189	118391	118928	+	1080	unknown function	head and packaging	2.6616	0.2027	NC_047723.1
NC_047723.1_190	118920	119688	+	984	DNA, RNA and nucleotide metabolism	NA	NA	NA	NC_047723.1
NC_047723.1_191	119665	120112	+	2356	unknown function	head and packaging	3.2102	0.1856	NC_047723.1
NC_047723.1_192	120111	120975	+	1113	head and packaging	NA	NA	NA	NC_047723.1
NC_047723.1_193	121346	122078	+	1007	unknown function	head and packaging	6.0832	0.2759	NC_047723.1
NC_047723.1_194	122095	122554	+	1104	head and packaging	NA	NA	NA	NC_047723.1
NC_047723.1_195	122618	123062	+	1303	DNA, RNA and nucleotide metabolism	NA	NA	NA	NC_047723.1
NC_047723.1_196	123078	123783	+	2726	unknown function	head and packaging	1.5032	0.1691	NC_047723.1
NC_047723.1_197	123844	124243	+	2863	moron, auxiliary metabolic gene and host takeover	NA	NA	NA	NC_047723.1
NC_047723.1_198	124389	124632	+	3157	unknown function	head and packaging	1.3357	0.1774	NC_047723.1
NC_047723.1_199	124636	124801	+	6754	unknown function	moron, auxiliary metabolic gene and host takeover	5.7680	0.2031	NC_047723.1
NC_047723.1_200	124787	124967	+	7869	unknown function	head and packaging	1.1413	0.1862	NC_047723.1
NC_047723.1_201	125002	125179	+	3664	DNA, RNA and nucleotide metabolism	NA	NA	NA	NC_047723.1
NC_047723.1_202	125168	125702	+	3854	moron, auxiliary metabolic gene and host takeover	NA	NA	NA	NC_047723.1
NC_047723.1_203	125716	125965	+	4009	unknown function	moron, auxiliary metabolic gene and host takeover	9.5685	0.6998	NC_047723.1
NC_047723.1_204	125976	126153	+	3524	unknown function	moron, auxiliary metabolic gene and host takeover	6.6834	0.2712	NC_047723.1
NC_047723.1_205	126145	126442	+	3128	unknown function	moron, auxiliary metabolic gene and host takeover	6.8816	0.2428	NC_047723.1
NC_047723.1_206	126480	126672	+	3640	moron, auxiliary metabolic gene and host takeover	NA	NA	NA	NC_047723.1
NC_047723.1_207	126684	127053	+	3669	unknown function	moron, auxiliary metabolic gene and host takeover	8.0386	0.3606	NC_047723.1
NC_047723.1_208	127065	127413	+	2988	unknown function	moron, auxiliary metabolic gene and host takeover	6.6649	0.2465	NC_047723.1
NC_047723.1_209	127412	127691	+	3804	unknown function	moron, auxiliary metabolic gene and host takeover	9.6961	0.7703	NC_047723.1
NC_047723.1_210	127760	128066	+	3143	unknown function	moron, auxiliary metabolic gene and host takeover	6.3905	0.2305	NC_047723.1
NC_047723.1_211	128080	128431	+	3752	DNA, RNA and nucleotide metabolism	NA	NA	NA	NC_047723.1
NC_047723.1_212	128430	129576	+	15800	other	NA	NA	NA	NC_047723.1
NC_047723.1_213	129654	129900	+	4028	unknown function	moron, auxiliary metabolic gene and host takeover	6.4795	0.3562	NC_047723.1
NC_047723.1_214	129919	130312	+	3847	unknown function	moron, auxiliary metabolic gene and host takeover	6.5389	0.2466	NC_047723.1
NC_047723.1_215	130313	130535	+	4340	unknown function	moron, auxiliary metabolic gene and host takeover	6.5947	0.3533	NC_047723.1
NC_047723.1_216	130600	130912	+	6716	other	NA	NA	NA	NC_047723.1
NC_047723.1_217	130914	131424	+	4855	lysis	NA	NA	NA	NC_047723.1
NC_047723.1_218	131425	131755	+	4637	unknown function	moron, auxiliary metabolic gene and host takeover	3.9860	0.1743	NC_047723.1
NC_047723.1_219	131760	131955	+	4983	unknown function	moron, auxiliary metabolic gene and host takeover	4.3720	0.2151	NC_047723.1
NC_047723.1_220	131978	132293	+	5741	unknown function	moron, auxiliary metabolic gene and host takeover	4.1896	0.2161	NC_047723.1
NC_047723.1_221	132307	132475	+	5729	unknown function	moron, auxiliary metabolic gene and host takeover	5.6622	0.2367	NC_047723.1
NC_047723.1_222	132511	132613	+	7862	unknown function	moron, auxiliary metabolic gene and host takeover	9.5540	0.6974	NC_047723.1
NC_047723.1_223	132587	132695	-	No_PHROG	unknown function	moron, auxiliary metabolic gene and host takeover	6.9728	0.2574	NC_047723.1
NC_047723.1_224	132796	132892	-	No_PHROG	unknown function	moron, auxiliary metabolic gene and host takeover	1.7980	0.2286	NC_047723.1
NC_047723.1_225	132985	133093	+	No_PHROG	unknown function	moron, auxiliary metabolic gene and host takeover	7.0185	0.2676	NC_047723.1
NC_047723.1_226	133197	133497	+	654	unknown function	moron, auxiliary metabolic gene and host takeover	4.9904	0.2382	NC_047723.1
NC_047723.1_227	133512	133698	+	3204	unknown function	moron, auxiliary metabolic gene and host takeover	8.7990	0.4546	NC_047723.1
NC_047723.1_228	133804	134092	+	654	unknown function	DNA, RNA and nucleotide metabolism	1.2770	0.2264	NC_047723.1
NC_047723.1_229	134091	134418	+	654	unknown function	moron, auxiliary metabolic gene and host takeover	5.3886	0.3097	NC_047723.1
NC_047723.1_230	134433	134727	+	654	unknown function	DNA, RNA and nucleotide metabolism	1.0306	0.2335	NC_047723.1
NC_047723.1_231	134730	134988	+	1099	DNA, RNA and nucleotide metabolism	NA	NA	NA	NC_047723.1
NC_047723.1_232	135065	135305	+	1099	DNA, RNA and nucleotide metabolism	NA	NA	NA	NC_047723.1
NC_047723.1_233	135315	135663	+	3522	unknown function	integration and excision	1.2141	0.2007	NC_047723.1
NC_047723.1_234	135872	136211	-	3077	unknown function	DNA, RNA and nucleotide metabolism	1.0880	0.2057	NC_047723.1
NC_047723.1_235	136189	136339	+	No_PHROG	unknown function	DNA, RNA and nucleotide metabolism	1.0252	0.2374	NC_047723.1
NC_047723.1_236	136362	136476	-	No_PHROG	unknown function	DNA, RNA and nucleotide metabolism	1.2057	0.2057	NC_047723.1
NC_047723.1_237	136522	136831	+	2601	unknown function	integration and excision	1.2657	0.1677	NC_047723.1
NC_047723.1_238	136849	136984	-	No_PHROG	unknown function	moron, auxiliary metabolic gene and host takeover	1.4703	0.1666	NC_047723.1
NC_047723.1_239	137036	137321	+	3164	unknown function	integration and excision	1.2136	0.1690	NC_047723.1
NC_047723.1_240	137395	137587	+	3388	other	NA	NA	NA	NC_047723.1
NC_047723.1_241	137573	137669	+	No_PHROG	unknown function	moron, auxiliary metabolic gene and host takeover	4.8257	0.2300	NC_047723.1
NC_047723.1_242	137695	137836	+	No_PHROG	unknown function	DNA, RNA and nucleotide metabolism	1.4983	0.1733	NC_047723.1
NC_047723.1_243	137903	138392	-	59	DNA, RNA and nucleotide metabolism	NA	NA	NA	NC_047723.1
NC_047723.1_244	138559	138718	+	3325	other	NA	NA	NA	NC_047723.1
NC_047723.1_245	138885	139209	+	3276	unknown function	DNA, RNA and nucleotide metabolism	1.0579	0.2460	NC_047723.1
NC_047723.1_246	139308	139545	+	3480	unknown function	integration and excision	1.1476	0.1930	NC_047723.1
NC_047723.1_247	139623	140094	+	2543	unknown function	DNA, RNA and nucleotide metabolism	1.1131	0.1943	NC_047723.1
NC_047723.1_248	140152	140326	+	3789	unknown function	DNA, RNA and nucleotide metabolism	1.3941	0.1703	NC_047723.1
NC_047723.1_249	140325	140595	+	3549	unknown function	DNA, RNA and nucleotide metabolism	1.5183	0.1737	NC_047723.1
NC_047723.1_250	140679	140901	+	30315	unknown function	moron, auxiliary metabolic gene and host takeover	2.0137	0.1739	NC_047723.1
NC_047723.1_251	140892	140985	-	No_PHROG	unknown function	lysis	1.1129	0.1641	NC_047723.1
NC_047724.1_0	84	180	-	No_PHROG	unknown function	head and packaging	1.1173	0.1607	NC_047724.1
NC_047724.1_1	273	381	+	No_PHROG	unknown function	DNA, RNA and nucleotide metabolism	1.2574	0.1780	NC_047724.1
NC_047724.1_2	485	785	+	654	unknown function	DNA, RNA and nucleotide metabolism	3.5552	0.2014	NC_047724.1
NC_047724.1_3	800	986	+	3204	unknown function	moron, auxiliary metabolic gene and host takeover	7.9347	0.3410	NC_047724.1
NC_047724.1_4	1092	1380	+	654	unknown function	integration and excision	1.4013	0.1968	NC_047724.1
NC_047724.1_5	1379	1706	+	654	unknown function	DNA, RNA and nucleotide metabolism	1.2272	0.2404	NC_047724.1
NC_047724.1_6	1721	2015	+	654	unknown function	DNA, RNA and nucleotide metabolism	1.9484	0.2054	NC_047724.1
NC_047724.1_7	2018	2276	+	1099	DNA, RNA and nucleotide metabolism	NA	NA	NA	NC_047724.1
NC_047724.1_8	2353	2593	+	1099	DNA, RNA and nucleotide metabolism	NA	NA	NA	NC_047724.1
NC_047724.1_9	2603	2951	+	3522	unknown function	integration and excision	1.0269	0.1885	NC_047724.1
NC_047724.1_10	3156	3495	-	3077	unknown function	DNA, RNA and nucleotide metabolism	1.2783	0.2296	NC_047724.1
NC_047724.1_11	3473	3632	+	No_PHROG	unknown function	moron, auxiliary metabolic gene and host takeover	5.3195	0.2972	NC_047724.1
NC_047724.1_12	3645	3759	-	No_PHROG	unknown function	DNA, RNA and nucleotide metabolism	1.3385	0.2031	NC_047724.1
NC_047724.1_13	3805	4114	+	2601	unknown function	DNA, RNA and nucleotide metabolism	2.6575	0.1900	NC_047724.1
NC_047724.1_14	4132	4330	-	No_PHROG	unknown function	DNA, RNA and nucleotide metabolism	2.4633	0.2114	NC_047724.1
NC_047724.1_15	4319	4607	+	3164	unknown function	DNA, RNA and nucleotide metabolism	2.3101	0.2078	NC_047724.1
NC_047724.1_16	4656	4848	+	3388	other	NA	NA	NA	NC_047724.1
NC_047724.1_17	4834	4930	+	No_PHROG	unknown function	DNA, RNA and nucleotide metabolism	1.0471	0.1779	NC_047724.1
NC_047724.1_18	4956	5097	+	No_PHROG	unknown function	DNA, RNA and nucleotide metabolism	2.7555	0.1640	NC_047724.1
NC_047724.1_19	5164	5653	-	59	DNA, RNA and nucleotide metabolism	NA	NA	NA	NC_047724.1
NC_047724.1_20	5811	5979	+	3325	other	NA	NA	NA	NC_047724.1
NC_047724.1_21	6048	6180	+	3837	unknown function	DNA, RNA and nucleotide metabolism	2.4337	0.1749	NC_047724.1
NC_047724.1_22	6198	6324	-	No_PHROG	unknown function	DNA, RNA and nucleotide metabolism	1.4633	0.1982	NC_047724.1
NC_047724.1_23	6345	6669	+	3276	unknown function	DNA, RNA and nucleotide metabolism	1.3436	0.2254	NC_047724.1
NC_047724.1_24	6768	7005	+	3480	unknown function	integration and excision	1.0866	0.1752	NC_047724.1
NC_047724.1_25	7083	7554	+	2543	unknown function	DNA, RNA and nucleotide metabolism	1.1787	0.2026	NC_047724.1
NC_047724.1_26	7612	7786	+	3789	unknown function	DNA, RNA and nucleotide metabolism	1.6265	0.1836	NC_047724.1
NC_047724.1_27	7785	8055	+	3549	unknown function	head and packaging	1.0091	0.1715	NC_047724.1
NC_047724.1_28	8139	8319	+	4863	DNA, RNA and nucleotide metabolism	NA	NA	NA	NC_047724.1
NC_047724.1_29	8403	8505	+	22992	unknown function	moron, auxiliary metabolic gene and host takeover	5.4404	0.2269	NC_047724.1
NC_047724.1_30	8546	8669	-	No_PHROG	unknown function	DNA, RNA and nucleotide metabolism	1.1822	0.1881	NC_047724.1
NC_047724.1_31	8652	8889	-	2884	unknown function	moron, auxiliary metabolic gene and host takeover	7.7769	0.3336	NC_047724.1
NC_047724.1_32	8890	9376	-	7534	unknown function	DNA, RNA and nucleotide metabolism	1.3297	0.2599	NC_047724.1
NC_047724.1_33	9388	9796	-	5770	unknown function	moron, auxiliary metabolic gene and host takeover	9.0712	0.5203	NC_047724.1
NC_047724.1_34	9795	10227	-	4355	unknown function	moron, auxiliary metabolic gene and host takeover	8.7548	0.4467	NC_047724.1
NC_047724.1_35	10229	10421	-	4249	unknown function	moron, auxiliary metabolic gene and host takeover	9.6269	0.7343	NC_047724.1
NC_047724.1_36	10417	10903	-	3619	unknown function	moron, auxiliary metabolic gene and host takeover	9.3235	0.5976	NC_047724.1
NC_047724.1_37	10895	11327	-	2349	unknown function	DNA, RNA and nucleotide metabolism	2.4405	0.1802	NC_047724.1
NC_047724.1_38	11340	11883	-	4045	unknown function	DNA, RNA and nucleotide metabolism	6.5596	0.2617	NC_047724.1
NC_047724.1_39	11894	12383	-	1017	unknown function	DNA, RNA and nucleotide metabolism	9.6195	0.7306	NC_047724.1
NC_047724.1_40	12395	12794	-	3857	unknown function	DNA, RNA and nucleotide metabolism	4.6570	0.1996	NC_047724.1
NC_047724.1_41	12790	13498	-	246	other	NA	NA	NA	NC_047724.1
NC_047724.1_42	13597	14152	-	2981	unknown function	DNA, RNA and nucleotide metabolism	1.6007	0.1828	NC_047724.1
NC_047724.1_43	14167	14485	-	4178	tail	NA	NA	NA	NC_047724.1
NC_047724.1_44	14553	14667	+	No_PHROG	unknown function	DNA, RNA and nucleotide metabolism	1.1122	0.1636	NC_047724.1
NC_047724.1_45	14675	14852	+	No_PHROG	unknown function	DNA, RNA and nucleotide metabolism	1.4080	0.1640	NC_047724.1
NC_047724.1_46	14848	14977	-	No_PHROG	unknown function	DNA, RNA and nucleotide metabolism	1.5100	0.1524	NC_047724.1
NC_047724.1_47	15054	15255	-	27748	unknown function	DNA, RNA and nucleotide metabolism	1.2621	0.1813	NC_047724.1
NC_047724.1_48	15254	15356	-	No_PHROG	unknown function	DNA, RNA and nucleotide metabolism	2.1823	0.1584	NC_047724.1
NC_047724.1_49	15470	16019	-	2948	unknown function	moron, auxiliary metabolic gene and host takeover	8.2163	0.3592	NC_047724.1
NC_047724.1_50	16022	16241	-	3686	unknown function	moron, auxiliary metabolic gene and host takeover	7.4778	0.2839	NC_047724.1
NC_047724.1_51	16241	16436	-	3950	unknown function	DNA, RNA and nucleotide metabolism	1.5694	0.2061	NC_047724.1
NC_047724.1_52	16425	17163	-	3464	DNA, RNA and nucleotide metabolism	NA	NA	NA	NC_047724.1
NC_047724.1_53	17225	17330	-	5230	unknown function	moron, auxiliary metabolic gene and host takeover	7.7801	0.3112	NC_047724.1
NC_047724.1_54	17341	17581	-	3697	unknown function	moron, auxiliary metabolic gene and host takeover	5.6770	0.2181	NC_047724.1
NC_047724.1_55	17582	17972	-	28554	other	NA	NA	NA	NC_047724.1
NC_047724.1_56	18070	18244	-	3504	other	NA	NA	NA	NC_047724.1
NC_047724.1_57	18284	18767	-	3319	unknown function	DNA, RNA and nucleotide metabolism	1.4459	0.2048	NC_047724.1
NC_047724.1_58	18816	19359	-	3635	unknown function	DNA, RNA and nucleotide metabolism	1.3463	0.1842	NC_047724.1
NC_047724.1_59	19358	19892	-	3702	unknown function	DNA, RNA and nucleotide metabolism	1.0247	0.2150	NC_047724.1
NC_047724.1_60	19894	20059	-	152	transcription regulation	NA	NA	NA	NC_047724.1
NC_047724.1_61	20061	20340	-	3751	moron, auxiliary metabolic gene and host takeover	NA	NA	NA	NC_047724.1
NC_047724.1_62	20339	21185	-	1909	head and packaging	NA	NA	NA	NC_047724.1
NC_047724.1_63	21196	22315	-	249	moron, auxiliary metabolic gene and host takeover	NA	NA	NA	NC_047724.1
NC_047724.1_64	22338	22440	-	No_PHROG	unknown function	DNA, RNA and nucleotide metabolism	2.0179	0.1620	NC_047724.1
NC_047724.1_65	22467	22794	-	2861	unknown function	DNA, RNA and nucleotide metabolism	1.1132	0.1919	NC_047724.1
NC_047724.1_66	22786	23203	-	2708	other	NA	NA	NA	NC_047724.1
NC_047724.1_67	23335	23638	-	715	other	NA	NA	NA	NC_047724.1
NC_047724.1_68	23637	23826	-	3048	unknown function	DNA, RNA and nucleotide metabolism	1.3921	0.2058	NC_047724.1
NC_047724.1_69	23869	24031	-	2966	unknown function	DNA, RNA and nucleotide metabolism	1.1265	0.2021	NC_047724.1
NC_047724.1_70	24030	26079	-	3200	unknown function	DNA, RNA and nucleotide metabolism	2.9528	0.1969	NC_047724.1
NC_047724.1_71	26156	26420	-	2811	head and packaging	NA	NA	NA	NC_047724.1
NC_047724.1_72	26436	26610	-	1274	lysis	NA	NA	NA	NC_047724.1
NC_047724.1_73	26616	27195	-	2642	unknown function	lysis	3.0229	0.3638	NC_047724.1
NC_047724.1_74	27187	27814	-	1817	DNA, RNA and nucleotide metabolism	NA	NA	NA	NC_047724.1
NC_047724.1_75	27806	28703	-	548	DNA, RNA and nucleotide metabolism	NA	NA	NA	NC_047724.1
NC_047724.1_76	28702	28927	-	3093	unknown function	lysis	4.5056	0.2393	NC_047724.1
NC_047724.1_77	28995	29736	-	170	other	NA	NA	NA	NC_047724.1
NC_047724.1_78	29787	30402	-	2995	unknown function	DNA, RNA and nucleotide metabolism	2.3726	0.2266	NC_047724.1
NC_047724.1_79	30417	30843	-	531	DNA, RNA and nucleotide metabolism	NA	NA	NA	NC_047724.1
NC_047724.1_80	30832	31024	-	2706	unknown function	moron, auxiliary metabolic gene and host takeover	8.6455	0.4257	NC_047724.1
NC_047724.1_81	31046	31688	-	2896	unknown function	DNA, RNA and nucleotide metabolism	2.7331	0.2026	NC_047724.1
NC_047724.1_82	31677	31908	-	3	transcription regulation	NA	NA	NA	NC_047724.1
NC_047724.1_83	31910	32138	-	2770	unknown function	lysis	1.0522	0.2236	NC_047724.1
NC_047724.1_84	32247	32940	-	3310	other	NA	NA	NA	NC_047724.1
NC_047724.1_85	33126	33762	-	374	DNA, RNA and nucleotide metabolism	NA	NA	NA	NC_047724.1
NC_047724.1_86	33828	34620	-	200	other	NA	NA	NA	NC_047724.1
NC_047724.1_87	34619	34928	-	3667	unknown function	lysis	1.0537	0.2551	NC_047724.1
NC_047724.1_88	35040	35670	-	833	lysis	NA	NA	NA	NC_047724.1
NC_047724.1_89	35905	35995	-	No_PHROG	unknown function	DNA, RNA and nucleotide metabolism	1.1032	0.1723	NC_047724.1
NC_047724.1_90	35940	36441	-	59	DNA, RNA and nucleotide metabolism	NA	NA	NA	NC_047724.1
NC_047724.1_91	36533	36635	+	No_PHROG	unknown function	lysis	3.6660	0.1838	NC_047724.1
NC_047724.1_92	36600	37404	-	635	lysis	NA	NA	NA	NC_047724.1
NC_047724.1_93	37403	37907	-	962	lysis	NA	NA	NA	NC_047724.1
NC_047724.1_94	37991	38177	-	987	unknown function	DNA, RNA and nucleotide metabolism	2.5490	0.1991	NC_047724.1
NC_047724.1_95	38239	38368	+	No_PHROG	unknown function	moron, auxiliary metabolic gene and host takeover	7.1768	0.2616	NC_047724.1
NC_047724.1_96	38578	38683	+	No_PHROG	unknown function	moron, auxiliary metabolic gene and host takeover	8.8773	0.4742	NC_047724.1
NC_047724.1_97	38852	38975	-	No_PHROG	unknown function	moron, auxiliary metabolic gene and host takeover	8.7812	0.4530	NC_047724.1
NC_047724.1_98	39365	39473	+	No_PHROG	unknown function	moron, auxiliary metabolic gene and host takeover	9.3396	0.6050	NC_047724.1
NC_047724.1_99	39473	39644	+	No_PHROG	unknown function	moron, auxiliary metabolic gene and host takeover	9.4746	0.6664	NC_047724.1
NC_047724.1_100	39723	39942	-	1257	moron, auxiliary metabolic gene and host takeover	NA	NA	NA	NC_047724.1
NC_047724.1_101	40055	40196	-	No_PHROG	unknown function	moron, auxiliary metabolic gene and host takeover	9.8624	0.8906	NC_047724.1
NC_047724.1_102	40419	40629	-	17190	head and packaging	NA	NA	NA	NC_047724.1
NC_047724.1_103	40641	40974	-	937	other	NA	NA	NA	NC_047724.1
NC_047724.1_104	40941	41034	+	No_PHROG	unknown function	head and packaging	1.1702	0.3675	NC_047724.1
NC_047724.1_105	41345	41612	-	4526	unknown function	moron, auxiliary metabolic gene and host takeover	9.7943	0.8330	NC_047724.1
NC_047724.1_106	41752	42139	+	3395	moron, auxiliary metabolic gene and host takeover	NA	NA	NA	NC_047724.1
NC_047724.1_107	42116	42395	+	1321	unknown function	head and packaging	4.3846	0.2866	NC_047724.1
NC_047724.1_108	42475	42802	+	1063	head and packaging	NA	NA	NA	NC_047724.1
NC_047724.1_109	42816	44634	+	675	head and packaging	NA	NA	NA	NC_047724.1
NC_047724.1_110	44626	45448	+	1917	head and packaging	NA	NA	NA	NC_047724.1
NC_047724.1_111	45518	45608	+	3863	unknown function	head and packaging	4.6929	0.2356	NC_047724.1
NC_047724.1_112	45604	46084	+	1116	moron, auxiliary metabolic gene and host takeover	NA	NA	NA	NC_047724.1
NC_047724.1_113	46125	47319	+	3094	unknown function	head and packaging	1.8936	0.2253	NC_047724.1
NC_047724.1_114	47394	47745	+	3937	unknown function	head and packaging	1.1848	0.2899	NC_047724.1
NC_047724.1_115	47822	48134	+	1108	head and packaging	NA	NA	NA	NC_047724.1
NC_047724.1_116	48137	49829	+	12	head and packaging	NA	NA	NA	NC_047724.1
NC_047724.1_117	50055	50796	+	1028	head and packaging	NA	NA	NA	NC_047724.1
NC_047724.1_118	50814	51765	+	1133	unknown function	head and packaging	9.3547	0.6097	NC_047724.1
NC_047724.1_119	51880	53272	+	752	head and packaging	NA	NA	NA	NC_047724.1
NC_047724.1_120	53363	53660	+	1205	unknown function	head and packaging	7.9549	0.3422	NC_047724.1
NC_047724.1_121	53672	54581	+	772	tail	NA	NA	NA	NC_047724.1
NC_047724.1_122	54594	55473	+	1004	head and packaging	NA	NA	NA	NC_047724.1
NC_047724.1_123	55472	56093	+	1127	connector	NA	NA	NA	NC_047724.1
NC_047724.1_124	56111	56948	+	1000	tail	NA	NA	NA	NC_047724.1
NC_047724.1_125	56949	57165	+	1151	unknown function	head and packaging	8.0180	0.4483	NC_047724.1
NC_047724.1_126	57191	58955	+	279	tail	NA	NA	NA	NC_047724.1
NC_047724.1_127	59027	59384	+	985	head and packaging	NA	NA	NA	NC_047724.1
NC_047724.1_128	59368	59473	-	No_PHROG	unknown function	head and packaging	7.7227	0.3350	NC_047724.1
NC_047724.1_129	60076	61519	+	7140	DNA, RNA and nucleotide metabolism	NA	NA	NA	NC_047724.1
NC_047724.1_130	61565	61706	+	2701	unknown function	head and packaging	3.9353	0.3297	NC_047724.1
NC_047724.1_131	61747	62206	+	1905	unknown function	head and packaging	2.3898	0.3077	NC_047724.1
NC_047724.1_132	62218	62413	+	4320	moron, auxiliary metabolic gene and host takeover	NA	NA	NA	NC_047724.1
NC_047724.1_133	62494	62806	+	2754	head and packaging	NA	NA	NA	NC_047724.1
NC_047724.1_134	62937	63396	+	1038	tail	NA	NA	NA	NC_047724.1
NC_047724.1_135	63439	63976	+	1316	DNA, RNA and nucleotide metabolism	NA	NA	NA	NC_047724.1
NC_047724.1_136	64028	68087	+	1047	tail	NA	NA	NA	NC_047724.1
NC_047724.1_137	68165	70592	+	1015	tail	NA	NA	NA	NC_047724.1
NC_047724.1_138	70605	71493	+	2677	tail	NA	NA	NA	NC_047724.1
NC_047724.1_139	71492	74039	+	2204	other	NA	NA	NA	NC_047724.1
NC_047724.1_140	74144	74936	+	1011	head and packaging	NA	NA	NA	NC_047724.1
NC_047724.1_141	74935	75460	+	1073	unknown function	head and packaging	5.5249	0.2854	NC_047724.1
NC_047724.1_142	75459	76164	+	975	tail	NA	NA	NA	NC_047724.1
NC_047724.1_143	76178	77225	+	6	tail	NA	NA	NA	NC_047724.1
NC_047724.1_144	77245	80305	+	2386	head and packaging	NA	NA	NA	NC_047724.1
NC_047724.1_145	80415	80937	+	1394	head and packaging	NA	NA	NA	NC_047724.1
NC_047724.1_146	80957	84416	+	25864	tail	NA	NA	NA	NC_047724.1
NC_047724.1_147	84464	84623	+	1074	unknown function	head and packaging	2.5568	0.2627	NC_047724.1
NC_047724.1_148	84623	86546	+	2665	head and packaging	NA	NA	NA	NC_047724.1
NC_047724.1_149	86568	86943	+	2671	tail	NA	NA	NA	NC_047724.1
NC_047724.1_150	86949	88326	+	2691	tail	NA	NA	NA	NC_047724.1
NC_047724.1_151	88416	90165	+	16	DNA, RNA and nucleotide metabolism	NA	NA	NA	NC_047724.1
NC_047724.1_152	90176	91790	+	1098	DNA, RNA and nucleotide metabolism	NA	NA	NA	NC_047724.1
NC_047724.1_153	91782	93225	+	19	DNA, RNA and nucleotide metabolism	NA	NA	NA	NC_047724.1
NC_047724.1_154	93303	94341	+	100	DNA, RNA and nucleotide metabolism	NA	NA	NA	NC_047724.1
NC_047724.1_155	94340	94718	+	2773	unknown function	moron, auxiliary metabolic gene and host takeover	8.4529	0.3939	NC_047724.1
NC_047724.1_156	94717	96637	+	77	DNA, RNA and nucleotide metabolism	NA	NA	NA	NC_047724.1
NC_047724.1_157	96636	97233	+	1070	moron, auxiliary metabolic gene and host takeover	NA	NA	NA	NC_047724.1
NC_047724.1_158	97247	98315	+	47	DNA, RNA and nucleotide metabolism	NA	NA	NA	NC_047724.1
NC_047724.1_159	98381	98720	+	1291	unknown function	moron, auxiliary metabolic gene and host takeover	7.9756	0.3308	NC_047724.1
NC_047724.1_160	98719	99172	+	1095	head and packaging	NA	NA	NA	NC_047724.1
NC_047724.1_161	99158	99767	+	244	DNA, RNA and nucleotide metabolism	NA	NA	NA	NC_047724.1
NC_047724.1_162	99783	100176	+	883	moron, auxiliary metabolic gene and host takeover	NA	NA	NA	NC_047724.1
NC_047724.1_163	100190	102305	+	84	DNA, RNA and nucleotide metabolism	NA	NA	NA	NC_047724.1
NC_047724.1_164	102318	103368	+	86	DNA, RNA and nucleotide metabolism	NA	NA	NA	NC_047724.1
NC_047724.1_165	103385	103715	+	2797	unknown function	moron, auxiliary metabolic gene and host takeover	7.2285	0.2752	NC_047724.1
NC_047724.1_166	103698	104019	+	22	DNA, RNA and nucleotide metabolism	NA	NA	NA	NC_047724.1
NC_047724.1_167	104047	104155	-	No_PHROG	unknown function	moron, auxiliary metabolic gene and host takeover	9.6078	0.7229	NC_047724.1
NC_047724.1_168	104225	104822	+	15477	other	NA	NA	NA	NC_047724.1
NC_047724.1_169	104831	105137	+	379	DNA, RNA and nucleotide metabolism	NA	NA	NA	NC_047724.1
NC_047724.1_170	105212	106085	+	4008	DNA, RNA and nucleotide metabolism	NA	NA	NA	NC_047724.1
NC_047724.1_171	106250	106763	+	2340	DNA, RNA and nucleotide metabolism	NA	NA	NA	NC_047724.1
NC_047724.1_172	106898	108242	+	17	DNA, RNA and nucleotide metabolism	NA	NA	NA	NC_047724.1
NC_047724.1_173	108307	108403	+	No_PHROG	unknown function	DNA, RNA and nucleotide metabolism	1.7333	0.2286	NC_047724.1
NC_047724.1_174	108509	109217	+	59	DNA, RNA and nucleotide metabolism	NA	NA	NA	NC_047724.1
NC_047724.1_175	109277	109382	-	No_PHROG	unknown function	DNA, RNA and nucleotide metabolism	2.2971	0.2019	NC_047724.1
NC_047724.1_176	109450	110311	+	2573	DNA, RNA and nucleotide metabolism	NA	NA	NA	NC_047724.1
NC_047724.1_177	110379	110622	+	3621	unknown function	head and packaging	1.5105	0.1802	NC_047724.1
NC_047724.1_178	110638	111121	+	1069	DNA, RNA and nucleotide metabolism	NA	NA	NA	NC_047724.1
NC_047724.1_179	111207	112479	+	2672	DNA, RNA and nucleotide metabolism	NA	NA	NA	NC_047724.1
NC_047724.1_180	112538	113795	+	97	other	NA	NA	NA	NC_047724.1
NC_047724.1_181	113798	114152	+	1089	unknown function	moron, auxiliary metabolic gene and host takeover	1.4338	0.2242	NC_047724.1
NC_047724.1_182	114138	114801	+	1025	transcription regulation	NA	NA	NA	NC_047724.1
NC_047724.1_183	114806	114905	+	No_PHROG	unknown function	moron, auxiliary metabolic gene and host takeover	4.6291	0.2369	NC_047724.1
NC_047724.1_184	114928	115561	+	1240	other	NA	NA	NA	NC_047724.1
NC_047724.1_185	115574	116096	+	341	tail	NA	NA	NA	NC_047724.1
NC_047724.1_186	116110	116338	+	1696	tail	NA	NA	NA	NC_047724.1
NC_047724.1_187	116432	116693	+	2673	unknown function	head and packaging	3.5045	0.1921	NC_047724.1
NC_047724.1_188	116696	117452	+	1850	other	NA	NA	NA	NC_047724.1
NC_047724.1_189	117444	118695	+	284	DNA, RNA and nucleotide metabolism	NA	NA	NA	NC_047724.1
NC_047724.1_190	118708	119077	+	2892	unknown function	moron, auxiliary metabolic gene and host takeover	8.0845	0.3475	NC_047724.1
NC_047724.1_191	119063	119375	+	3644	unknown function	head and packaging	1.4335	0.1977	NC_047724.1
NC_047724.1_192	119438	119975	+	1080	unknown function	head and packaging	2.5272	0.1949	NC_047724.1
NC_047724.1_193	119967	120735	+	984	DNA, RNA and nucleotide metabolism	NA	NA	NA	NC_047724.1
NC_047724.1_194	120712	121159	+	2356	unknown function	head and packaging	3.0657	0.1847	NC_047724.1
NC_047724.1_195	121158	122022	+	1113	head and packaging	NA	NA	NA	NC_047724.1
NC_047724.1_196	122393	123125	+	1007	unknown function	head and packaging	6.5608	0.3016	NC_047724.1
NC_047724.1_197	123142	123601	+	1104	head and packaging	NA	NA	NA	NC_047724.1
NC_047724.1_198	123665	124109	+	1303	DNA, RNA and nucleotide metabolism	NA	NA	NA	NC_047724.1
NC_047724.1_199	124125	124830	+	2726	unknown function	head and packaging	1.9685	0.1783	NC_047724.1
NC_047724.1_200	124891	125290	+	2863	moron, auxiliary metabolic gene and host takeover	NA	NA	NA	NC_047724.1
NC_047724.1_201	125436	125679	+	3157	unknown function	head and packaging	1.4584	0.1752	NC_047724.1
NC_047724.1_202	125683	125848	+	6754	unknown function	moron, auxiliary metabolic gene and host takeover	4.9523	0.1937	NC_047724.1
NC_047724.1_203	125834	126014	+	7869	unknown function	head and packaging	1.4514	0.1839	NC_047724.1
NC_047724.1_204	126049	126226	+	3664	DNA, RNA and nucleotide metabolism	NA	NA	NA	NC_047724.1
NC_047724.1_205	126215	126749	+	3854	moron, auxiliary metabolic gene and host takeover	NA	NA	NA	NC_047724.1
NC_047724.1_206	126763	127012	+	4009	unknown function	moron, auxiliary metabolic gene and host takeover	9.6083	0.7195	NC_047724.1
NC_047724.1_207	127023	127200	+	3524	unknown function	moron, auxiliary metabolic gene and host takeover	6.8614	0.2616	NC_047724.1
NC_047724.1_208	127192	127489	+	3128	unknown function	DNA, RNA and nucleotide metabolism	1.1458	0.2100	NC_047724.1
NC_047724.1_209	127527	127719	+	3640	moron, auxiliary metabolic gene and host takeover	NA	NA	NA	NC_047724.1
NC_047724.1_210	127731	128100	+	3669	unknown function	moron, auxiliary metabolic gene and host takeover	8.1244	0.3686	NC_047724.1
NC_047724.1_211	128113	128461	+	2988	unknown function	moron, auxiliary metabolic gene and host takeover	6.0517	0.2424	NC_047724.1
NC_047724.1_212	128466	128739	+	3804	unknown function	moron, auxiliary metabolic gene and host takeover	9.4781	0.6615	NC_047724.1
NC_047724.1_213	128808	129114	+	3143	unknown function	moron, auxiliary metabolic gene and host takeover	6.4669	0.2226	NC_047724.1
NC_047724.1_214	129128	129479	+	3752	DNA, RNA and nucleotide metabolism	NA	NA	NA	NC_047724.1
NC_047724.1_215	129478	130081	+	4208	DNA, RNA and nucleotide metabolism	NA	NA	NA	NC_047724.1
NC_047724.1_216	130094	130274	+	3701	unknown function	moron, auxiliary metabolic gene and host takeover	7.5429	0.2896	NC_047724.1
NC_047724.1_217	130402	130501	+	No_PHROG	unknown function	moron, auxiliary metabolic gene and host takeover	8.8672	0.4701	NC_047724.1
NC_047724.1_218	130500	130902	+	1486	moron, auxiliary metabolic gene and host takeover	NA	NA	NA	NC_047724.1
NC_047724.1_219	130903	131197	+	5835	unknown function	moron, auxiliary metabolic gene and host takeover	8.9384	0.4867	NC_047724.1
NC_047724.1_220	131213	131501	+	1486	moron, auxiliary metabolic gene and host takeover	NA	NA	NA	NC_047724.1
NC_047724.1_221	131511	131628	+	4580	transcription regulation	NA	NA	NA	NC_047724.1
NC_047724.1_222	131617	131881	+	4584	other	NA	NA	NA	NC_047724.1
NC_047724.1_223	131957	132137	+	4743	unknown function	moron, auxiliary metabolic gene and host takeover	9.7594	0.8161	NC_047724.1
NC_047724.1_224	132151	132415	+	4418	unknown function	moron, auxiliary metabolic gene and host takeover	5.0771	0.2215	NC_047724.1
NC_047724.1_225	132417	132735	+	4081	unknown function	moron, auxiliary metabolic gene and host takeover	5.2855	0.2211	NC_047724.1
NC_047724.1_226	132735	133416	+	4650	unknown function	DNA, RNA and nucleotide metabolism	2.2290	0.2275	NC_047724.1
NC_047724.1_227	133504	133663	+	4430	moron, auxiliary metabolic gene and host takeover	NA	NA	NA	NC_047724.1
NC_047724.1_228	133697	133898	+	3453	unknown function	moron, auxiliary metabolic gene and host takeover	5.1166	0.2093	NC_047724.1
NC_047724.1_229	133898	134189	+	4096	unknown function	moron, auxiliary metabolic gene and host takeover	8.4290	0.3892	NC_047724.1
NC_047724.1_230	134280	134589	+	1099	DNA, RNA and nucleotide metabolism	NA	NA	NA	NC_047724.1
NC_047724.1_231	134585	135494	+	619	other	NA	NA	NA	NC_047724.1
NC_047724.1_232	135511	136981	+	448	other	NA	NA	NA	NC_047724.1
NC_047724.1_233	137059	137305	+	4028	unknown function	moron, auxiliary metabolic gene and host takeover	3.2752	0.2569	NC_047724.1
NC_047724.1_234	137324	137717	+	3847	unknown function	DNA, RNA and nucleotide metabolism	1.5354	0.1934	NC_047724.1
NC_047724.1_235	137718	137940	+	4340	unknown function	moron, auxiliary metabolic gene and host takeover	4.2568	0.2341	NC_047724.1
NC_047724.1_236	138005	138317	+	6716	other	NA	NA	NA	NC_047724.1
NC_047724.1_237	138319	138829	+	4855	lysis	NA	NA	NA	NC_047724.1
NC_047724.1_238	138830	139160	+	4637	unknown function	DNA, RNA and nucleotide metabolism	1.5648	0.1557	NC_047724.1
NC_047724.1_239	139165	139360	+	4983	unknown function	DNA, RNA and nucleotide metabolism	1.0377	0.1802	NC_047724.1
NC_047724.1_240	139383	139698	+	5741	unknown function	lysis	1.1241	0.1950	NC_047724.1
NC_047724.1_241	139712	139880	+	5729	unknown function	moron, auxiliary metabolic gene and host takeover	3.4110	0.1952	NC_047724.1
NC_047724.1_242	139916	140018	+	7862	unknown function	moron, auxiliary metabolic gene and host takeover	8.5057	0.4093	NC_047724.1
NC_047724.1_243	139992	140100	-	No_PHROG	unknown function	moron, auxiliary metabolic gene and host takeover	5.1660	0.1944	NC_047724.1
NC_047724.1_244	140201	140297	-	No_PHROG	unknown function	moron, auxiliary metabolic gene and host takeover	1.0338	0.1968	NC_047724.1
NC_047724.1_245	140390	140498	+	No_PHROG	unknown function	moron, auxiliary metabolic gene and host takeover	4.4355	0.1779	NC_047724.1
NC_047724.1_246	140602	140902	+	654	unknown function	DNA, RNA and nucleotide metabolism	1.3478	0.1818	NC_047724.1
NC_047724.1_247	140917	141103	+	3204	unknown function	moron, auxiliary metabolic gene and host takeover	7.7236	0.3509	NC_047724.1
NC_047724.1_248	141209	141497	+	654	unknown function	DNA, RNA and nucleotide metabolism	1.6388	0.1815	NC_047724.1
NC_047724.1_249	141496	141823	+	654	unknown function	moron, auxiliary metabolic gene and host takeover	4.4190	0.2205	NC_047724.1
NC_047724.1_250	141838	142132	+	654	unknown function	DNA, RNA and nucleotide metabolism	1.4474	0.1921	NC_047724.1
NC_047724.1_251	142135	142393	+	1099	DNA, RNA and nucleotide metabolism	NA	NA	NA	NC_047724.1
NC_047724.1_252	142470	142710	+	1099	DNA, RNA and nucleotide metabolism	NA	NA	NA	NC_047724.1
NC_047724.1_253	142720	143068	+	3522	unknown function	DNA, RNA and nucleotide metabolism	1.7803	0.2006	NC_047724.1
NC_047724.1_254	143273	143612	-	3077	unknown function	DNA, RNA and nucleotide metabolism	1.1211	0.2244	NC_047724.1
NC_047724.1_255	143590	143749	+	No_PHROG	unknown function	moron, auxiliary metabolic gene and host takeover	6.8100	0.3579	NC_047724.1
NC_047724.1_256	143762	143876	-	No_PHROG	unknown function	moron, auxiliary metabolic gene and host takeover	5.5588	0.2656	NC_047724.1
NC_047724.1_257	143922	144231	+	2601	unknown function	DNA, RNA and nucleotide metabolism	2.2328	0.2019	NC_047724.1
NC_047724.1_258	144249	144447	-	No_PHROG	unknown function	moron, auxiliary metabolic gene and host takeover	6.0164	0.2712	NC_047724.1
NC_047724.1_259	144436	144724	+	3164	unknown function	DNA, RNA and nucleotide metabolism	1.9144	0.2107	NC_047724.1
NC_047724.1_260	144773	144965	+	3388	other	NA	NA	NA	NC_047724.1
NC_047724.1_261	144951	145047	+	No_PHROG	unknown function	lysis	1.0069	0.2242	NC_047724.1
NC_047724.1_262	145073	145214	+	No_PHROG	unknown function	DNA, RNA and nucleotide metabolism	1.2425	0.1820	NC_047724.1
NC_047724.1_263	145281	145770	-	59	DNA, RNA and nucleotide metabolism	NA	NA	NA	NC_047724.1
NC_047724.1_264	145928	146096	+	3325	other	NA	NA	NA	NC_047724.1
NC_047724.1_265	146165	146297	+	3837	unknown function	DNA, RNA and nucleotide metabolism	1.6969	0.1908	NC_047724.1
NC_047724.1_266	146315	146441	-	No_PHROG	unknown function	DNA, RNA and nucleotide metabolism	1.1549	0.2233	NC_047724.1
NC_047724.1_267	146462	146786	+	3276	unknown function	DNA, RNA and nucleotide metabolism	1.2876	0.2483	NC_047724.1
NC_047724.1_268	146885	147122	+	3480	unknown function	DNA, RNA and nucleotide metabolism	2.0897	0.1849	NC_047724.1
NC_047724.1_269	147200	147671	+	2543	unknown function	DNA, RNA and nucleotide metabolism	1.3519	0.1899	NC_047724.1
NC_047724.1_270	147729	147903	+	3789	unknown function	head and packaging	1.5239	0.1737	NC_047724.1
NC_047724.1_271	147902	148172	+	3549	unknown function	head and packaging	1.4001	0.1591	NC_047724.1
NC_047724.1_272	148256	148436	+	4863	DNA, RNA and nucleotide metabolism	NA	NA	NA	NC_047724.1
NC_047724.1_273	148432	148531	-	No_PHROG	unknown function	DNA, RNA and nucleotide metabolism	1.0198	0.1738	NC_047724.1
NC_047725.1_0	84	180	-	No_PHROG	unknown function	head and packaging	1.0750	0.1633	NC_047725.1
NC_047725.1_1	485	785	+	654	unknown function	DNA, RNA and nucleotide metabolism	3.6622	0.1825	NC_047725.1
NC_047725.1_2	800	986	+	3204	unknown function	moron, auxiliary metabolic gene and host takeover	7.4319	0.3019	NC_047725.1
NC_047725.1_3	1092	1383	+	654	unknown function	integration and excision	1.9142	0.1985	NC_047725.1
NC_047725.1_4	1382	1670	+	654	unknown function	integration and excision	1.0024	0.2054	NC_047725.1
NC_047725.1_5	1669	1963	+	654	unknown function	DNA, RNA and nucleotide metabolism	2.3875	0.2183	NC_047725.1
NC_047725.1_6	1966	2224	+	1099	DNA, RNA and nucleotide metabolism	NA	NA	NA	NC_047725.1
NC_047725.1_7	2301	2541	+	1099	DNA, RNA and nucleotide metabolism	NA	NA	NA	NC_047725.1
NC_047725.1_8	2551	2899	+	3522	unknown function	DNA, RNA and nucleotide metabolism	1.6508	0.1919	NC_047725.1
NC_047725.1_9	3108	3447	-	3077	unknown function	DNA, RNA and nucleotide metabolism	1.4790	0.2211	NC_047725.1
NC_047725.1_10	3547	3712	-	No_PHROG	unknown function	DNA, RNA and nucleotide metabolism	2.3051	0.1936	NC_047725.1
NC_047725.1_11	3758	4067	+	2601	unknown function	DNA, RNA and nucleotide metabolism	2.5870	0.1911	NC_047725.1
NC_047725.1_12	4085	4220	-	No_PHROG	unknown function	DNA, RNA and nucleotide metabolism	1.1284	0.1697	NC_047725.1
NC_047725.1_13	4272	4560	+	3164	unknown function	DNA, RNA and nucleotide metabolism	1.7572	0.1947	NC_047725.1
NC_047725.1_14	4609	4801	+	3388	other	NA	NA	NA	NC_047725.1
NC_047725.1_15	4787	4883	+	No_PHROG	unknown function	DNA, RNA and nucleotide metabolism	1.0363	0.1696	NC_047725.1
NC_047725.1_16	4909	5050	+	No_PHROG	unknown function	DNA, RNA and nucleotide metabolism	2.6145	0.1672	NC_047725.1
NC_047725.1_17	5117	5606	-	59	DNA, RNA and nucleotide metabolism	NA	NA	NA	NC_047725.1
NC_047725.1_18	5764	5932	+	3325	other	NA	NA	NA	NC_047725.1
NC_047725.1_19	6001	6133	+	3837	unknown function	DNA, RNA and nucleotide metabolism	2.3767	0.1787	NC_047725.1
NC_047725.1_20	6300	6624	+	3276	unknown function	DNA, RNA and nucleotide metabolism	1.1990	0.2364	NC_047725.1
NC_047725.1_21	6723	6960	+	3480	unknown function	DNA, RNA and nucleotide metabolism	1.9783	0.1779	NC_047725.1
NC_047725.1_22	7039	7510	+	2543	unknown function	DNA, RNA and nucleotide metabolism	1.0387	0.2140	NC_047725.1
NC_047725.1_23	7568	7742	+	3789	unknown function	DNA, RNA and nucleotide metabolism	1.4035	0.1975	NC_047725.1
NC_047725.1_24	7741	8011	+	3549	unknown function	DNA, RNA and nucleotide metabolism	2.7549	0.1830	NC_047725.1
NC_047725.1_25	8095	8275	+	4863	DNA, RNA and nucleotide metabolism	NA	NA	NA	NC_047725.1
NC_047725.1_26	8368	8470	+	No_PHROG	unknown function	moron, auxiliary metabolic gene and host takeover	4.9371	0.2101	NC_047725.1
NC_047725.1_27	8532	8628	-	No_PHROG	unknown function	moron, auxiliary metabolic gene and host takeover	5.7558	0.2630	NC_047725.1
NC_047725.1_28	8611	8848	-	2884	unknown function	moron, auxiliary metabolic gene and host takeover	7.9016	0.3418	NC_047725.1
NC_047725.1_29	8849	9335	-	7534	unknown function	DNA, RNA and nucleotide metabolism	1.1329	0.2499	NC_047725.1
NC_047725.1_30	9347	9755	-	5770	unknown function	moron, auxiliary metabolic gene and host takeover	9.1209	0.5344	NC_047725.1
NC_047725.1_31	9754	10186	-	4355	unknown function	moron, auxiliary metabolic gene and host takeover	8.6023	0.4187	NC_047725.1
NC_047725.1_32	10188	10380	-	4249	unknown function	moron, auxiliary metabolic gene and host takeover	9.7501	0.8055	NC_047725.1
NC_047725.1_33	10376	10862	-	3619	unknown function	moron, auxiliary metabolic gene and host takeover	9.6489	0.7412	NC_047725.1
NC_047725.1_34	10854	11286	-	2349	unknown function	DNA, RNA and nucleotide metabolism	2.0962	0.1794	NC_047725.1
NC_047725.1_35	11299	11842	-	4045	unknown function	DNA, RNA and nucleotide metabolism	6.0550	0.2458	NC_047725.1
NC_047725.1_36	11853	12342	-	1017	unknown function	DNA, RNA and nucleotide metabolism	9.6563	0.7534	NC_047725.1
NC_047725.1_37	12354	12753	-	3857	unknown function	DNA, RNA and nucleotide metabolism	4.5154	0.2086	NC_047725.1
NC_047725.1_38	12749	13457	-	246	other	NA	NA	NA	NC_047725.1
NC_047725.1_39	13556	14111	-	2981	unknown function	DNA, RNA and nucleotide metabolism	1.4500	0.1923	NC_047725.1
NC_047725.1_40	14126	14444	-	4178	tail	NA	NA	NA	NC_047725.1
NC_047725.1_41	14512	14626	+	No_PHROG	unknown function	DNA, RNA and nucleotide metabolism	1.2388	0.1568	NC_047725.1
NC_047725.1_42	14634	14811	+	No_PHROG	unknown function	DNA, RNA and nucleotide metabolism	1.5297	0.1630	NC_047725.1
NC_047725.1_43	14807	14936	-	No_PHROG	unknown function	DNA, RNA and nucleotide metabolism	1.5133	0.1515	NC_047725.1
NC_047725.1_44	15013	15214	-	27748	unknown function	DNA, RNA and nucleotide metabolism	1.3584	0.1787	NC_047725.1
NC_047725.1_45	15213	15315	-	No_PHROG	unknown function	DNA, RNA and nucleotide metabolism	2.3878	0.1584	NC_047725.1
NC_047725.1_46	15429	15978	-	2948	unknown function	moron, auxiliary metabolic gene and host takeover	7.7927	0.3118	NC_047725.1
NC_047725.1_47	15981	16200	-	3686	unknown function	moron, auxiliary metabolic gene and host takeover	8.0250	0.3371	NC_047725.1
NC_047725.1_48	16200	16395	-	3950	unknown function	DNA, RNA and nucleotide metabolism	1.6913	0.2175	NC_047725.1
NC_047725.1_49	16384	17122	-	3464	DNA, RNA and nucleotide metabolism	NA	NA	NA	NC_047725.1
NC_047725.1_50	17184	17289	-	5230	unknown function	moron, auxiliary metabolic gene and host takeover	8.4166	0.3879	NC_047725.1
NC_047725.1_51	17300	17540	-	3697	unknown function	moron, auxiliary metabolic gene and host takeover	7.0030	0.2562	NC_047725.1
NC_047725.1_52	17541	17931	-	28554	other	NA	NA	NA	NC_047725.1
NC_047725.1_53	18029	18203	-	3504	other	NA	NA	NA	NC_047725.1
NC_047725.1_54	18243	18726	-	3319	unknown function	DNA, RNA and nucleotide metabolism	1.4595	0.2052	NC_047725.1
NC_047725.1_55	18775	19318	-	3635	unknown function	DNA, RNA and nucleotide metabolism	1.2926	0.1851	NC_047725.1
NC_047725.1_56	19317	19851	-	3702	unknown function	DNA, RNA and nucleotide metabolism	1.0252	0.2138	NC_047725.1
NC_047725.1_57	19853	20018	-	152	transcription regulation	NA	NA	NA	NC_047725.1
NC_047725.1_58	20020	20296	-	3751	moron, auxiliary metabolic gene and host takeover	NA	NA	NA	NC_047725.1
NC_047725.1_59	20295	21141	-	1909	head and packaging	NA	NA	NA	NC_047725.1
NC_047725.1_60	21152	22271	-	249	moron, auxiliary metabolic gene and host takeover	NA	NA	NA	NC_047725.1
NC_047725.1_61	22294	22396	-	No_PHROG	unknown function	head and packaging	1.0696	0.1612	NC_047725.1
NC_047725.1_62	22423	22750	-	2861	unknown function	DNA, RNA and nucleotide metabolism	1.2737	0.1844	NC_047725.1
NC_047725.1_63	22742	23159	-	2708	other	NA	NA	NA	NC_047725.1
NC_047725.1_64	23291	23594	-	715	other	NA	NA	NA	NC_047725.1
NC_047725.1_65	23593	23782	-	3048	unknown function	DNA, RNA and nucleotide metabolism	1.3070	0.2124	NC_047725.1
NC_047725.1_66	23825	23987	-	2966	unknown function	DNA, RNA and nucleotide metabolism	1.0789	0.2089	NC_047725.1
NC_047725.1_67	23986	26035	-	3200	unknown function	integration and excision	1.0872	0.1931	NC_047725.1
NC_047725.1_68	26112	26376	-	2811	head and packaging	NA	NA	NA	NC_047725.1
NC_047725.1_69	26392	26566	-	1274	lysis	NA	NA	NA	NC_047725.1
NC_047725.1_70	26572	27151	-	2642	unknown function	lysis	2.5621	0.3561	NC_047725.1
NC_047725.1_71	27143	27770	-	1817	DNA, RNA and nucleotide metabolism	NA	NA	NA	NC_047725.1
NC_047725.1_72	27762	28659	-	548	DNA, RNA and nucleotide metabolism	NA	NA	NA	NC_047725.1
NC_047725.1_73	28658	28883	-	3093	unknown function	lysis	3.2728	0.2301	NC_047725.1
NC_047725.1_74	28951	29692	-	170	other	NA	NA	NA	NC_047725.1
NC_047725.1_75	29743	30358	-	2995	unknown function	DNA, RNA and nucleotide metabolism	2.1193	0.2175	NC_047725.1
NC_047725.1_76	30373	30799	-	531	DNA, RNA and nucleotide metabolism	NA	NA	NA	NC_047725.1
NC_047725.1_77	30788	30980	-	2706	unknown function	moron, auxiliary metabolic gene and host takeover	7.7275	0.3435	NC_047725.1
NC_047725.1_78	31002	31644	-	2896	unknown function	DNA, RNA and nucleotide metabolism	2.8588	0.1983	NC_047725.1
NC_047725.1_79	31633	31864	-	3	transcription regulation	NA	NA	NA	NC_047725.1
NC_047725.1_80	31866	32094	-	2770	unknown function	lysis	1.1253	0.2258	NC_047725.1
NC_047725.1_81	32203	32896	-	3310	other	NA	NA	NA	NC_047725.1
NC_047725.1_82	33082	33718	-	374	DNA, RNA and nucleotide metabolism	NA	NA	NA	NC_047725.1
NC_047725.1_83	33784	34576	-	200	other	NA	NA	NA	NC_047725.1
NC_047725.1_84	34575	34884	-	3667	unknown function	lysis	1.2092	0.2397	NC_047725.1
NC_047725.1_85	34996	35626	-	833	lysis	NA	NA	NA	NC_047725.1
NC_047725.1_86	35861	35951	-	No_PHROG	unknown function	DNA, RNA and nucleotide metabolism	1.3398	0.1710	NC_047725.1
NC_047725.1_87	35896	36397	-	59	DNA, RNA and nucleotide metabolism	NA	NA	NA	NC_047725.1
NC_047725.1_88	36489	36591	+	No_PHROG	unknown function	lysis	3.1427	0.1795	NC_047725.1
NC_047725.1_89	36556	37360	-	635	lysis	NA	NA	NA	NC_047725.1
NC_047725.1_90	37359	37863	-	962	lysis	NA	NA	NA	NC_047725.1
NC_047725.1_91	37947	38133	-	987	unknown function	DNA, RNA and nucleotide metabolism	3.0965	0.1905	NC_047725.1
NC_047725.1_92	38195	38324	+	No_PHROG	unknown function	moron, auxiliary metabolic gene and host takeover	7.2180	0.2644	NC_047725.1
NC_047725.1_93	38534	38639	+	No_PHROG	unknown function	moron, auxiliary metabolic gene and host takeover	9.0393	0.5128	NC_047725.1
NC_047725.1_94	38808	38931	-	No_PHROG	unknown function	moron, auxiliary metabolic gene and host takeover	9.0629	0.5187	NC_047725.1
NC_047725.1_95	39321	39429	+	No_PHROG	unknown function	moron, auxiliary metabolic gene and host takeover	9.4607	0.6522	NC_047725.1
NC_047725.1_96	39429	39600	+	No_PHROG	unknown function	moron, auxiliary metabolic gene and host takeover	9.5623	0.7069	NC_047725.1
NC_047725.1_97	39679	39898	-	1257	moron, auxiliary metabolic gene and host takeover	NA	NA	NA	NC_047725.1
NC_047725.1_98	40011	40152	-	No_PHROG	unknown function	moron, auxiliary metabolic gene and host takeover	9.8755	0.8996	NC_047725.1
NC_047725.1_99	40375	40585	-	17190	head and packaging	NA	NA	NA	NC_047725.1
NC_047725.1_100	40597	40930	-	937	other	NA	NA	NA	NC_047725.1
NC_047725.1_101	40897	40990	+	No_PHROG	unknown function	head and packaging	1.5837	0.3849	NC_047725.1
NC_047725.1_102	41301	41568	-	4526	unknown function	moron, auxiliary metabolic gene and host takeover	9.8419	0.8713	NC_047725.1
NC_047725.1_103	41662	41755	-	No_PHROG	unknown function	head and packaging	1.7369	0.3740	NC_047725.1
NC_047725.1_104	41828	42095	+	3395	moron, auxiliary metabolic gene and host takeover	NA	NA	NA	NC_047725.1
NC_047725.1_105	42072	42351	+	1321	unknown function	head and packaging	5.8609	0.2788	NC_047725.1
NC_047725.1_106	42431	42758	+	1063	head and packaging	NA	NA	NA	NC_047725.1
NC_047725.1_107	42772	44590	+	675	head and packaging	NA	NA	NA	NC_047725.1
NC_047725.1_108	44582	45404	+	1917	head and packaging	NA	NA	NA	NC_047725.1
NC_047725.1_109	45474	45564	+	3863	unknown function	head and packaging	5.7755	0.2368	NC_047725.1
NC_047725.1_110	45560	46040	+	1116	moron, auxiliary metabolic gene and host takeover	NA	NA	NA	NC_047725.1
NC_047725.1_111	46132	47281	+	3094	unknown function	head and packaging	2.8898	0.2235	NC_047725.1
NC_047725.1_112	47365	47707	+	3937	unknown function	head and packaging	1.2163	0.2942	NC_047725.1
NC_047725.1_113	47784	48096	+	1108	head and packaging	NA	NA	NA	NC_047725.1
NC_047725.1_114	48099	49791	+	12	head and packaging	NA	NA	NA	NC_047725.1
NC_047725.1_115	50017	50758	+	1028	head and packaging	NA	NA	NA	NC_047725.1
NC_047725.1_116	50776	51727	+	1133	unknown function	head and packaging	9.1685	0.5486	NC_047725.1
NC_047725.1_117	51842	53234	+	752	head and packaging	NA	NA	NA	NC_047725.1
NC_047725.1_118	53325	53622	+	1205	unknown function	head and packaging	8.2849	0.3698	NC_047725.1
NC_047725.1_119	53634	54543	+	772	tail	NA	NA	NA	NC_047725.1
NC_047725.1_120	54556	55435	+	1004	head and packaging	NA	NA	NA	NC_047725.1
NC_047725.1_121	55434	56055	+	1127	connector	NA	NA	NA	NC_047725.1
NC_047725.1_122	56073	56910	+	1000	tail	NA	NA	NA	NC_047725.1
NC_047725.1_123	56911	57127	+	1151	unknown function	head and packaging	8.2018	0.4548	NC_047725.1
NC_047725.1_124	57153	58917	+	279	tail	NA	NA	NA	NC_047725.1
NC_047725.1_125	58989	59346	+	985	head and packaging	NA	NA	NA	NC_047725.1
NC_047725.1_126	59330	59435	-	No_PHROG	unknown function	head and packaging	7.7034	0.3385	NC_047725.1
NC_047725.1_127	60038	61481	+	7140	DNA, RNA and nucleotide metabolism	NA	NA	NA	NC_047725.1
NC_047725.1_128	61527	61668	+	2701	unknown function	head and packaging	4.2331	0.3243	NC_047725.1
NC_047725.1_129	61710	62169	+	1905	unknown function	head and packaging	2.3647	0.3114	NC_047725.1
NC_047725.1_130	62181	62376	+	4320	moron, auxiliary metabolic gene and host takeover	NA	NA	NA	NC_047725.1
NC_047725.1_131	62457	62769	+	2754	head and packaging	NA	NA	NA	NC_047725.1
NC_047725.1_132	62900	63359	+	1038	tail	NA	NA	NA	NC_047725.1
NC_047725.1_133	63402	63939	+	1316	DNA, RNA and nucleotide metabolism	NA	NA	NA	NC_047725.1
NC_047725.1_134	63991	68050	+	1047	tail	NA	NA	NA	NC_047725.1
NC_047725.1_135	68128	70555	+	1015	tail	NA	NA	NA	NC_047725.1
NC_047725.1_136	70568	71456	+	2677	tail	NA	NA	NA	NC_047725.1
NC_047725.1_137	71455	74002	+	2204	other	NA	NA	NA	NC_047725.1
NC_047725.1_138	74107	74899	+	1011	head and packaging	NA	NA	NA	NC_047725.1
NC_047725.1_139	74898	75423	+	1073	unknown function	connector	1.1036	0.2464	NC_047725.1
NC_047725.1_140	75422	76127	+	975	tail	NA	NA	NA	NC_047725.1
NC_047725.1_141	76141	77188	+	6	tail	NA	NA	NA	NC_047725.1
NC_047725.1_142	77208	80268	+	2386	head and packaging	NA	NA	NA	NC_047725.1
NC_047725.1_143	80378	80900	+	1394	head and packaging	NA	NA	NA	NC_047725.1
NC_047725.1_144	80920	84379	+	25864	tail	NA	NA	NA	NC_047725.1
NC_047725.1_145	84427	84586	+	1074	unknown function	head and packaging	2.4549	0.2569	NC_047725.1
NC_047725.1_146	84586	86509	+	2665	head and packaging	NA	NA	NA	NC_047725.1
NC_047725.1_147	86531	86906	+	2671	tail	NA	NA	NA	NC_047725.1
NC_047725.1_148	86912	88289	+	2691	tail	NA	NA	NA	NC_047725.1
NC_047725.1_149	88379	90128	+	16	DNA, RNA and nucleotide metabolism	NA	NA	NA	NC_047725.1
NC_047725.1_150	90139	91753	+	1098	DNA, RNA and nucleotide metabolism	NA	NA	NA	NC_047725.1
NC_047725.1_151	91745	93188	+	19	DNA, RNA and nucleotide metabolism	NA	NA	NA	NC_047725.1
NC_047725.1_152	93266	94304	+	100	DNA, RNA and nucleotide metabolism	NA	NA	NA	NC_047725.1
NC_047725.1_153	94303	94681	+	2773	unknown function	moron, auxiliary metabolic gene and host takeover	8.3874	0.3841	NC_047725.1
NC_047725.1_154	94680	96600	+	77	DNA, RNA and nucleotide metabolism	NA	NA	NA	NC_047725.1
NC_047725.1_155	96599	97196	+	1070	moron, auxiliary metabolic gene and host takeover	NA	NA	NA	NC_047725.1
NC_047725.1_156	97210	98278	+	47	DNA, RNA and nucleotide metabolism	NA	NA	NA	NC_047725.1
NC_047725.1_157	98343	98682	+	1291	unknown function	moron, auxiliary metabolic gene and host takeover	8.0198	0.3357	NC_047725.1
NC_047725.1_158	98681	99134	+	1095	head and packaging	NA	NA	NA	NC_047725.1
NC_047725.1_159	99120	99729	+	244	DNA, RNA and nucleotide metabolism	NA	NA	NA	NC_047725.1
NC_047725.1_160	99745	100138	+	883	moron, auxiliary metabolic gene and host takeover	NA	NA	NA	NC_047725.1
NC_047725.1_161	100152	102267	+	84	DNA, RNA and nucleotide metabolism	NA	NA	NA	NC_047725.1
NC_047725.1_162	102280	103330	+	86	DNA, RNA and nucleotide metabolism	NA	NA	NA	NC_047725.1
NC_047725.1_163	103347	103677	+	2797	unknown function	moron, auxiliary metabolic gene and host takeover	6.6272	0.2655	NC_047725.1
NC_047725.1_164	103660	103981	+	22	DNA, RNA and nucleotide metabolism	NA	NA	NA	NC_047725.1
NC_047725.1_165	104009	104117	-	No_PHROG	unknown function	moron, auxiliary metabolic gene and host takeover	9.7700	0.8272	NC_047725.1
NC_047725.1_166	104187	104784	+	15477	other	NA	NA	NA	NC_047725.1
NC_047725.1_167	104793	105099	+	379	DNA, RNA and nucleotide metabolism	NA	NA	NA	NC_047725.1
NC_047725.1_168	105174	106047	+	4008	DNA, RNA and nucleotide metabolism	NA	NA	NA	NC_047725.1
NC_047725.1_169	106212	106725	+	2340	DNA, RNA and nucleotide metabolism	NA	NA	NA	NC_047725.1
NC_047725.1_170	106860	108204	+	17	DNA, RNA and nucleotide metabolism	NA	NA	NA	NC_047725.1
NC_047725.1_171	108269	108365	+	No_PHROG	unknown function	DNA, RNA and nucleotide metabolism	1.6923	0.2298	NC_047725.1
NC_047725.1_172	108471	109179	+	59	DNA, RNA and nucleotide metabolism	NA	NA	NA	NC_047725.1
NC_047725.1_173	109239	109344	-	No_PHROG	unknown function	DNA, RNA and nucleotide metabolism	1.9551	0.2053	NC_047725.1
NC_047725.1_174	109412	110273	+	2573	DNA, RNA and nucleotide metabolism	NA	NA	NA	NC_047725.1
NC_047725.1_175	110341	110584	+	3621	unknown function	head and packaging	1.4709	0.1794	NC_047725.1
NC_047725.1_176	110600	111083	+	1069	DNA, RNA and nucleotide metabolism	NA	NA	NA	NC_047725.1
NC_047725.1_177	111169	112441	+	2672	DNA, RNA and nucleotide metabolism	NA	NA	NA	NC_047725.1
NC_047725.1_178	112500	113757	+	97	other	NA	NA	NA	NC_047725.1
NC_047725.1_179	113760	114114	+	1089	unknown function	DNA, RNA and nucleotide metabolism	1.1645	0.2197	NC_047725.1
NC_047725.1_180	114100	114763	+	1025	transcription regulation	NA	NA	NA	NC_047725.1
NC_047725.1_181	114768	114867	+	No_PHROG	unknown function	moron, auxiliary metabolic gene and host takeover	4.7538	0.2336	NC_047725.1
NC_047725.1_182	114890	115523	+	1240	other	NA	NA	NA	NC_047725.1
NC_047725.1_183	115536	116058	+	341	tail	NA	NA	NA	NC_047725.1
NC_047725.1_184	116072	116300	+	1696	tail	NA	NA	NA	NC_047725.1
NC_047725.1_185	116395	116656	+	2673	unknown function	head and packaging	3.1573	0.1900	NC_047725.1
NC_047725.1_186	116659	117415	+	1850	other	NA	NA	NA	NC_047725.1
NC_047725.1_187	117407	118658	+	284	DNA, RNA and nucleotide metabolism	NA	NA	NA	NC_047725.1
NC_047725.1_188	118671	119040	+	2892	unknown function	moron, auxiliary metabolic gene and host takeover	7.5471	0.3278	NC_047725.1
NC_047725.1_189	119026	119338	+	3644	unknown function	head and packaging	1.4694	0.2036	NC_047725.1
NC_047725.1_190	119401	119938	+	1080	unknown function	head and packaging	2.7146	0.2015	NC_047725.1
NC_047725.1_191	119930	120698	+	984	DNA, RNA and nucleotide metabolism	NA	NA	NA	NC_047725.1
NC_047725.1_192	120675	121122	+	2356	unknown function	head and packaging	3.2816	0.1840	NC_047725.1
NC_047725.1_193	121121	121985	+	1113	head and packaging	NA	NA	NA	NC_047725.1
NC_047725.1_194	122356	123088	+	1007	unknown function	head and packaging	6.1126	0.2767	NC_047725.1
NC_047725.1_195	123105	123564	+	1104	head and packaging	NA	NA	NA	NC_047725.1
NC_047725.1_196	123628	124072	+	1303	DNA, RNA and nucleotide metabolism	NA	NA	NA	NC_047725.1
NC_047725.1_197	124088	124793	+	2726	unknown function	head and packaging	1.7408	0.1695	NC_047725.1
NC_047725.1_198	124854	125253	+	2863	moron, auxiliary metabolic gene and host takeover	NA	NA	NA	NC_047725.1
NC_047725.1_199	125399	125642	+	3157	unknown function	head and packaging	1.4806	0.1757	NC_047725.1
NC_047725.1_200	125646	125811	+	6754	unknown function	moron, auxiliary metabolic gene and host takeover	5.5254	0.2008	NC_047725.1
NC_047725.1_201	125797	125977	+	7869	unknown function	head and packaging	1.2819	0.1850	NC_047725.1
NC_047725.1_202	126012	126189	+	3664	DNA, RNA and nucleotide metabolism	NA	NA	NA	NC_047725.1
NC_047725.1_203	126178	126712	+	3854	moron, auxiliary metabolic gene and host takeover	NA	NA	NA	NC_047725.1
NC_047725.1_204	126726	126975	+	4009	unknown function	moron, auxiliary metabolic gene and host takeover	9.4703	0.6549	NC_047725.1
NC_047725.1_205	126986	127163	+	3524	unknown function	moron, auxiliary metabolic gene and host takeover	7.0201	0.2826	NC_047725.1
NC_047725.1_206	127155	127452	+	3128	unknown function	moron, auxiliary metabolic gene and host takeover	6.2076	0.2224	NC_047725.1
NC_047725.1_207	127490	127682	+	3640	moron, auxiliary metabolic gene and host takeover	NA	NA	NA	NC_047725.1
NC_047725.1_208	127694	128063	+	3669	unknown function	moron, auxiliary metabolic gene and host takeover	7.5942	0.3283	NC_047725.1
NC_047725.1_209	128075	128423	+	2988	unknown function	moron, auxiliary metabolic gene and host takeover	5.8316	0.2379	NC_047725.1
NC_047725.1_210	128422	128701	+	3804	unknown function	moron, auxiliary metabolic gene and host takeover	9.5663	0.7014	NC_047725.1
NC_047725.1_211	128770	129076	+	3143	unknown function	DNA, RNA and nucleotide metabolism	1.1374	0.2188	NC_047725.1
NC_047725.1_212	129090	129441	+	3752	DNA, RNA and nucleotide metabolism	NA	NA	NA	NC_047725.1
NC_047725.1_213	129440	130043	+	4208	DNA, RNA and nucleotide metabolism	NA	NA	NA	NC_047725.1
NC_047725.1_214	130056	130236	+	3701	unknown function	moron, auxiliary metabolic gene and host takeover	7.3162	0.2718	NC_047725.1
NC_047725.1_215	130364	130463	+	No_PHROG	unknown function	moron, auxiliary metabolic gene and host takeover	8.8997	0.4770	NC_047725.1
NC_047725.1_216	130462	130864	+	1486	moron, auxiliary metabolic gene and host takeover	NA	NA	NA	NC_047725.1
NC_047725.1_217	130865	131159	+	5835	unknown function	moron, auxiliary metabolic gene and host takeover	8.8931	0.4821	NC_047725.1
NC_047725.1_218	131175	131463	+	1486	moron, auxiliary metabolic gene and host takeover	NA	NA	NA	NC_047725.1
NC_047725.1_219	131473	131590	+	4580	transcription regulation	NA	NA	NA	NC_047725.1
NC_047725.1_220	131579	131843	+	4584	other	NA	NA	NA	NC_047725.1
NC_047725.1_221	131919	132099	+	4743	unknown function	moron, auxiliary metabolic gene and host takeover	9.7663	0.8195	NC_047725.1
NC_047725.1_222	132113	132377	+	4418	unknown function	moron, auxiliary metabolic gene and host takeover	4.9535	0.2256	NC_047725.1
NC_047725.1_223	132379	132697	+	4081	unknown function	moron, auxiliary metabolic gene and host takeover	5.1160	0.2215	NC_047725.1
NC_047725.1_224	132697	133378	+	4650	unknown function	DNA, RNA and nucleotide metabolism	1.9574	0.2177	NC_047725.1
NC_047725.1_225	133466	133625	+	4430	moron, auxiliary metabolic gene and host takeover	NA	NA	NA	NC_047725.1
NC_047725.1_226	133659	133860	+	3453	unknown function	moron, auxiliary metabolic gene and host takeover	5.2671	0.2181	NC_047725.1
NC_047725.1_227	133860	134151	+	4096	unknown function	moron, auxiliary metabolic gene and host takeover	8.6302	0.4222	NC_047725.1
NC_047725.1_228	134242	134551	+	1099	DNA, RNA and nucleotide metabolism	NA	NA	NA	NC_047725.1
NC_047725.1_229	134547	135456	+	619	other	NA	NA	NA	NC_047725.1
NC_047725.1_230	135473	136943	+	448	other	NA	NA	NA	NC_047725.1
NC_047725.1_231	137021	137267	+	4028	unknown function	moron, auxiliary metabolic gene and host takeover	2.8416	0.3067	NC_047725.1
NC_047725.1_232	137286	137679	+	3847	unknown function	DNA, RNA and nucleotide metabolism	1.5031	0.2053	NC_047725.1
NC_047725.1_233	137680	137902	+	4340	unknown function	moron, auxiliary metabolic gene and host takeover	4.4994	0.2894	NC_047725.1
NC_047725.1_234	137967	138279	+	6716	other	NA	NA	NA	NC_047725.1
NC_047725.1_235	138281	138791	+	4855	lysis	NA	NA	NA	NC_047725.1
NC_047725.1_236	138792	139122	+	4637	unknown function	DNA, RNA and nucleotide metabolism	1.5029	0.1556	NC_047725.1
NC_047725.1_237	139127	139322	+	4983	unknown function	DNA, RNA and nucleotide metabolism	1.0163	0.1764	NC_047725.1
NC_047725.1_238	139345	139660	+	5741	unknown function	lysis	1.0874	0.1884	NC_047725.1
NC_047725.1_239	139674	139842	+	5729	unknown function	moron, auxiliary metabolic gene and host takeover	3.0323	0.1927	NC_047725.1
NC_047725.1_240	139878	139980	+	7862	unknown function	moron, auxiliary metabolic gene and host takeover	8.8725	0.4717	NC_047725.1
NC_047725.1_241	139954	140062	-	No_PHROG	unknown function	moron, auxiliary metabolic gene and host takeover	5.3376	0.1996	NC_047725.1
NC_047725.1_242	140163	140259	-	No_PHROG	unknown function	moron, auxiliary metabolic gene and host takeover	1.1170	0.2087	NC_047725.1
NC_047725.1_243	140564	140864	+	654	unknown function	DNA, RNA and nucleotide metabolism	1.0447	0.1748	NC_047725.1
NC_047725.1_244	140879	141065	+	3204	unknown function	moron, auxiliary metabolic gene and host takeover	7.1881	0.3070	NC_047725.1
NC_047725.1_245	141171	141462	+	654	unknown function	moron, auxiliary metabolic gene and host takeover	3.8863	0.1927	NC_047725.1
NC_047725.1_246	141461	141749	+	654	unknown function	DNA, RNA and nucleotide metabolism	1.3112	0.2334	NC_047725.1
NC_047725.1_247	141748	142042	+	654	unknown function	DNA, RNA and nucleotide metabolism	1.3727	0.2072	NC_047725.1
NC_047725.1_248	142045	142303	+	1099	DNA, RNA and nucleotide metabolism	NA	NA	NA	NC_047725.1
NC_047725.1_249	142380	142620	+	1099	DNA, RNA and nucleotide metabolism	NA	NA	NA	NC_047725.1
NC_047725.1_250	142630	142978	+	3522	unknown function	integration and excision	1.1837	0.1973	NC_047725.1
NC_047725.1_251	143187	143526	-	3077	unknown function	DNA, RNA and nucleotide metabolism	1.3316	0.2200	NC_047725.1
NC_047725.1_252	143626	143791	-	No_PHROG	unknown function	DNA, RNA and nucleotide metabolism	1.2314	0.2310	NC_047725.1
NC_047725.1_253	143837	144146	+	2601	unknown function	DNA, RNA and nucleotide metabolism	1.9358	0.2083	NC_047725.1
NC_047725.1_254	144164	144299	-	No_PHROG	unknown function	lysis	1.2064	0.1900	NC_047725.1
NC_047725.1_255	144351	144639	+	3164	unknown function	DNA, RNA and nucleotide metabolism	1.4514	0.2061	NC_047725.1
NC_047725.1_256	144688	144880	+	3388	other	NA	NA	NA	NC_047725.1
NC_047725.1_257	144866	144962	+	No_PHROG	unknown function	moron, auxiliary metabolic gene and host takeover	4.6933	0.2639	NC_047725.1
NC_047725.1_258	144988	145129	+	No_PHROG	unknown function	DNA, RNA and nucleotide metabolism	1.4376	0.1785	NC_047725.1
NC_047725.1_259	145196	145685	-	59	DNA, RNA and nucleotide metabolism	NA	NA	NA	NC_047725.1
NC_047725.1_260	145843	146011	+	3325	other	NA	NA	NA	NC_047725.1
NC_047725.1_261	146080	146212	+	3837	unknown function	DNA, RNA and nucleotide metabolism	1.7433	0.1961	NC_047725.1
NC_047725.1_262	146379	146703	+	3276	unknown function	DNA, RNA and nucleotide metabolism	1.1694	0.2575	NC_047725.1
NC_047725.1_263	146802	147039	+	3480	unknown function	integration and excision	1.3148	0.2003	NC_047725.1
NC_047725.1_264	147118	147589	+	2543	unknown function	DNA, RNA and nucleotide metabolism	1.1784	0.2077	NC_047725.1
NC_047725.1_265	147647	147821	+	3789	unknown function	DNA, RNA and nucleotide metabolism	1.5708	0.1912	NC_047725.1
NC_047725.1_266	147820	148090	+	3549	unknown function	head and packaging	1.1253	0.1705	NC_047725.1
NC_047725.1_267	148174	148354	+	4863	DNA, RNA and nucleotide metabolism	NA	NA	NA	NC_047725.1
NC_047726.1_0	84	180	-	No_PHROG	unknown function	DNA, RNA and nucleotide metabolism	2.1283	0.1637	NC_047726.1
NC_047726.1_1	273	381	+	No_PHROG	unknown function	DNA, RNA and nucleotide metabolism	1.2912	0.1804	NC_047726.1
NC_047726.1_2	485	785	+	654	unknown function	DNA, RNA and nucleotide metabolism	3.4439	0.2221	NC_047726.1
NC_047726.1_3	800	986	+	3204	unknown function	moron, auxiliary metabolic gene and host takeover	8.2190	0.3606	NC_047726.1
NC_047726.1_4	1092	1383	+	654	unknown function	integration and excision	1.6968	0.2000	NC_047726.1
NC_047726.1_5	1382	1670	+	654	unknown function	DNA, RNA and nucleotide metabolism	2.2696	0.2105	NC_047726.1
NC_047726.1_6	1669	1963	+	654	unknown function	DNA, RNA and nucleotide metabolism	2.0070	0.2180	NC_047726.1
NC_047726.1_7	1966	2224	+	1099	DNA, RNA and nucleotide metabolism	NA	NA	NA	NC_047726.1
NC_047726.1_8	2301	2541	+	1099	DNA, RNA and nucleotide metabolism	NA	NA	NA	NC_047726.1
NC_047726.1_9	2551	2899	+	3522	unknown function	DNA, RNA and nucleotide metabolism	1.6645	0.1888	NC_047726.1
NC_047726.1_10	3109	3448	-	3077	unknown function	DNA, RNA and nucleotide metabolism	1.2158	0.2407	NC_047726.1
NC_047726.1_11	3426	3585	+	No_PHROG	unknown function	moron, auxiliary metabolic gene and host takeover	5.1318	0.2902	NC_047726.1
NC_047726.1_12	3598	3712	-	No_PHROG	unknown function	DNA, RNA and nucleotide metabolism	1.4088	0.1995	NC_047726.1
NC_047726.1_13	3758	4067	+	2601	unknown function	DNA, RNA and nucleotide metabolism	2.7813	0.1915	NC_047726.1
NC_047726.1_14	4085	4220	-	No_PHROG	unknown function	DNA, RNA and nucleotide metabolism	1.3005	0.1608	NC_047726.1
NC_047726.1_15	4271	4559	+	3164	unknown function	DNA, RNA and nucleotide metabolism	2.4931	0.1733	NC_047726.1
NC_047726.1_16	4607	4799	+	3388	other	NA	NA	NA	NC_047726.1
NC_047726.1_17	4906	5047	+	No_PHROG	unknown function	DNA, RNA and nucleotide metabolism	3.0851	0.1604	NC_047726.1
NC_047726.1_18	5114	5603	-	59	DNA, RNA and nucleotide metabolism	NA	NA	NA	NC_047726.1
NC_047726.1_19	5724	5868	-	No_PHROG	unknown function	DNA, RNA and nucleotide metabolism	1.3188	0.1956	NC_047726.1
NC_047726.1_20	5940	6036	-	No_PHROG	unknown function	moron, auxiliary metabolic gene and host takeover	5.9965	0.2879	NC_047726.1
NC_047726.1_21	6121	6274	-	No_PHROG	unknown function	moron, auxiliary metabolic gene and host takeover	4.9277	0.2440	NC_047726.1
NC_047726.1_22	6295	6619	+	3276	unknown function	DNA, RNA and nucleotide metabolism	1.1152	0.2440	NC_047726.1
NC_047726.1_23	6718	6955	+	3480	unknown function	DNA, RNA and nucleotide metabolism	1.6010	0.1825	NC_047726.1
NC_047726.1_24	7032	7503	+	2543	unknown function	moron, auxiliary metabolic gene and host takeover	7.2947	0.2783	NC_047726.1
NC_047726.1_25	7532	7658	+	7733	unknown function	DNA, RNA and nucleotide metabolism	1.6101	0.2121	NC_047726.1
NC_047726.1_26	7742	7922	+	4863	DNA, RNA and nucleotide metabolism	NA	NA	NA	NC_047726.1
NC_047726.1_27	8005	8107	+	22992	unknown function	moron, auxiliary metabolic gene and host takeover	5.8969	0.2278	NC_047726.1
NC_047726.1_28	8176	8272	-	No_PHROG	unknown function	moron, auxiliary metabolic gene and host takeover	6.0956	0.2420	NC_047726.1
NC_047726.1_29	8255	8492	-	2884	unknown function	moron, auxiliary metabolic gene and host takeover	8.1053	0.3471	NC_047726.1
NC_047726.1_30	8493	8979	-	7534	unknown function	DNA, RNA and nucleotide metabolism	1.2393	0.2390	NC_047726.1
NC_047726.1_31	8991	9399	-	5770	unknown function	moron, auxiliary metabolic gene and host takeover	9.0860	0.5245	NC_047726.1
NC_047726.1_32	9398	9830	-	4355	unknown function	moron, auxiliary metabolic gene and host takeover	8.8487	0.4664	NC_047726.1
NC_047726.1_33	9832	10024	-	4249	unknown function	moron, auxiliary metabolic gene and host takeover	9.6134	0.7224	NC_047726.1
NC_047726.1_34	10020	10506	-	3619	unknown function	moron, auxiliary metabolic gene and host takeover	9.5603	0.6956	NC_047726.1
NC_047726.1_35	10498	10930	-	2349	unknown function	DNA, RNA and nucleotide metabolism	1.8054	0.1774	NC_047726.1
NC_047726.1_36	10943	11486	-	4045	unknown function	DNA, RNA and nucleotide metabolism	5.4867	0.2383	NC_047726.1
NC_047726.1_37	11497	11986	-	1017	unknown function	DNA, RNA and nucleotide metabolism	9.6124	0.7311	NC_047726.1
NC_047726.1_38	11998	12397	-	3857	unknown function	DNA, RNA and nucleotide metabolism	4.2241	0.2004	NC_047726.1
NC_047726.1_39	12393	13101	-	246	other	NA	NA	NA	NC_047726.1
NC_047726.1_40	13199	13754	-	2981	unknown function	DNA, RNA and nucleotide metabolism	1.3761	0.1851	NC_047726.1
NC_047726.1_41	13769	14087	-	4178	tail	NA	NA	NA	NC_047726.1
NC_047726.1_42	14155	14269	+	No_PHROG	unknown function	lysis	1.3437	0.1642	NC_047726.1
NC_047726.1_43	14277	14454	+	No_PHROG	unknown function	DNA, RNA and nucleotide metabolism	1.2837	0.1646	NC_047726.1
NC_047726.1_44	14450	14579	-	No_PHROG	unknown function	DNA, RNA and nucleotide metabolism	1.2221	0.1568	NC_047726.1
NC_047726.1_45	14656	14857	-	27748	unknown function	DNA, RNA and nucleotide metabolism	1.0144	0.1904	NC_047726.1
NC_047726.1_46	14856	14958	-	No_PHROG	unknown function	DNA, RNA and nucleotide metabolism	1.9536	0.1552	NC_047726.1
NC_047726.1_47	15072	15621	-	2948	unknown function	moron, auxiliary metabolic gene and host takeover	7.6145	0.2954	NC_047726.1
NC_047726.1_48	15624	15843	-	3686	unknown function	moron, auxiliary metabolic gene and host takeover	7.5563	0.2904	NC_047726.1
NC_047726.1_49	15843	16038	-	3950	unknown function	DNA, RNA and nucleotide metabolism	1.4999	0.2123	NC_047726.1
NC_047726.1_50	16027	16765	-	3464	DNA, RNA and nucleotide metabolism	NA	NA	NA	NC_047726.1
NC_047726.1_51	16827	16932	-	5230	unknown function	moron, auxiliary metabolic gene and host takeover	7.9518	0.3287	NC_047726.1
NC_047726.1_52	16943	17183	-	3697	unknown function	DNA, RNA and nucleotide metabolism	1.0032	0.2164	NC_047726.1
NC_047726.1_53	17184	17574	-	28554	other	NA	NA	NA	NC_047726.1
NC_047726.1_54	17672	17846	-	3504	other	NA	NA	NA	NC_047726.1
NC_047726.1_55	17886	18369	-	3319	unknown function	DNA, RNA and nucleotide metabolism	1.3944	0.2014	NC_047726.1
NC_047726.1_56	18418	18961	-	3635	unknown function	DNA, RNA and nucleotide metabolism	1.2020	0.1820	NC_047726.1
NC_047726.1_57	18960	19494	-	3702	unknown function	moron, auxiliary metabolic gene and host takeover	2.5658	0.2214	NC_047726.1
NC_047726.1_58	19496	19661	-	152	transcription regulation	NA	NA	NA	NC_047726.1
NC_047726.1_59	19663	19939	-	3751	moron, auxiliary metabolic gene and host takeover	NA	NA	NA	NC_047726.1
NC_047726.1_60	19938	20784	-	1909	head and packaging	NA	NA	NA	NC_047726.1
NC_047726.1_61	20795	21914	-	249	moron, auxiliary metabolic gene and host takeover	NA	NA	NA	NC_047726.1
NC_047726.1_62	21937	22039	-	No_PHROG	unknown function	head and packaging	1.0358	0.1600	NC_047726.1
NC_047726.1_63	22066	22393	-	2861	unknown function	DNA, RNA and nucleotide metabolism	1.2712	0.1859	NC_047726.1
NC_047726.1_64	22385	22802	-	2708	other	NA	NA	NA	NC_047726.1
NC_047726.1_65	22934	23237	-	715	other	NA	NA	NA	NC_047726.1
NC_047726.1_66	23236	23425	-	3048	unknown function	DNA, RNA and nucleotide metabolism	1.1901	0.2145	NC_047726.1
NC_047726.1_67	23468	23630	-	2966	unknown function	DNA, RNA and nucleotide metabolism	1.0185	0.2079	NC_047726.1
NC_047726.1_68	23629	25678	-	3200	unknown function	DNA, RNA and nucleotide metabolism	2.3947	0.2020	NC_047726.1
NC_047726.1_69	25755	26019	-	2811	head and packaging	NA	NA	NA	NC_047726.1
NC_047726.1_70	26035	26209	-	1274	lysis	NA	NA	NA	NC_047726.1
NC_047726.1_71	26215	26794	-	2642	unknown function	lysis	2.4664	0.3768	NC_047726.1
NC_047726.1_72	26786	27413	-	1817	DNA, RNA and nucleotide metabolism	NA	NA	NA	NC_047726.1
NC_047726.1_73	27405	28302	-	548	DNA, RNA and nucleotide metabolism	NA	NA	NA	NC_047726.1
NC_047726.1_74	28301	28526	-	3093	unknown function	lysis	3.3228	0.2362	NC_047726.1
NC_047726.1_75	28594	29335	-	170	other	NA	NA	NA	NC_047726.1
NC_047726.1_76	29386	30001	-	2995	unknown function	DNA, RNA and nucleotide metabolism	2.2643	0.2245	NC_047726.1
NC_047726.1_77	30016	30442	-	531	DNA, RNA and nucleotide metabolism	NA	NA	NA	NC_047726.1
NC_047726.1_78	30431	30623	-	2706	unknown function	moron, auxiliary metabolic gene and host takeover	8.3432	0.3774	NC_047726.1
NC_047726.1_79	30645	31287	-	2896	unknown function	DNA, RNA and nucleotide metabolism	2.5523	0.2136	NC_047726.1
NC_047726.1_80	31276	31507	-	3	transcription regulation	NA	NA	NA	NC_047726.1
NC_047726.1_81	31509	31737	-	2770	unknown function	lysis	1.1099	0.2263	NC_047726.1
NC_047726.1_82	31846	32539	-	3310	other	NA	NA	NA	NC_047726.1
NC_047726.1_83	32725	33361	-	374	DNA, RNA and nucleotide metabolism	NA	NA	NA	NC_047726.1
NC_047726.1_84	33427	34219	-	200	other	NA	NA	NA	NC_047726.1
NC_047726.1_85	34218	34527	-	3667	unknown function	lysis	1.1109	0.2423	NC_047726.1
NC_047726.1_86	34638	35268	-	833	lysis	NA	NA	NA	NC_047726.1
NC_047726.1_87	35503	35593	-	No_PHROG	unknown function	DNA, RNA and nucleotide metabolism	1.2816	0.1677	NC_047726.1
NC_047726.1_88	35538	36039	-	59	DNA, RNA and nucleotide metabolism	NA	NA	NA	NC_047726.1
NC_047726.1_89	36131	36233	+	No_PHROG	unknown function	head and packaging	1.0105	0.1768	NC_047726.1
NC_047726.1_90	36198	37002	-	635	lysis	NA	NA	NA	NC_047726.1
NC_047726.1_91	37001	37505	-	962	lysis	NA	NA	NA	NC_047726.1
NC_047726.1_92	37589	37775	-	987	unknown function	DNA, RNA and nucleotide metabolism	3.1450	0.2011	NC_047726.1
NC_047726.1_93	37837	37966	+	No_PHROG	unknown function	moron, auxiliary metabolic gene and host takeover	7.3880	0.2769	NC_047726.1
NC_047726.1_94	38176	38281	+	No_PHROG	unknown function	moron, auxiliary metabolic gene and host takeover	8.9289	0.4861	NC_047726.1
NC_047726.1_95	38450	38573	-	No_PHROG	unknown function	moron, auxiliary metabolic gene and host takeover	8.9089	0.4809	NC_047726.1
NC_047726.1_96	38963	39071	+	No_PHROG	unknown function	moron, auxiliary metabolic gene and host takeover	9.3861	0.6224	NC_047726.1
NC_047726.1_97	39071	39242	+	No_PHROG	unknown function	moron, auxiliary metabolic gene and host takeover	9.3723	0.6190	NC_047726.1
NC_047726.1_98	39321	39540	-	1257	moron, auxiliary metabolic gene and host takeover	NA	NA	NA	NC_047726.1
NC_047726.1_99	40017	40227	-	17190	head and packaging	NA	NA	NA	NC_047726.1
NC_047726.1_100	40239	40572	-	937	other	NA	NA	NA	NC_047726.1
NC_047726.1_101	40584	40911	-	1481	unknown function	head and packaging	1.5328	0.3308	NC_047726.1
NC_047726.1_102	40943	41210	-	4526	unknown function	moron, auxiliary metabolic gene and host takeover	9.8688	0.9005	NC_047726.1
NC_047726.1_103	41304	41397	-	No_PHROG	unknown function	head and packaging	1.2283	0.3768	NC_047726.1
NC_047726.1_104	41470	41737	+	3395	moron, auxiliary metabolic gene and host takeover	NA	NA	NA	NC_047726.1
NC_047726.1_105	41714	41993	+	1321	unknown function	head and packaging	3.6306	0.2722	NC_047726.1
NC_047726.1_106	42073	42400	+	1063	head and packaging	NA	NA	NA	NC_047726.1
NC_047726.1_107	42504	42603	-	No_PHROG	unknown function	head and packaging	2.5359	0.3830	NC_047726.1
NC_047726.1_108	42904	43876	+	559	DNA, RNA and nucleotide metabolism	NA	NA	NA	NC_047726.1
NC_047726.1_109	44016	45564	+	675	head and packaging	NA	NA	NA	NC_047726.1
NC_047726.1_110	45556	46378	+	1917	head and packaging	NA	NA	NA	NC_047726.1
NC_047726.1_111	46448	46538	+	3863	unknown function	head and packaging	3.8795	0.2281	NC_047726.1
NC_047726.1_112	46534	47014	+	1116	moron, auxiliary metabolic gene and host takeover	NA	NA	NA	NC_047726.1
NC_047726.1_113	47106	48255	+	3094	unknown function	head and packaging	2.4755	0.2103	NC_047726.1
NC_047726.1_114	48396	48681	+	3937	unknown function	head and packaging	1.2956	0.2911	NC_047726.1
NC_047726.1_115	48758	49070	+	1108	head and packaging	NA	NA	NA	NC_047726.1
NC_047726.1_116	49073	50765	+	12	head and packaging	NA	NA	NA	NC_047726.1
NC_047726.1_117	50990	51731	+	1028	head and packaging	NA	NA	NA	NC_047726.1
NC_047726.1_118	51749	52706	+	1133	unknown function	head and packaging	9.3460	0.6062	NC_047726.1
NC_047726.1_119	52821	54213	+	752	head and packaging	NA	NA	NA	NC_047726.1
NC_047726.1_120	54304	54601	+	1205	unknown function	head and packaging	7.8876	0.3334	NC_047726.1
NC_047726.1_121	54613	55522	+	772	tail	NA	NA	NA	NC_047726.1
NC_047726.1_122	55535	56414	+	1004	head and packaging	NA	NA	NA	NC_047726.1
NC_047726.1_123	56413	57034	+	1127	connector	NA	NA	NA	NC_047726.1
NC_047726.1_124	57052	57889	+	1000	tail	NA	NA	NA	NC_047726.1
NC_047726.1_125	57890	58106	+	1151	unknown function	head and packaging	8.1600	0.3954	NC_047726.1
NC_047726.1_126	58132	59896	+	279	tail	NA	NA	NA	NC_047726.1
NC_047726.1_127	59968	60397	+	985	head and packaging	NA	NA	NA	NC_047726.1
NC_047726.1_128	60493	60634	+	2701	unknown function	head and packaging	6.9642	0.3107	NC_047726.1
NC_047726.1_129	60676	61135	+	1905	unknown function	head and packaging	4.2517	0.3172	NC_047726.1
NC_047726.1_130	61147	61342	+	4320	moron, auxiliary metabolic gene and host takeover	NA	NA	NA	NC_047726.1
NC_047726.1_131	61423	61735	+	2754	head and packaging	NA	NA	NA	NC_047726.1
NC_047726.1_132	61866	62325	+	1038	tail	NA	NA	NA	NC_047726.1
NC_047726.1_133	62368	62905	+	1316	DNA, RNA and nucleotide metabolism	NA	NA	NA	NC_047726.1
NC_047726.1_134	62956	67015	+	1047	tail	NA	NA	NA	NC_047726.1
NC_047726.1_135	67093	69520	+	1015	tail	NA	NA	NA	NC_047726.1
NC_047726.1_136	69533	70421	+	2677	tail	NA	NA	NA	NC_047726.1
NC_047726.1_137	70420	72967	+	2204	other	NA	NA	NA	NC_047726.1
NC_047726.1_138	73072	73864	+	1011	head and packaging	NA	NA	NA	NC_047726.1
NC_047726.1_139	73863	74388	+	1073	unknown function	head and packaging	5.4643	0.2669	NC_047726.1
NC_047726.1_140	74387	75092	+	975	tail	NA	NA	NA	NC_047726.1
NC_047726.1_141	75106	76153	+	6	tail	NA	NA	NA	NC_047726.1
NC_047726.1_142	76173	79233	+	2386	head and packaging	NA	NA	NA	NC_047726.1
NC_047726.1_143	79343	79865	+	1394	head and packaging	NA	NA	NA	NC_047726.1
NC_047726.1_144	79885	83344	+	25864	tail	NA	NA	NA	NC_047726.1
NC_047726.1_145	83392	83551	+	1074	unknown function	head and packaging	2.6432	0.2633	NC_047726.1
NC_047726.1_146	83551	85474	+	2665	head and packaging	NA	NA	NA	NC_047726.1
NC_047726.1_147	85496	85871	+	2671	tail	NA	NA	NA	NC_047726.1
NC_047726.1_148	85877	87254	+	2691	tail	NA	NA	NA	NC_047726.1
NC_047726.1_149	87344	89093	+	16	DNA, RNA and nucleotide metabolism	NA	NA	NA	NC_047726.1
NC_047726.1_150	89104	90718	+	1098	DNA, RNA and nucleotide metabolism	NA	NA	NA	NC_047726.1
NC_047726.1_151	90710	92153	+	19	DNA, RNA and nucleotide metabolism	NA	NA	NA	NC_047726.1
NC_047726.1_152	92231	93269	+	100	DNA, RNA and nucleotide metabolism	NA	NA	NA	NC_047726.1
NC_047726.1_153	93268	93646	+	2773	unknown function	moron, auxiliary metabolic gene and host takeover	8.7862	0.4531	NC_047726.1
NC_047726.1_154	93645	95565	+	77	DNA, RNA and nucleotide metabolism	NA	NA	NA	NC_047726.1
NC_047726.1_155	95564	96161	+	1070	moron, auxiliary metabolic gene and host takeover	NA	NA	NA	NC_047726.1
NC_047726.1_156	96175	97243	+	47	DNA, RNA and nucleotide metabolism	NA	NA	NA	NC_047726.1
NC_047726.1_157	97309	97648	+	1291	unknown function	moron, auxiliary metabolic gene and host takeover	8.3466	0.3771	NC_047726.1
NC_047726.1_158	97647	98100	+	1095	head and packaging	NA	NA	NA	NC_047726.1
NC_047726.1_159	98086	98695	+	244	DNA, RNA and nucleotide metabolism	NA	NA	NA	NC_047726.1
NC_047726.1_160	98711	99104	+	883	moron, auxiliary metabolic gene and host takeover	NA	NA	NA	NC_047726.1
NC_047726.1_161	99118	101233	+	84	DNA, RNA and nucleotide metabolism	NA	NA	NA	NC_047726.1
NC_047726.1_162	101246	102296	+	86	DNA, RNA and nucleotide metabolism	NA	NA	NA	NC_047726.1
NC_047726.1_163	102313	102643	+	2797	unknown function	moron, auxiliary metabolic gene and host takeover	7.4235	0.2806	NC_047726.1
NC_047726.1_164	102626	102947	+	22	DNA, RNA and nucleotide metabolism	NA	NA	NA	NC_047726.1
NC_047726.1_165	102975	103083	-	No_PHROG	unknown function	moron, auxiliary metabolic gene and host takeover	9.7492	0.8112	NC_047726.1
NC_047726.1_166	103153	103750	+	15477	other	NA	NA	NA	NC_047726.1
NC_047726.1_167	103759	104065	+	379	DNA, RNA and nucleotide metabolism	NA	NA	NA	NC_047726.1
NC_047726.1_168	104139	105012	+	4008	DNA, RNA and nucleotide metabolism	NA	NA	NA	NC_047726.1
NC_047726.1_169	105177	105690	+	2340	DNA, RNA and nucleotide metabolism	NA	NA	NA	NC_047726.1
NC_047726.1_170	105825	107169	+	17	DNA, RNA and nucleotide metabolism	NA	NA	NA	NC_047726.1
NC_047726.1_171	107234	107330	+	No_PHROG	unknown function	DNA, RNA and nucleotide metabolism	1.8665	0.2189	NC_047726.1
NC_047726.1_172	107436	108144	+	59	DNA, RNA and nucleotide metabolism	NA	NA	NA	NC_047726.1
NC_047726.1_173	108204	108309	-	No_PHROG	unknown function	DNA, RNA and nucleotide metabolism	1.9096	0.2097	NC_047726.1
NC_047726.1_174	108377	109238	+	2573	DNA, RNA and nucleotide metabolism	NA	NA	NA	NC_047726.1
NC_047726.1_175	109306	109549	+	3621	unknown function	head and packaging	1.1567	0.1776	NC_047726.1
NC_047726.1_176	109565	110048	+	1069	DNA, RNA and nucleotide metabolism	NA	NA	NA	NC_047726.1
NC_047726.1_177	110134	111406	+	2672	DNA, RNA and nucleotide metabolism	NA	NA	NA	NC_047726.1
NC_047726.1_178	111465	111690	+	8290	other	NA	NA	NA	NC_047726.1
NC_047726.1_179	112034	113003	+	4645	DNA, RNA and nucleotide metabolism	NA	NA	NA	NC_047726.1
NC_047726.1_180	113150	114098	+	97	other	NA	NA	NA	NC_047726.1
NC_047726.1_181	114101	114455	+	1089	unknown function	moron, auxiliary metabolic gene and host takeover	1.5472	0.2417	NC_047726.1
NC_047726.1_182	114441	115104	+	1025	transcription regulation	NA	NA	NA	NC_047726.1
NC_047726.1_183	115109	115208	+	No_PHROG	unknown function	moron, auxiliary metabolic gene and host takeover	4.9895	0.2416	NC_047726.1
NC_047726.1_184	115231	115864	+	1240	other	NA	NA	NA	NC_047726.1
NC_047726.1_185	115877	116108	+	1696	tail	NA	NA	NA	NC_047726.1
NC_047726.1_186	116202	116463	+	2673	unknown function	head and packaging	1.8802	0.1937	NC_047726.1
NC_047726.1_187	116466	117222	+	1850	other	NA	NA	NA	NC_047726.1
NC_047726.1_188	117214	118465	+	284	DNA, RNA and nucleotide metabolism	NA	NA	NA	NC_047726.1
NC_047726.1_189	118478	118847	+	2892	unknown function	moron, auxiliary metabolic gene and host takeover	8.3118	0.3747	NC_047726.1
NC_047726.1_190	118833	119145	+	3644	unknown function	head and packaging	1.0360	0.1963	NC_047726.1
NC_047726.1_191	119208	119745	+	1080	unknown function	head and packaging	2.0473	0.1913	NC_047726.1
NC_047726.1_192	119737	120505	+	984	DNA, RNA and nucleotide metabolism	NA	NA	NA	NC_047726.1
NC_047726.1_193	120482	120929	+	2356	unknown function	head and packaging	2.3372	0.1828	NC_047726.1
NC_047726.1_194	120928	121792	+	1113	head and packaging	NA	NA	NA	NC_047726.1
NC_047726.1_195	122163	122895	+	1007	unknown function	head and packaging	5.8384	0.2571	NC_047726.1
NC_047726.1_196	122912	123371	+	1104	head and packaging	NA	NA	NA	NC_047726.1
NC_047726.1_197	123435	123879	+	1303	DNA, RNA and nucleotide metabolism	NA	NA	NA	NC_047726.1
NC_047726.1_198	123895	124600	+	2726	unknown function	head and packaging	1.5655	0.1737	NC_047726.1
NC_047726.1_199	124661	125060	+	2863	moron, auxiliary metabolic gene and host takeover	NA	NA	NA	NC_047726.1
NC_047726.1_200	125206	125449	+	3157	unknown function	head and packaging	1.1646	0.1774	NC_047726.1
NC_047726.1_201	125453	125618	+	6754	unknown function	moron, auxiliary metabolic gene and host takeover	5.6296	0.2141	NC_047726.1
NC_047726.1_202	125604	125784	+	7869	unknown function	head and packaging	1.1605	0.1853	NC_047726.1
NC_047726.1_203	125819	125996	+	3664	DNA, RNA and nucleotide metabolism	NA	NA	NA	NC_047726.1
NC_047726.1_204	125985	126519	+	3854	moron, auxiliary metabolic gene and host takeover	NA	NA	NA	NC_047726.1
NC_047726.1_205	126533	126782	+	4009	unknown function	moron, auxiliary metabolic gene and host takeover	9.5639	0.6976	NC_047726.1
NC_047726.1_206	126793	126970	+	3524	unknown function	moron, auxiliary metabolic gene and host takeover	6.2686	0.2612	NC_047726.1
NC_047726.1_207	126962	127259	+	3128	unknown function	moron, auxiliary metabolic gene and host takeover	6.1497	0.2217	NC_047726.1
NC_047726.1_208	127306	127489	+	3640	moron, auxiliary metabolic gene and host takeover	NA	NA	NA	NC_047726.1
NC_047726.1_209	127501	127870	+	3669	unknown function	moron, auxiliary metabolic gene and host takeover	7.8335	0.3398	NC_047726.1
NC_047726.1_210	127882	128230	+	2988	unknown function	moron, auxiliary metabolic gene and host takeover	5.8443	0.2445	NC_047726.1
NC_047726.1_211	128229	128508	+	3804	unknown function	moron, auxiliary metabolic gene and host takeover	9.5034	0.6724	NC_047726.1
NC_047726.1_212	128577	128883	+	3143	unknown function	DNA, RNA and nucleotide metabolism	1.1399	0.2161	NC_047726.1
NC_047726.1_213	128897	129248	+	3752	DNA, RNA and nucleotide metabolism	NA	NA	NA	NC_047726.1
NC_047726.1_214	129247	129850	+	4208	DNA, RNA and nucleotide metabolism	NA	NA	NA	NC_047726.1
NC_047726.1_215	129863	130043	+	3701	unknown function	moron, auxiliary metabolic gene and host takeover	7.5241	0.2880	NC_047726.1
NC_047726.1_216	130171	130270	+	No_PHROG	unknown function	moron, auxiliary metabolic gene and host takeover	8.8573	0.4678	NC_047726.1
NC_047726.1_217	130269	130671	+	1486	moron, auxiliary metabolic gene and host takeover	NA	NA	NA	NC_047726.1
NC_047726.1_218	130672	130933	+	11913	unknown function	moron, auxiliary metabolic gene and host takeover	8.9008	0.4768	NC_047726.1
NC_047726.1_219	130984	131272	+	1486	moron, auxiliary metabolic gene and host takeover	NA	NA	NA	NC_047726.1
NC_047726.1_220	131282	131399	+	4580	transcription regulation	NA	NA	NA	NC_047726.1
NC_047726.1_221	131388	131652	+	4584	other	NA	NA	NA	NC_047726.1
NC_047726.1_222	131728	131908	+	4743	unknown function	moron, auxiliary metabolic gene and host takeover	9.7293	0.7976	NC_047726.1
NC_047726.1_223	131922	132186	+	4418	unknown function	moron, auxiliary metabolic gene and host takeover	4.7802	0.2189	NC_047726.1
NC_047726.1_224	132188	132506	+	4081	unknown function	moron, auxiliary metabolic gene and host takeover	5.1447	0.2201	NC_047726.1
NC_047726.1_225	132506	133187	+	4650	unknown function	DNA, RNA and nucleotide metabolism	2.0709	0.2192	NC_047726.1
NC_047726.1_226	133275	133434	+	4430	moron, auxiliary metabolic gene and host takeover	NA	NA	NA	NC_047726.1
NC_047726.1_227	133468	133669	+	3453	unknown function	moron, auxiliary metabolic gene and host takeover	5.4905	0.2150	NC_047726.1
NC_047726.1_228	133669	133960	+	4096	unknown function	moron, auxiliary metabolic gene and host takeover	8.3496	0.3775	NC_047726.1
NC_047726.1_229	134051	134360	+	1099	DNA, RNA and nucleotide metabolism	NA	NA	NA	NC_047726.1
NC_047726.1_230	134356	135265	+	619	other	NA	NA	NA	NC_047726.1
NC_047726.1_231	135282	136752	+	448	other	NA	NA	NA	NC_047726.1
NC_047726.1_232	136830	137076	+	4028	unknown function	moron, auxiliary metabolic gene and host takeover	3.3171	0.2855	NC_047726.1
NC_047726.1_233	137095	137488	+	3847	unknown function	DNA, RNA and nucleotide metabolism	1.5099	0.2009	NC_047726.1
NC_047726.1_234	137489	137711	+	4340	unknown function	moron, auxiliary metabolic gene and host takeover	4.9478	0.2637	NC_047726.1
NC_047726.1_235	137776	138088	+	6716	other	NA	NA	NA	NC_047726.1
NC_047726.1_236	138090	138600	+	4855	lysis	NA	NA	NA	NC_047726.1
NC_047726.1_237	138601	138931	+	4637	unknown function	DNA, RNA and nucleotide metabolism	1.5282	0.1542	NC_047726.1
NC_047726.1_238	138936	139131	+	4983	unknown function	DNA, RNA and nucleotide metabolism	1.0932	0.1789	NC_047726.1
NC_047726.1_239	139154	139469	+	5741	unknown function	moron, auxiliary metabolic gene and host takeover	1.8670	0.1962	NC_047726.1
NC_047726.1_240	139483	139651	+	5729	unknown function	moron, auxiliary metabolic gene and host takeover	2.8413	0.2027	NC_047726.1
NC_047726.1_241	139687	139789	+	7862	unknown function	moron, auxiliary metabolic gene and host takeover	8.4785	0.4427	NC_047726.1
NC_047726.1_242	139887	140187	+	24718	unknown function	other	9.7576	0.8074	NC_047726.1
NC_047726.1_243	140170	140293	+	24718	unknown function	moron, auxiliary metabolic gene and host takeover	5.5568	0.2586	NC_047726.1
NC_047726.1_244	140278	140374	-	No_PHROG	unknown function	moron, auxiliary metabolic gene and host takeover	1.0416	0.1802	NC_047726.1
NC_047726.1_245	140467	140575	+	No_PHROG	unknown function	moron, auxiliary metabolic gene and host takeover	5.4039	0.2055	NC_047726.1
NC_047726.1_246	140679	140979	+	654	unknown function	DNA, RNA and nucleotide metabolism	1.2160	0.2106	NC_047726.1
NC_047726.1_247	140994	141180	+	3204	unknown function	moron, auxiliary metabolic gene and host takeover	7.9491	0.3717	NC_047726.1
NC_047726.1_248	141286	141577	+	654	unknown function	integration and excision	1.1803	0.1834	NC_047726.1
NC_047726.1_249	141576	141864	+	654	unknown function	DNA, RNA and nucleotide metabolism	1.2127	0.1986	NC_047726.1
NC_047726.1_250	141863	142157	+	654	unknown function	DNA, RNA and nucleotide metabolism	1.3032	0.2143	NC_047726.1
NC_047726.1_251	142160	142418	+	1099	DNA, RNA and nucleotide metabolism	NA	NA	NA	NC_047726.1
NC_047726.1_252	142495	142735	+	1099	DNA, RNA and nucleotide metabolism	NA	NA	NA	NC_047726.1
NC_047726.1_253	142745	143093	+	3522	unknown function	DNA, RNA and nucleotide metabolism	1.8271	0.2062	NC_047726.1
NC_047726.1_254	143303	143642	-	3077	unknown function	DNA, RNA and nucleotide metabolism	1.1432	0.2363	NC_047726.1
NC_047726.1_255	143620	143779	+	No_PHROG	unknown function	moron, auxiliary metabolic gene and host takeover	6.8197	0.3608	NC_047726.1
NC_047726.1_256	143792	143906	-	No_PHROG	unknown function	moron, auxiliary metabolic gene and host takeover	5.8567	0.2714	NC_047726.1
NC_047726.1_257	143952	144261	+	2601	unknown function	DNA, RNA and nucleotide metabolism	2.2331	0.1997	NC_047726.1
NC_047726.1_258	144279	144414	-	No_PHROG	unknown function	lysis	2.9585	0.1897	NC_047726.1
NC_047726.1_259	144465	144753	+	3164	unknown function	DNA, RNA and nucleotide metabolism	1.8422	0.1807	NC_047726.1
NC_047726.1_260	144801	144993	+	3388	other	NA	NA	NA	NC_047726.1
NC_047726.1_261	145100	145241	+	No_PHROG	unknown function	DNA, RNA and nucleotide metabolism	1.8635	0.1782	NC_047726.1
NC_047726.1_262	145308	145797	-	59	DNA, RNA and nucleotide metabolism	NA	NA	NA	NC_047726.1
NC_047726.1_263	145918	146062	-	No_PHROG	unknown function	moron, auxiliary metabolic gene and host takeover	6.4880	0.2650	NC_047726.1
NC_047726.1_264	146134	146230	-	No_PHROG	unknown function	moron, auxiliary metabolic gene and host takeover	6.6101	0.3446	NC_047726.1
NC_047726.1_265	146315	146468	-	No_PHROG	unknown function	moron, auxiliary metabolic gene and host takeover	5.8474	0.3202	NC_047726.1
NC_047726.1_266	146489	146813	+	3276	unknown function	moron, auxiliary metabolic gene and host takeover	4.4896	0.2864	NC_047726.1
NC_047726.1_267	146912	147149	+	3480	unknown function	DNA, RNA and nucleotide metabolism	1.9378	0.1956	NC_047726.1
NC_047726.1_268	147226	147697	+	2543	unknown function	DNA, RNA and nucleotide metabolism	1.1901	0.2233	NC_047726.1
NC_047726.1_269	147726	147852	+	7733	unknown function	DNA, RNA and nucleotide metabolism	2.1538	0.1812	NC_047726.1
NC_047726.1_270	147936	148116	+	4863	DNA, RNA and nucleotide metabolism	NA	NA	NA	NC_047726.1
NC_047727.1_0	84	180	-	No_PHROG	unknown function	head and packaging	1.1115	0.1648	NC_047727.1
NC_047727.1_1	273	381	+	No_PHROG	unknown function	DNA, RNA and nucleotide metabolism	1.2974	0.1785	NC_047727.1
NC_047727.1_2	485	785	+	654	unknown function	DNA, RNA and nucleotide metabolism	3.6115	0.2092	NC_047727.1
NC_047727.1_3	800	986	+	3204	unknown function	moron, auxiliary metabolic gene and host takeover	8.1666	0.3540	NC_047727.1
NC_047727.1_4	1092	1383	+	654	unknown function	integration and excision	2.6095	0.1982	NC_047727.1
NC_047727.1_5	1382	1670	+	654	unknown function	DNA, RNA and nucleotide metabolism	2.2636	0.2065	NC_047727.1
NC_047727.1_6	1669	1963	+	654	unknown function	DNA, RNA and nucleotide metabolism	2.0253	0.2091	NC_047727.1
NC_047727.1_7	1966	2224	+	1099	DNA, RNA and nucleotide metabolism	NA	NA	NA	NC_047727.1
NC_047727.1_8	2301	2541	+	1099	DNA, RNA and nucleotide metabolism	NA	NA	NA	NC_047727.1
NC_047727.1_9	2551	2899	+	3522	unknown function	DNA, RNA and nucleotide metabolism	1.5939	0.1865	NC_047727.1
NC_047727.1_10	3106	3445	-	3077	unknown function	DNA, RNA and nucleotide metabolism	1.6037	0.2110	NC_047727.1
NC_047727.1_11	3556	3709	-	No_PHROG	unknown function	DNA, RNA and nucleotide metabolism	2.2969	0.2054	NC_047727.1
NC_047727.1_12	3755	4064	+	2601	unknown function	DNA, RNA and nucleotide metabolism	2.9207	0.2036	NC_047727.1
NC_047727.1_13	4082	4280	-	No_PHROG	unknown function	DNA, RNA and nucleotide metabolism	1.7192	0.2358	NC_047727.1
NC_047727.1_14	4269	4554	+	3164	unknown function	DNA, RNA and nucleotide metabolism	2.2703	0.1961	NC_047727.1
NC_047727.1_15	4628	4820	+	3388	other	NA	NA	NA	NC_047727.1
NC_047727.1_16	4806	4902	+	No_PHROG	unknown function	moron, auxiliary metabolic gene and host takeover	2.9447	0.1723	NC_047727.1
NC_047727.1_17	4928	5069	+	No_PHROG	unknown function	DNA, RNA and nucleotide metabolism	2.5379	0.1644	NC_047727.1
NC_047727.1_18	5135	5624	-	59	DNA, RNA and nucleotide metabolism	NA	NA	NA	NC_047727.1
NC_047727.1_19	5782	5950	+	3325	other	NA	NA	NA	NC_047727.1
NC_047727.1_20	6019	6151	+	3837	unknown function	DNA, RNA and nucleotide metabolism	2.3313	0.1799	NC_047727.1
NC_047727.1_21	6318	6642	+	3276	unknown function	DNA, RNA and nucleotide metabolism	1.2130	0.2358	NC_047727.1
NC_047727.1_22	6741	6978	+	3480	unknown function	DNA, RNA and nucleotide metabolism	2.1126	0.1819	NC_047727.1
NC_047727.1_23	7054	7525	+	2543	unknown function	DNA, RNA and nucleotide metabolism	1.0015	0.2192	NC_047727.1
NC_047727.1_24	7583	7757	+	3789	unknown function	DNA, RNA and nucleotide metabolism	1.4854	0.1965	NC_047727.1
NC_047727.1_25	7756	8026	+	3549	unknown function	DNA, RNA and nucleotide metabolism	2.4798	0.1848	NC_047727.1
NC_047727.1_26	8110	8290	+	4863	DNA, RNA and nucleotide metabolism	NA	NA	NA	NC_047727.1
NC_047727.1_27	8373	8475	+	22992	unknown function	moron, auxiliary metabolic gene and host takeover	5.9678	0.2706	NC_047727.1
NC_047727.1_28	8544	8640	-	No_PHROG	unknown function	moron, auxiliary metabolic gene and host takeover	6.4251	0.2826	NC_047727.1
NC_047727.1_29	8623	8860	-	2884	unknown function	moron, auxiliary metabolic gene and host takeover	7.6808	0.3306	NC_047727.1
NC_047727.1_30	8859	9138	-	98	unknown function	moron, auxiliary metabolic gene and host takeover	9.5472	0.6961	NC_047727.1
NC_047727.1_31	9195	9288	-	16296	unknown function	DNA, RNA and nucleotide metabolism	3.0508	0.2269	NC_047727.1
NC_047727.1_32	9290	9482	-	4249	unknown function	moron, auxiliary metabolic gene and host takeover	9.7825	0.8288	NC_047727.1
NC_047727.1_33	9478	9964	-	3619	unknown function	moron, auxiliary metabolic gene and host takeover	9.5456	0.6892	NC_047727.1
NC_047727.1_34	9956	10388	-	2349	unknown function	DNA, RNA and nucleotide metabolism	2.1003	0.1800	NC_047727.1
NC_047727.1_35	10401	10944	-	4045	unknown function	DNA, RNA and nucleotide metabolism	6.0439	0.2398	NC_047727.1
NC_047727.1_36	10955	11444	-	1017	unknown function	DNA, RNA and nucleotide metabolism	9.5918	0.7147	NC_047727.1
NC_047727.1_37	11456	11855	-	3857	unknown function	DNA, RNA and nucleotide metabolism	4.6170	0.2083	NC_047727.1
NC_047727.1_38	11851	12559	-	246	other	NA	NA	NA	NC_047727.1
NC_047727.1_39	12658	13213	-	2981	unknown function	DNA, RNA and nucleotide metabolism	1.5180	0.1897	NC_047727.1
NC_047727.1_40	13228	13546	-	4178	tail	NA	NA	NA	NC_047727.1
NC_047727.1_41	13614	13728	+	No_PHROG	unknown function	DNA, RNA and nucleotide metabolism	1.2987	0.1549	NC_047727.1
NC_047727.1_42	13736	13913	+	No_PHROG	unknown function	DNA, RNA and nucleotide metabolism	1.6290	0.1634	NC_047727.1
NC_047727.1_43	13909	14038	-	No_PHROG	unknown function	DNA, RNA and nucleotide metabolism	1.5585	0.1512	NC_047727.1
NC_047727.1_44	14115	14316	-	27748	unknown function	DNA, RNA and nucleotide metabolism	1.3244	0.1830	NC_047727.1
NC_047727.1_45	14315	14417	-	No_PHROG	unknown function	DNA, RNA and nucleotide metabolism	2.4602	0.1589	NC_047727.1
NC_047727.1_46	14531	15080	-	2948	unknown function	moron, auxiliary metabolic gene and host takeover	7.7969	0.3122	NC_047727.1
NC_047727.1_47	15083	15302	-	3686	unknown function	moron, auxiliary metabolic gene and host takeover	7.6678	0.3001	NC_047727.1
NC_047727.1_48	15302	15497	-	3950	unknown function	DNA, RNA and nucleotide metabolism	1.6754	0.2162	NC_047727.1
NC_047727.1_49	15486	16224	-	3464	DNA, RNA and nucleotide metabolism	NA	NA	NA	NC_047727.1
NC_047727.1_50	16286	16391	-	5230	unknown function	moron, auxiliary metabolic gene and host takeover	8.4069	0.3864	NC_047727.1
NC_047727.1_51	16402	16642	-	3697	unknown function	moron, auxiliary metabolic gene and host takeover	6.9787	0.2530	NC_047727.1
NC_047727.1_52	16643	17033	-	28554	other	NA	NA	NA	NC_047727.1
NC_047727.1_53	17131	17305	-	3504	other	NA	NA	NA	NC_047727.1
NC_047727.1_54	17345	17828	-	3319	unknown function	DNA, RNA and nucleotide metabolism	1.4601	0.2030	NC_047727.1
NC_047727.1_55	17877	18420	-	3635	unknown function	DNA, RNA and nucleotide metabolism	1.3194	0.1846	NC_047727.1
NC_047727.1_56	18419	18953	-	3702	unknown function	DNA, RNA and nucleotide metabolism	1.0325	0.2121	NC_047727.1
NC_047727.1_57	18955	19120	-	152	transcription regulation	NA	NA	NA	NC_047727.1
NC_047727.1_58	19122	19398	-	3751	moron, auxiliary metabolic gene and host takeover	NA	NA	NA	NC_047727.1
NC_047727.1_59	19397	20243	-	1909	head and packaging	NA	NA	NA	NC_047727.1
NC_047727.1_60	20254	21373	-	249	moron, auxiliary metabolic gene and host takeover	NA	NA	NA	NC_047727.1
NC_047727.1_61	21396	21498	-	No_PHROG	unknown function	head and packaging	1.1043	0.1601	NC_047727.1
NC_047727.1_62	21525	21852	-	2861	unknown function	DNA, RNA and nucleotide metabolism	1.3148	0.1828	NC_047727.1
NC_047727.1_63	21844	22261	-	2708	other	NA	NA	NA	NC_047727.1
NC_047727.1_64	22393	22696	-	715	other	NA	NA	NA	NC_047727.1
NC_047727.1_65	22695	22884	-	3048	unknown function	DNA, RNA and nucleotide metabolism	1.3050	0.2123	NC_047727.1
NC_047727.1_66	22927	23089	-	2966	unknown function	DNA, RNA and nucleotide metabolism	1.0707	0.2089	NC_047727.1
NC_047727.1_67	23088	25137	-	3200	unknown function	DNA, RNA and nucleotide metabolism	2.4549	0.1961	NC_047727.1
NC_047727.1_68	25214	25478	-	2811	head and packaging	NA	NA	NA	NC_047727.1
NC_047727.1_69	25494	25668	-	1274	lysis	NA	NA	NA	NC_047727.1
NC_047727.1_70	25674	26253	-	2642	unknown function	lysis	2.6371	0.3571	NC_047727.1
NC_047727.1_71	26245	26872	-	1817	DNA, RNA and nucleotide metabolism	NA	NA	NA	NC_047727.1
NC_047727.1_72	26864	27761	-	548	DNA, RNA and nucleotide metabolism	NA	NA	NA	NC_047727.1
NC_047727.1_73	27760	27985	-	3093	unknown function	lysis	3.2577	0.2328	NC_047727.1
NC_047727.1_74	28053	28794	-	170	other	NA	NA	NA	NC_047727.1
NC_047727.1_75	28845	29460	-	2995	unknown function	DNA, RNA and nucleotide metabolism	2.1177	0.2166	NC_047727.1
NC_047727.1_76	29475	29901	-	531	DNA, RNA and nucleotide metabolism	NA	NA	NA	NC_047727.1
NC_047727.1_77	29890	30082	-	2706	unknown function	moron, auxiliary metabolic gene and host takeover	7.8989	0.3498	NC_047727.1
NC_047727.1_78	30104	30746	-	2896	unknown function	DNA, RNA and nucleotide metabolism	2.7887	0.1977	NC_047727.1
NC_047727.1_79	30735	30966	-	3	transcription regulation	NA	NA	NA	NC_047727.1
NC_047727.1_80	30968	31196	-	2770	unknown function	lysis	1.1740	0.2263	NC_047727.1
NC_047727.1_81	31305	31998	-	3310	other	NA	NA	NA	NC_047727.1
NC_047727.1_82	32184	32820	-	374	DNA, RNA and nucleotide metabolism	NA	NA	NA	NC_047727.1
NC_047727.1_83	32886	33678	-	200	other	NA	NA	NA	NC_047727.1
NC_047727.1_84	33677	33986	-	3667	unknown function	lysis	1.2769	0.2402	NC_047727.1
NC_047727.1_85	34098	34728	-	833	lysis	NA	NA	NA	NC_047727.1
NC_047727.1_86	34963	35053	-	No_PHROG	unknown function	DNA, RNA and nucleotide metabolism	1.3142	0.1711	NC_047727.1
NC_047727.1_87	34998	35499	-	59	DNA, RNA and nucleotide metabolism	NA	NA	NA	NC_047727.1
NC_047727.1_88	35591	35693	+	No_PHROG	unknown function	lysis	3.2384	0.1790	NC_047727.1
NC_047727.1_89	35658	36462	-	635	lysis	NA	NA	NA	NC_047727.1
NC_047727.1_90	36461	36965	-	962	lysis	NA	NA	NA	NC_047727.1
NC_047727.1_91	37049	37235	-	987	unknown function	DNA, RNA and nucleotide metabolism	3.2096	0.1877	NC_047727.1
NC_047727.1_92	37297	37426	+	No_PHROG	unknown function	moron, auxiliary metabolic gene and host takeover	6.9940	0.2496	NC_047727.1
NC_047727.1_93	37636	37741	+	No_PHROG	unknown function	moron, auxiliary metabolic gene and host takeover	8.9366	0.4874	NC_047727.1
NC_047727.1_94	37910	38033	-	No_PHROG	unknown function	moron, auxiliary metabolic gene and host takeover	8.9681	0.4946	NC_047727.1
NC_047727.1_95	38423	38531	+	No_PHROG	unknown function	moron, auxiliary metabolic gene and host takeover	9.3681	0.6154	NC_047727.1
NC_047727.1_96	38531	38702	+	No_PHROG	unknown function	moron, auxiliary metabolic gene and host takeover	9.4516	0.6577	NC_047727.1
NC_047727.1_97	38781	39000	-	1257	moron, auxiliary metabolic gene and host takeover	NA	NA	NA	NC_047727.1
NC_047727.1_98	39113	39254	-	No_PHROG	unknown function	moron, auxiliary metabolic gene and host takeover	9.8631	0.8902	NC_047727.1
NC_047727.1_99	39477	39687	-	17190	head and packaging	NA	NA	NA	NC_047727.1
NC_047727.1_100	39699	40032	-	937	other	NA	NA	NA	NC_047727.1
NC_047727.1_101	40044	40371	-	1481	unknown function	head and packaging	2.3444	0.3403	NC_047727.1
NC_047727.1_102	40403	40670	-	4526	unknown function	moron, auxiliary metabolic gene and host takeover	9.8519	0.8871	NC_047727.1
NC_047727.1_103	40764	40857	-	No_PHROG	unknown function	head and packaging	1.7738	0.3719	NC_047727.1
NC_047727.1_104	40930	41197	+	3395	moron, auxiliary metabolic gene and host takeover	NA	NA	NA	NC_047727.1
NC_047727.1_105	41174	41453	+	1321	unknown function	head and packaging	6.0104	0.2781	NC_047727.1
NC_047727.1_106	41533	41860	+	1063	head and packaging	NA	NA	NA	NC_047727.1
NC_047727.1_107	41874	43692	+	675	head and packaging	NA	NA	NA	NC_047727.1
NC_047727.1_108	43684	44506	+	1917	head and packaging	NA	NA	NA	NC_047727.1
NC_047727.1_109	44576	44666	+	3863	unknown function	head and packaging	5.9231	0.2403	NC_047727.1
NC_047727.1_110	44662	45142	+	1116	moron, auxiliary metabolic gene and host takeover	NA	NA	NA	NC_047727.1
NC_047727.1_111	45234	46377	+	3094	unknown function	head and packaging	2.9154	0.2255	NC_047727.1
NC_047727.1_112	46461	46803	+	3937	unknown function	head and packaging	1.1771	0.2956	NC_047727.1
NC_047727.1_113	46880	47192	+	1108	head and packaging	NA	NA	NA	NC_047727.1
NC_047727.1_114	47195	48887	+	12	head and packaging	NA	NA	NA	NC_047727.1
NC_047727.1_115	49112	49853	+	1028	head and packaging	NA	NA	NA	NC_047727.1
NC_047727.1_116	49871	50822	+	1133	unknown function	head and packaging	9.1617	0.5467	NC_047727.1
NC_047727.1_117	50937	52329	+	752	head and packaging	NA	NA	NA	NC_047727.1
NC_047727.1_118	52420	52717	+	1205	unknown function	head and packaging	8.3055	0.3713	NC_047727.1
NC_047727.1_119	52729	53638	+	772	tail	NA	NA	NA	NC_047727.1
NC_047727.1_120	53651	54530	+	1004	head and packaging	NA	NA	NA	NC_047727.1
NC_047727.1_121	54529	55150	+	1127	connector	NA	NA	NA	NC_047727.1
NC_047727.1_122	55168	56005	+	1000	tail	NA	NA	NA	NC_047727.1
NC_047727.1_123	56006	56222	+	1151	unknown function	head and packaging	8.2399	0.4546	NC_047727.1
NC_047727.1_124	56248	58012	+	279	tail	NA	NA	NA	NC_047727.1
NC_047727.1_125	58084	58441	+	985	head and packaging	NA	NA	NA	NC_047727.1
NC_047727.1_126	58425	58530	-	No_PHROG	unknown function	head and packaging	7.7700	0.3409	NC_047727.1
NC_047727.1_127	59133	60576	+	7140	DNA, RNA and nucleotide metabolism	NA	NA	NA	NC_047727.1
NC_047727.1_128	60622	60763	+	2701	unknown function	head and packaging	4.3563	0.3270	NC_047727.1
NC_047727.1_129	60804	61263	+	1905	unknown function	head and packaging	2.4260	0.3120	NC_047727.1
NC_047727.1_130	61275	61470	+	4320	moron, auxiliary metabolic gene and host takeover	NA	NA	NA	NC_047727.1
NC_047727.1_131	61551	61863	+	2754	head and packaging	NA	NA	NA	NC_047727.1
NC_047727.1_132	61994	62453	+	1038	tail	NA	NA	NA	NC_047727.1
NC_047727.1_133	62496	63033	+	1316	DNA, RNA and nucleotide metabolism	NA	NA	NA	NC_047727.1
NC_047727.1_134	63085	67144	+	1047	tail	NA	NA	NA	NC_047727.1
NC_047727.1_135	67222	69649	+	1015	tail	NA	NA	NA	NC_047727.1
NC_047727.1_136	69662	70550	+	2677	tail	NA	NA	NA	NC_047727.1
NC_047727.1_137	70549	73096	+	2204	other	NA	NA	NA	NC_047727.1
NC_047727.1_138	73202	73994	+	1011	head and packaging	NA	NA	NA	NC_047727.1
NC_047727.1_139	73993	74518	+	1073	unknown function	connector	1.1064	0.2468	NC_047727.1
NC_047727.1_140	74517	75222	+	975	tail	NA	NA	NA	NC_047727.1
NC_047727.1_141	75236	76283	+	6	tail	NA	NA	NA	NC_047727.1
NC_047727.1_142	76303	79363	+	2386	head and packaging	NA	NA	NA	NC_047727.1
NC_047727.1_143	79473	79995	+	1394	head and packaging	NA	NA	NA	NC_047727.1
NC_047727.1_144	80015	83474	+	25864	tail	NA	NA	NA	NC_047727.1
NC_047727.1_145	83522	83681	+	1074	unknown function	head and packaging	2.5196	0.2568	NC_047727.1
NC_047727.1_146	83681	85604	+	2665	head and packaging	NA	NA	NA	NC_047727.1
NC_047727.1_147	85626	86001	+	2671	tail	NA	NA	NA	NC_047727.1
NC_047727.1_148	86007	87384	+	2691	tail	NA	NA	NA	NC_047727.1
NC_047727.1_149	87474	89223	+	16	DNA, RNA and nucleotide metabolism	NA	NA	NA	NC_047727.1
NC_047727.1_150	89234	90848	+	1098	DNA, RNA and nucleotide metabolism	NA	NA	NA	NC_047727.1
NC_047727.1_151	90840	92283	+	19	DNA, RNA and nucleotide metabolism	NA	NA	NA	NC_047727.1
NC_047727.1_152	92361	93399	+	100	DNA, RNA and nucleotide metabolism	NA	NA	NA	NC_047727.1
NC_047727.1_153	93398	93776	+	2773	unknown function	moron, auxiliary metabolic gene and host takeover	8.4011	0.3862	NC_047727.1
NC_047727.1_154	93775	95695	+	77	DNA, RNA and nucleotide metabolism	NA	NA	NA	NC_047727.1
NC_047727.1_155	95694	96291	+	1070	moron, auxiliary metabolic gene and host takeover	NA	NA	NA	NC_047727.1
NC_047727.1_156	96305	97373	+	47	DNA, RNA and nucleotide metabolism	NA	NA	NA	NC_047727.1
NC_047727.1_157	97438	97777	+	1291	unknown function	moron, auxiliary metabolic gene and host takeover	8.0170	0.3354	NC_047727.1
NC_047727.1_158	97776	98229	+	1095	head and packaging	NA	NA	NA	NC_047727.1
NC_047727.1_159	98215	98824	+	244	DNA, RNA and nucleotide metabolism	NA	NA	NA	NC_047727.1
NC_047727.1_160	98840	99233	+	883	moron, auxiliary metabolic gene and host takeover	NA	NA	NA	NC_047727.1
NC_047727.1_161	99247	101362	+	84	DNA, RNA and nucleotide metabolism	NA	NA	NA	NC_047727.1
NC_047727.1_162	101375	102425	+	86	DNA, RNA and nucleotide metabolism	NA	NA	NA	NC_047727.1
NC_047727.1_163	102442	102772	+	2797	unknown function	moron, auxiliary metabolic gene and host takeover	6.7112	0.2720	NC_047727.1
NC_047727.1_164	102755	103076	+	22	DNA, RNA and nucleotide metabolism	NA	NA	NA	NC_047727.1
NC_047727.1_165	103104	103212	-	No_PHROG	unknown function	moron, auxiliary metabolic gene and host takeover	9.7123	0.7855	NC_047727.1
NC_047727.1_166	103282	103879	+	15477	other	NA	NA	NA	NC_047727.1
NC_047727.1_167	103888	104194	+	379	DNA, RNA and nucleotide metabolism	NA	NA	NA	NC_047727.1
NC_047727.1_168	104269	105142	+	4008	DNA, RNA and nucleotide metabolism	NA	NA	NA	NC_047727.1
NC_047727.1_169	105307	105820	+	2340	DNA, RNA and nucleotide metabolism	NA	NA	NA	NC_047727.1
NC_047727.1_170	105955	107299	+	17	DNA, RNA and nucleotide metabolism	NA	NA	NA	NC_047727.1
NC_047727.1_171	107364	107460	+	No_PHROG	unknown function	DNA, RNA and nucleotide metabolism	1.7412	0.2301	NC_047727.1
NC_047727.1_172	107566	108274	+	59	DNA, RNA and nucleotide metabolism	NA	NA	NA	NC_047727.1
NC_047727.1_173	108334	108439	-	No_PHROG	unknown function	DNA, RNA and nucleotide metabolism	1.9976	0.2042	NC_047727.1
NC_047727.1_174	108507	109368	+	2573	DNA, RNA and nucleotide metabolism	NA	NA	NA	NC_047727.1
NC_047727.1_175	109436	109679	+	3621	unknown function	head and packaging	1.4762	0.1793	NC_047727.1
NC_047727.1_176	109695	110178	+	1069	DNA, RNA and nucleotide metabolism	NA	NA	NA	NC_047727.1
NC_047727.1_177	110264	111536	+	2672	DNA, RNA and nucleotide metabolism	NA	NA	NA	NC_047727.1
NC_047727.1_178	111595	112852	+	97	other	NA	NA	NA	NC_047727.1
NC_047727.1_179	112855	113209	+	1089	unknown function	DNA, RNA and nucleotide metabolism	1.1867	0.2196	NC_047727.1
NC_047727.1_180	113195	113858	+	1025	transcription regulation	NA	NA	NA	NC_047727.1
NC_047727.1_181	113863	113962	+	No_PHROG	unknown function	moron, auxiliary metabolic gene and host takeover	4.6877	0.2315	NC_047727.1
NC_047727.1_182	113985	114618	+	1240	other	NA	NA	NA	NC_047727.1
NC_047727.1_183	114631	115153	+	341	tail	NA	NA	NA	NC_047727.1
NC_047727.1_184	115167	115395	+	1696	tail	NA	NA	NA	NC_047727.1
NC_047727.1_185	115489	115750	+	2673	unknown function	head and packaging	3.1299	0.1907	NC_047727.1
NC_047727.1_186	115753	116509	+	1850	other	NA	NA	NA	NC_047727.1
NC_047727.1_187	116501	117752	+	284	DNA, RNA and nucleotide metabolism	NA	NA	NA	NC_047727.1
NC_047727.1_188	117765	118134	+	2892	unknown function	moron, auxiliary metabolic gene and host takeover	7.5925	0.3284	NC_047727.1
NC_047727.1_189	118120	118432	+	3644	unknown function	head and packaging	1.4562	0.2046	NC_047727.1
NC_047727.1_190	118495	119032	+	1080	unknown function	head and packaging	2.7716	0.2015	NC_047727.1
NC_047727.1_191	119024	119792	+	984	DNA, RNA and nucleotide metabolism	NA	NA	NA	NC_047727.1
NC_047727.1_192	119769	120216	+	2356	unknown function	head and packaging	3.2877	0.1839	NC_047727.1
NC_047727.1_193	120215	121079	+	1113	head and packaging	NA	NA	NA	NC_047727.1
NC_047727.1_194	121450	122182	+	1007	unknown function	head and packaging	6.1386	0.2788	NC_047727.1
NC_047727.1_195	122199	122658	+	1104	head and packaging	NA	NA	NA	NC_047727.1
NC_047727.1_196	122722	123166	+	1303	DNA, RNA and nucleotide metabolism	NA	NA	NA	NC_047727.1
NC_047727.1_197	123182	123887	+	2726	unknown function	head and packaging	1.7296	0.1704	NC_047727.1
NC_047727.1_198	123948	124347	+	2863	moron, auxiliary metabolic gene and host takeover	NA	NA	NA	NC_047727.1
NC_047727.1_199	124493	124736	+	3157	unknown function	head and packaging	1.4730	0.1758	NC_047727.1
NC_047727.1_200	124740	124905	+	6754	unknown function	moron, auxiliary metabolic gene and host takeover	5.5562	0.2002	NC_047727.1
NC_047727.1_201	124891	125071	+	7869	unknown function	head and packaging	1.2815	0.1849	NC_047727.1
NC_047727.1_202	125106	125283	+	3664	DNA, RNA and nucleotide metabolism	NA	NA	NA	NC_047727.1
NC_047727.1_203	125272	125806	+	3854	moron, auxiliary metabolic gene and host takeover	NA	NA	NA	NC_047727.1
NC_047727.1_204	125820	126069	+	4009	unknown function	moron, auxiliary metabolic gene and host takeover	9.4879	0.6625	NC_047727.1
NC_047727.1_205	126080	126257	+	3524	unknown function	moron, auxiliary metabolic gene and host takeover	7.0572	0.2791	NC_047727.1
NC_047727.1_206	126249	126546	+	3128	unknown function	moron, auxiliary metabolic gene and host takeover	6.2587	0.2222	NC_047727.1
NC_047727.1_207	126584	126776	+	3640	moron, auxiliary metabolic gene and host takeover	NA	NA	NA	NC_047727.1
NC_047727.1_208	126788	127157	+	3669	unknown function	moron, auxiliary metabolic gene and host takeover	7.6651	0.3315	NC_047727.1
NC_047727.1_209	127169	127517	+	2988	unknown function	moron, auxiliary metabolic gene and host takeover	5.8295	0.2393	NC_047727.1
NC_047727.1_210	127522	127795	+	3804	unknown function	moron, auxiliary metabolic gene and host takeover	9.5561	0.6966	NC_047727.1
NC_047727.1_211	127864	128170	+	3143	unknown function	DNA, RNA and nucleotide metabolism	1.1384	0.2169	NC_047727.1
NC_047727.1_212	128184	128535	+	3752	DNA, RNA and nucleotide metabolism	NA	NA	NA	NC_047727.1
NC_047727.1_213	128534	129137	+	4208	DNA, RNA and nucleotide metabolism	NA	NA	NA	NC_047727.1
NC_047727.1_214	129150	129330	+	3701	unknown function	moron, auxiliary metabolic gene and host takeover	7.2840	0.2695	NC_047727.1
NC_047727.1_215	129458	129557	+	No_PHROG	unknown function	moron, auxiliary metabolic gene and host takeover	8.8513	0.4662	NC_047727.1
NC_047727.1_216	129556	129958	+	1486	moron, auxiliary metabolic gene and host takeover	NA	NA	NA	NC_047727.1
NC_047727.1_217	129959	130253	+	5835	unknown function	moron, auxiliary metabolic gene and host takeover	8.8623	0.4814	NC_047727.1
NC_047727.1_218	130269	130557	+	1486	moron, auxiliary metabolic gene and host takeover	NA	NA	NA	NC_047727.1
NC_047727.1_219	130567	130684	+	4580	transcription regulation	NA	NA	NA	NC_047727.1
NC_047727.1_220	130673	130937	+	4584	other	NA	NA	NA	NC_047727.1
NC_047727.1_221	131013	131193	+	4743	unknown function	moron, auxiliary metabolic gene and host takeover	9.7547	0.8122	NC_047727.1
NC_047727.1_222	131207	131471	+	4418	unknown function	moron, auxiliary metabolic gene and host takeover	4.8696	0.2227	NC_047727.1
NC_047727.1_223	131473	131791	+	4081	unknown function	moron, auxiliary metabolic gene and host takeover	5.0366	0.2205	NC_047727.1
NC_047727.1_224	131791	132472	+	4650	unknown function	DNA, RNA and nucleotide metabolism	1.9750	0.2175	NC_047727.1
NC_047727.1_225	132560	132719	+	4430	moron, auxiliary metabolic gene and host takeover	NA	NA	NA	NC_047727.1
NC_047727.1_226	132753	132954	+	3453	unknown function	moron, auxiliary metabolic gene and host takeover	5.2611	0.2182	NC_047727.1
NC_047727.1_227	132954	133245	+	4096	unknown function	moron, auxiliary metabolic gene and host takeover	8.5508	0.4085	NC_047727.1
NC_047727.1_228	133336	133645	+	1099	DNA, RNA and nucleotide metabolism	NA	NA	NA	NC_047727.1
NC_047727.1_229	133641	134550	+	619	other	NA	NA	NA	NC_047727.1
NC_047727.1_230	134567	136037	+	448	other	NA	NA	NA	NC_047727.1
NC_047727.1_231	136115	136361	+	4028	unknown function	moron, auxiliary metabolic gene and host takeover	2.8512	0.3033	NC_047727.1
NC_047727.1_232	136380	136773	+	3847	unknown function	DNA, RNA and nucleotide metabolism	1.5187	0.2039	NC_047727.1
NC_047727.1_233	136774	136996	+	4340	unknown function	moron, auxiliary metabolic gene and host takeover	4.6962	0.2884	NC_047727.1
NC_047727.1_234	137061	137373	+	6716	other	NA	NA	NA	NC_047727.1
NC_047727.1_235	137375	137885	+	4855	lysis	NA	NA	NA	NC_047727.1
NC_047727.1_236	137886	138216	+	4637	unknown function	DNA, RNA and nucleotide metabolism	1.5333	0.1550	NC_047727.1
NC_047727.1_237	138221	138416	+	4983	unknown function	DNA, RNA and nucleotide metabolism	1.0077	0.1765	NC_047727.1
NC_047727.1_238	138439	138754	+	5741	unknown function	moron, auxiliary metabolic gene and host takeover	2.0260	0.1883	NC_047727.1
NC_047727.1_239	138768	138936	+	5729	unknown function	moron, auxiliary metabolic gene and host takeover	2.9886	0.1933	NC_047727.1
NC_047727.1_240	138972	139074	+	7862	unknown function	moron, auxiliary metabolic gene and host takeover	8.8437	0.4653	NC_047727.1
NC_047727.1_241	139048	139156	-	No_PHROG	unknown function	moron, auxiliary metabolic gene and host takeover	5.1988	0.1955	NC_047727.1
NC_047727.1_242	139257	139353	-	No_PHROG	unknown function	moron, auxiliary metabolic gene and host takeover	1.0556	0.1987	NC_047727.1
NC_047727.1_243	139446	139554	+	No_PHROG	unknown function	moron, auxiliary metabolic gene and host takeover	5.1999	0.1986	NC_047727.1
NC_047727.1_244	139658	139958	+	654	unknown function	DNA, RNA and nucleotide metabolism	1.0618	0.1853	NC_047727.1
NC_047727.1_245	139973	140159	+	3204	unknown function	moron, auxiliary metabolic gene and host takeover	7.2375	0.3214	NC_047727.1
NC_047727.1_246	140265	140556	+	654	unknown function	DNA, RNA and nucleotide metabolism	1.1057	0.1894	NC_047727.1
NC_047727.1_247	140555	140843	+	654	unknown function	DNA, RNA and nucleotide metabolism	1.3216	0.2188	NC_047727.1
NC_047727.1_248	140842	141136	+	654	unknown function	DNA, RNA and nucleotide metabolism	1.4506	0.2035	NC_047727.1
NC_047727.1_249	141139	141397	+	1099	DNA, RNA and nucleotide metabolism	NA	NA	NA	NC_047727.1
NC_047727.1_250	141474	141714	+	1099	DNA, RNA and nucleotide metabolism	NA	NA	NA	NC_047727.1
NC_047727.1_251	141724	142072	+	3522	unknown function	DNA, RNA and nucleotide metabolism	1.6085	0.1964	NC_047727.1
NC_047727.1_252	142279	142618	-	3077	unknown function	DNA, RNA and nucleotide metabolism	1.2321	0.2289	NC_047727.1
NC_047727.1_253	142729	142882	-	No_PHROG	unknown function	moron, auxiliary metabolic gene and host takeover	6.4691	0.2804	NC_047727.1
NC_047727.1_254	142928	143237	+	2601	unknown function	DNA, RNA and nucleotide metabolism	1.9796	0.2135	NC_047727.1
NC_047727.1_255	143255	143453	-	No_PHROG	unknown function	moron, auxiliary metabolic gene and host takeover	6.3608	0.3073	NC_047727.1
NC_047727.1_256	143442	143727	+	3164	unknown function	DNA, RNA and nucleotide metabolism	1.7856	0.2056	NC_047727.1
NC_047727.1_257	143801	143993	+	3388	other	NA	NA	NA	NC_047727.1
NC_047727.1_258	143979	144075	+	No_PHROG	unknown function	moron, auxiliary metabolic gene and host takeover	4.9595	0.2576	NC_047727.1
NC_047727.1_259	144101	144242	+	No_PHROG	unknown function	DNA, RNA and nucleotide metabolism	1.4115	0.1835	NC_047727.1
NC_047727.1_260	144308	144797	-	59	DNA, RNA and nucleotide metabolism	NA	NA	NA	NC_047727.1
NC_047727.1_261	144955	145123	+	3325	other	NA	NA	NA	NC_047727.1
NC_047727.1_262	145192	145324	+	3837	unknown function	DNA, RNA and nucleotide metabolism	1.4800	0.1994	NC_047727.1
NC_047727.1_263	145491	145815	+	3276	unknown function	DNA, RNA and nucleotide metabolism	1.1252	0.2731	NC_047727.1
NC_047727.1_264	145914	146151	+	3480	unknown function	DNA, RNA and nucleotide metabolism	1.9410	0.1992	NC_047727.1
NC_047727.1_265	146227	146698	+	2543	unknown function	DNA, RNA and nucleotide metabolism	1.1784	0.2106	NC_047727.1
NC_047727.1_266	146756	146930	+	3789	unknown function	DNA, RNA and nucleotide metabolism	1.5958	0.1953	NC_047727.1
NC_047727.1_267	146929	147199	+	3549	unknown function	head and packaging	1.0590	0.1746	NC_047727.1
NC_047727.1_268	147283	147463	+	4863	DNA, RNA and nucleotide metabolism	NA	NA	NA	NC_047727.1
